order_id,product_id,supplier_id,warehouse_id,quantity_ordered,unit_cost_gbp,total_cost_gbp,order_date,expected_delivery_date,actual_delivery_date,lead_time_days,transport_mode,weight_kg_total,is_urgent_order,order_status,supplier_name,country_of_origin,region,product_name,category_code,abc_class,unit_price_gbp,gross_margin_pct,origin_country,distance_km,emission_factor,weight_tonnes,carbon_kg_co2e,carbon_tonnes_co2e,carbon_per_unit_kg,reporting_period,scope_category,report_standard,defra_source,air_emission_factor,carbon_if_air_kg_co2e,carbon_saved_vs_air_kg
PO-000001,PRD-00001,SUP-006,WH-001,288,4.99,1437.12,2024-01-21,2024-02-02,2024-02-01,12,ROAD,705.31,False,DELIVERED,MedTrade SRL,Italy,EUROPEAN,Premium Kitchen Roll 6-Pack,HHE,B,5.9,16.1,Italy,1800.0,0.1,0.70531,126.9558,0.126956,0.440819,2024-02,4,UK SRS 2026,DEFRA GHG Conversion Factors 2025,0.602,764.2739,637.3181
PO-000002,PRD-00001,SUP-006,WH-002,342,5.03,1720.26,2024-03-09,2024-03-24,2024-03-25,15,ROAD,837.56,False,DELIVERED,MedTrade SRL,Italy,EUROPEAN,Premium Kitchen Roll 6-Pack,HHE,B,5.9,16.1,Italy,1800.0,0.1,0.83756,150.7608,0.150761,0.440821,2024-03,4,UK SRS 2026,DEFRA GHG Conversion Factors 2025,0.602,907.58,756.8192
PO-000003,PRD-00001,SUP-006,WH-002,360,5.11,1839.6,2024-04-23,2024-05-06,2024-05-08,13,ROAD,881.64,False,DELIVERED,MedTrade SRL,Italy,EUROPEAN,Premium Kitchen Roll 6-Pack,HHE,B,5.9,16.1,Italy,1800.0,0.1,0.88164,158.6952,0.158695,0.44082,2024-05,4,UK SRS 2026,DEFRA GHG Conversion Factors 2025,0.602,955.3451,796.6499
PO-000004,PRD-00001,SUP-006,WH-001,402,4.94,1985.88,2024-06-11,2024-06-23,2024-06-23,12,ROAD,984.5,False,DELIVERED,MedTrade SRL,Italy,EUROPEAN,Premium Kitchen Roll 6-Pack,HHE,B,5.9,16.1,Italy,1800.0,0.1,0.9845,177.21,0.17721,0.440821,2024-06,4,UK SRS 2026,DEFRA GHG Conversion Factors 2025,0.602,1066.8042,889.5942
PO-000005,PRD-00001,SUP-006,WH-003,420,4.94,2074.8,2024-07-30,2024-08-12,2024-08-14,13,ROAD,1028.58,False,DELIVERED,MedTrade SRL,Italy,EUROPEAN,Premium Kitchen Roll 6-Pack,HHE,B,5.9,16.1,Italy,1800.0,0.1,1.0285799999999998,185.1444,0.185144,0.44082,2024-08,4,UK SRS 2026,DEFRA GHG Conversion Factors 2025,0.602,1114.5693,929.4249
PO-000006,PRD-00001,SUP-006,WH-003,384,5.07,1946.88,2024-09-13,2024-09-23,2024-09-23,10,ROAD,940.42,False,DELIVERED,MedTrade SRL,Italy,EUROPEAN,Premium Kitchen Roll 6-Pack,HHE,B,5.9,16.1,Italy,1800.0,0.1,0.9404199999999999,169.2756,0.169276,0.440822,2024-09,4,UK SRS 2026,DEFRA GHG Conversion Factors 2025,0.602,1019.0391,849.7635
PO-000007,PRD-00001,SUP-006,WH-001,420,5.06,2125.2,2024-10-24,2024-11-06,2024-11-05,13,ROAD,1028.58,False,DELIVERED,MedTrade SRL,Italy,EUROPEAN,Premium Kitchen Roll 6-Pack,HHE,B,5.9,16.1,Italy,1800.0,0.1,1.0285799999999998,185.1444,0.185144,0.44082,2024-11,4,UK SRS 2026,DEFRA GHG Conversion Factors 2025,0.602,1114.5693,929.4249
PO-000008,PRD-00001,SUP-006,WH-003,570,4.84,2758.8,2024-12-13,2024-12-28,2024-12-27,15,ROAD,1395.93,False,DELIVERED,MedTrade SRL,Italy,EUROPEAN,Premium Kitchen Roll 6-Pack,HHE,B,5.9,16.1,Italy,1800.0,0.1,1.3959300000000001,251.2674,0.251267,0.44082,2024-12,4,UK SRS 2026,DEFRA GHG Conversion Factors 2025,0.602,1512.6297,1261.3623
PO-000009,PRD-00001,SUP-006,WH-002,288,4.91,1414.08,2025-01-30,2025-02-13,2025-02-12,14,ROAD,705.31,False,DELIVERED,MedTrade SRL,Italy,EUROPEAN,Premium Kitchen Roll 6-Pack,HHE,B,5.9,16.1,Italy,1800.0,0.1,0.70531,126.9558,0.126956,0.440819,2025-02,4,UK SRS 2026,DEFRA GHG Conversion Factors 2025,0.602,764.2739,637.3181
PO-000010,PRD-00001,SUP-006,WH-001,342,5.02,1716.84,2025-03-21,2025-04-03,2025-04-02,13,ROAD,837.56,False,DELIVERED,MedTrade SRL,Italy,EUROPEAN,Premium Kitchen Roll 6-Pack,HHE,B,5.9,16.1,Italy,1800.0,0.1,0.83756,150.7608,0.150761,0.440821,2025-04,4,UK SRS 2026,DEFRA GHG Conversion Factors 2025,0.602,907.58,756.8192
PO-000011,PRD-00001,SUP-006,WH-001,384,4.87,1870.08,2025-05-10,2025-05-21,2025-05-24,11,ROAD,940.42,False,DELIVERED,MedTrade SRL,Italy,EUROPEAN,Premium Kitchen Roll 6-Pack,HHE,B,5.9,16.1,Italy,1800.0,0.1,0.9404199999999999,169.2756,0.169276,0.440822,2025-05,4,UK SRS 2026,DEFRA GHG Conversion Factors 2025,0.602,1019.0391,849.7635
PO-000012,PRD-00001,SUP-006,WH-002,402,4.93,1981.86,2025-06-21,2025-07-04,2025-07-04,13,ROAD,984.5,False,DELIVERED,MedTrade SRL,Italy,EUROPEAN,Premium Kitchen Roll 6-Pack,HHE,B,5.9,16.1,Italy,1800.0,0.1,0.9845,177.21,0.17721,0.440821,2025-07,4,UK SRS 2026,DEFRA GHG Conversion Factors 2025,0.602,1066.8042,889.5942
PO-000013,PRD-00001,SUP-006,WH-001,402,5.0,2010.0,2025-08-04,2025-08-16,2025-08-18,12,ROAD,984.5,False,DELIVERED,MedTrade SRL,Italy,EUROPEAN,Premium Kitchen Roll 6-Pack,HHE,B,5.9,16.1,Italy,1800.0,0.1,0.9845,177.21,0.17721,0.440821,2025-08,4,UK SRS 2026,DEFRA GHG Conversion Factors 2025,0.602,1066.8042,889.5942
PO-000014,PRD-00001,SUP-006,WH-001,384,5.01,1923.84,2025-09-19,2025-10-01,2025-10-02,12,ROAD,940.42,False,DELIVERED,MedTrade SRL,Italy,EUROPEAN,Premium Kitchen Roll 6-Pack,HHE,B,5.9,16.1,Italy,1800.0,0.1,0.9404199999999999,169.2756,0.169276,0.440822,2025-10,4,UK SRS 2026,DEFRA GHG Conversion Factors 2025,0.602,1019.0391,849.7635
PO-000015,PRD-00001,SUP-006,WH-002,516,4.9,2528.4,2025-11-02,2025-11-16,2025-11-18,14,ROAD,1263.68,False,DELIVERED,MedTrade SRL,Italy,EUROPEAN,Premium Kitchen Roll 6-Pack,HHE,B,5.9,16.1,Italy,1800.0,0.1,1.2636800000000001,227.4624,0.227462,0.440819,2025-11,4,UK SRS 2026,DEFRA GHG Conversion Factors 2025,0.602,1369.3236,1141.8612
PO-000017,PRD-00002,SUP-006,WH-002,240,3.25,780.0,2024-01-04,2024-01-17,2024-01-20,13,ROAD,593.52,False,DELIVERED,MedTrade SRL,Italy,EUROPEAN,Aluminium Foil 30m Roll,HHE,C,3.88,16.8,Italy,1800.0,0.1,0.5935199999999999,106.8336,0.106834,0.44514,2024-01,4,UK SRS 2026,DEFRA GHG Conversion Factors 2025,0.602,643.1383,536.3047
PO-000018,PRD-00002,SUP-006,WH-001,240,3.34,801.6,2024-02-29,2024-03-16,2024-03-16,16,ROAD,593.52,False,DELIVERED,MedTrade SRL,Italy,EUROPEAN,Aluminium Foil 30m Roll,HHE,C,3.88,16.8,Italy,1800.0,0.1,0.5935199999999999,106.8336,0.106834,0.44514,2024-03,4,UK SRS 2026,DEFRA GHG Conversion Factors 2025,0.602,643.1383,536.3047
PO-000019,PRD-00002,SUP-006,WH-002,288,3.24,933.12,2024-04-25,2024-05-05,2024-05-06,10,ROAD,712.22,False,DELIVERED,MedTrade SRL,Italy,EUROPEAN,Aluminium Foil 30m Roll,HHE,C,3.88,16.8,Italy,1800.0,0.1,0.7122200000000001,128.1996,0.1282,0.445138,2024-05,4,UK SRS 2026,DEFRA GHG Conversion Factors 2025,0.602,771.7616,643.562
PO-000020,PRD-00002,SUP-006,WH-001,336,3.17,1065.12,2024-06-27,2024-07-09,2024-07-09,12,ROAD,830.93,False,DELIVERED,MedTrade SRL,Italy,EUROPEAN,Aluminium Foil 30m Roll,HHE,C,3.88,16.8,Italy,1800.0,0.1,0.83093,149.5674,0.149567,0.445141,2024-07,4,UK SRS 2026,DEFRA GHG Conversion Factors 2025,0.602,900.3957,750.8283
PO-000021,PRD-00002,SUP-006,WH-003,336,3.1,1041.6,2024-08-26,2024-09-05,2024-09-06,10,ROAD,830.93,False,DELIVERED,MedTrade SRL,Italy,EUROPEAN,Aluminium Foil 30m Roll,HHE,C,3.88,16.8,Italy,1800.0,0.1,0.83093,149.5674,0.149567,0.445141,2024-09,4,UK SRS 2026,DEFRA GHG Conversion Factors 2025,0.602,900.3957,750.8283
PO-000022,PRD-00002,SUP-006,WH-001,336,3.21,1078.56,2024-10-30,2024-11-11,2024-11-14,12,ROAD,830.93,False,DELIVERED,MedTrade SRL,Italy,EUROPEAN,Aluminium Foil 30m Roll,HHE,C,3.88,16.8,Italy,1800.0,0.1,0.83093,149.5674,0.149567,0.445141,2024-11,4,UK SRS 2026,DEFRA GHG Conversion Factors 2025,0.602,900.3957,750.8283
PO-000023,PRD-00002,SUP-006,WH-003,456,3.22,1468.32,2024-12-25,2025-01-07,2025-01-08,13,ROAD,1127.69,False,DELIVERED,MedTrade SRL,Italy,EUROPEAN,Aluminium Foil 30m Roll,HHE,C,3.88,16.8,Italy,1800.0,0.1,1.12769,202.9842,0.202984,0.445141,2025-01,4,UK SRS 2026,DEFRA GHG Conversion Factors 2025,0.602,1221.9649,1018.9807
PO-000024,PRD-00002,SUP-006,WH-002,240,3.31,794.4,2025-02-27,2025-03-13,2025-03-16,14,ROAD,593.52,False,DELIVERED,MedTrade SRL,Italy,EUROPEAN,Aluminium Foil 30m Roll,HHE,C,3.88,16.8,Italy,1800.0,0.1,0.5935199999999999,106.8336,0.106834,0.44514,2025-03,4,UK SRS 2026,DEFRA GHG Conversion Factors 2025,0.602,643.1383,536.3047
PO-000025,PRD-00002,SUP-006,WH-001,312,3.2,998.4,2025-05-02,2025-05-13,2025-05-16,11,ROAD,771.58,False,DELIVERED,MedTrade SRL,Italy,EUROPEAN,Aluminium Foil 30m Roll,HHE,C,3.88,16.8,Italy,1800.0,0.1,0.77158,138.8844,0.138884,0.445142,2025-05,4,UK SRS 2026,DEFRA GHG Conversion Factors 2025,0.602,836.0841,697.1997
PO-000026,PRD-00002,SUP-006,WH-002,336,3.18,1068.48,2025-06-27,2025-07-12,2025-07-11,15,ROAD,830.93,False,DELIVERED,MedTrade SRL,Italy,EUROPEAN,Aluminium Foil 30m Roll,HHE,C,3.88,16.8,Italy,1800.0,0.1,0.83093,149.5674,0.149567,0.445141,2025-07,4,UK SRS 2026,DEFRA GHG Conversion Factors 2025,0.602,900.3957,750.8283
PO-000027,PRD-00002,SUP-006,WH-002,336,3.36,1128.96,2025-08-23,2025-09-08,2025-09-07,16,ROAD,830.93,False,DELIVERED,MedTrade SRL,Italy,EUROPEAN,Aluminium Foil 30m Roll,HHE,C,3.88,16.8,Italy,1800.0,0.1,0.83093,149.5674,0.149567,0.445141,2025-09,4,UK SRS 2026,DEFRA GHG Conversion Factors 2025,0.602,900.3957,750.8283
PO-000028,PRD-00002,SUP-006,WH-003,336,3.24,1088.64,2025-10-19,2025-10-31,2025-10-30,12,ROAD,830.93,False,DELIVERED,MedTrade SRL,Italy,EUROPEAN,Aluminium Foil 30m Roll,HHE,C,3.88,16.8,Italy,1800.0,0.1,0.83093,149.5674,0.149567,0.445141,2025-10,4,UK SRS 2026,DEFRA GHG Conversion Factors 2025,0.602,900.3957,750.8283
PO-000029,PRD-00002,SUP-006,WH-002,456,3.15,1436.4,2025-12-18,2025-12-31,2025-12-30,13,ROAD,1127.69,False,DELIVERED,MedTrade SRL,Italy,EUROPEAN,Aluminium Foil 30m Roll,HHE,C,3.88,16.8,Italy,1800.0,0.1,1.12769,202.9842,0.202984,0.445141,2025-12,4,UK SRS 2026,DEFRA GHG Conversion Factors 2025,0.602,1221.9649,1018.9807
PO-000030,PRD-00003,SUP-006,WH-001,300,4.21,1263.0,2024-01-06,2024-01-23,2024-01-22,17,ROAD,458.4,False,DELIVERED,MedTrade SRL,Italy,EUROPEAN,Cling Film 100m,HHE,B,5.57,21.1,Italy,1800.0,0.1,0.4584,82.512,0.082512,0.27504,2024-01,4,UK SRS 2026,DEFRA GHG Conversion Factors 2025,0.602,496.7222,414.2102
PO-000031,PRD-00003,SUP-006,WH-002,300,4.36,1308.0,2024-02-21,2024-03-04,2024-03-05,12,ROAD,458.4,False,DELIVERED,MedTrade SRL,Italy,EUROPEAN,Cling Film 100m,HHE,B,5.57,21.1,Italy,1800.0,0.1,0.4584,82.512,0.082512,0.27504,2024-03,4,UK SRS 2026,DEFRA GHG Conversion Factors 2025,0.602,496.7222,414.2102
PO-000032,PRD-00003,SUP-006,WH-001,400,4.53,1812.0,2024-04-01,2024-04-23,2024-04-23,22,ROAD,611.2,False,DELIVERED,MedTrade SRL,Italy,EUROPEAN,Cling Film 100m,HHE,B,5.57,21.1,Italy,1800.0,0.1,0.6112000000000001,110.016,0.110016,0.27504,2024-04,4,UK SRS 2026,DEFRA GHG Conversion Factors 2025,0.602,662.2963,552.2803
PO-000033,PRD-00003,SUP-006,WH-003,400,4.34,1736.0,2024-05-15,2024-05-29,2024-06-01,14,ROAD,611.2,False,DELIVERED,MedTrade SRL,Italy,EUROPEAN,Cling Film 100m,HHE,B,5.57,21.1,Italy,1800.0,0.1,0.6112000000000001,110.016,0.110016,0.27504,2024-06,4,UK SRS 2026,DEFRA GHG Conversion Factors 2025,0.602,662.2963,552.2803
PO-000034,PRD-00003,SUP-006,WH-003,400,4.52,1808.0,2024-06-29,2024-07-16,2024-07-18,17,ROAD,611.2,False,DELIVERED,MedTrade SRL,Italy,EUROPEAN,Cling Film 100m,HHE,B,5.57,21.1,Italy,1800.0,0.1,0.6112000000000001,110.016,0.110016,0.27504,2024-07,4,UK SRS 2026,DEFRA GHG Conversion Factors 2025,0.602,662.2963,552.2803
PO-000035,PRD-00003,SUP-006,WH-001,400,4.28,1712.0,2024-08-18,2024-08-28,2024-08-31,10,ROAD,611.2,False,DELIVERED,MedTrade SRL,Italy,EUROPEAN,Cling Film 100m,HHE,B,5.57,21.1,Italy,1800.0,0.1,0.6112000000000001,110.016,0.110016,0.27504,2024-08,4,UK SRS 2026,DEFRA GHG Conversion Factors 2025,0.602,662.2963,552.2803
PO-000036,PRD-00003,SUP-006,WH-003,400,4.3,1720.0,2024-10-03,2024-10-17,2024-10-17,14,ROAD,611.2,False,DELIVERED,MedTrade SRL,Italy,EUROPEAN,Cling Film 100m,HHE,B,5.57,21.1,Italy,1800.0,0.1,0.6112000000000001,110.016,0.110016,0.27504,2024-10,4,UK SRS 2026,DEFRA GHG Conversion Factors 2025,0.602,662.2963,552.2803
PO-000037,PRD-00003,SUP-006,WH-003,500,4.43,2215.0,2024-11-19,2024-12-03,2024-12-02,14,ROAD,764.0,False,DELIVERED,MedTrade SRL,Italy,EUROPEAN,Cling Film 100m,HHE,B,5.57,21.1,Italy,1800.0,0.1,0.764,137.52,0.13752,0.27504,2024-12,4,UK SRS 2026,DEFRA GHG Conversion Factors 2025,0.602,827.8704,690.3504
PO-000038,PRD-00003,SUP-006,WH-002,300,4.23,1269.0,2025-01-03,2025-01-14,2025-01-15,11,ROAD,458.4,False,DELIVERED,MedTrade SRL,Italy,EUROPEAN,Cling Film 100m,HHE,B,5.57,21.1,Italy,1800.0,0.1,0.4584,82.512,0.082512,0.27504,2025-01,4,UK SRS 2026,DEFRA GHG Conversion Factors 2025,0.602,496.7222,414.2102
PO-000039,PRD-00003,SUP-006,WH-001,300,4.5,1350.0,2025-02-16,2025-02-28,2025-03-01,12,ROAD,458.4,False,DELIVERED,MedTrade SRL,Italy,EUROPEAN,Cling Film 100m,HHE,B,5.57,21.1,Italy,1800.0,0.1,0.4584,82.512,0.082512,0.27504,2025-03,4,UK SRS 2026,DEFRA GHG Conversion Factors 2025,0.602,496.7222,414.2102
PO-000040,PRD-00003,SUP-006,WH-003,400,4.5,1800.0,2025-04-03,2025-04-16,2025-04-17,13,ROAD,611.2,False,DELIVERED,MedTrade SRL,Italy,EUROPEAN,Cling Film 100m,HHE,B,5.57,21.1,Italy,1800.0,0.1,0.6112000000000001,110.016,0.110016,0.27504,2025-04,4,UK SRS 2026,DEFRA GHG Conversion Factors 2025,0.602,662.2963,552.2803
PO-000041,PRD-00003,SUP-006,WH-002,400,4.46,1784.0,2025-05-18,2025-05-30,2025-05-29,12,ROAD,611.2,False,DELIVERED,MedTrade SRL,Italy,EUROPEAN,Cling Film 100m,HHE,B,5.57,21.1,Italy,1800.0,0.1,0.6112000000000001,110.016,0.110016,0.27504,2025-05,4,UK SRS 2026,DEFRA GHG Conversion Factors 2025,0.602,662.2963,552.2803
PO-000042,PRD-00003,SUP-006,WH-003,400,4.36,1744.0,2025-07-03,2025-07-15,2025-07-14,12,ROAD,611.2,False,DELIVERED,MedTrade SRL,Italy,EUROPEAN,Cling Film 100m,HHE,B,5.57,21.1,Italy,1800.0,0.1,0.6112000000000001,110.016,0.110016,0.27504,2025-07,4,UK SRS 2026,DEFRA GHG Conversion Factors 2025,0.602,662.2963,552.2803
PO-000043,PRD-00003,SUP-006,WH-003,400,4.45,1780.0,2025-08-17,2025-08-27,2025-08-26,10,ROAD,611.2,False,DELIVERED,MedTrade SRL,Italy,EUROPEAN,Cling Film 100m,HHE,B,5.57,21.1,Italy,1800.0,0.1,0.6112000000000001,110.016,0.110016,0.27504,2025-08,4,UK SRS 2026,DEFRA GHG Conversion Factors 2025,0.602,662.2963,552.2803
PO-000044,PRD-00003,SUP-006,WH-001,400,4.37,1748.0,2025-09-27,2025-10-13,2025-10-12,16,ROAD,611.2,False,DELIVERED,MedTrade SRL,Italy,EUROPEAN,Cling Film 100m,HHE,B,5.57,21.1,Italy,1800.0,0.1,0.6112000000000001,110.016,0.110016,0.27504,2025-10,4,UK SRS 2026,DEFRA GHG Conversion Factors 2025,0.602,662.2963,552.2803
PO-000045,PRD-00003,SUP-006,WH-003,500,4.55,2275.0,2025-11-06,2025-11-16,2025-11-17,10,ROAD,764.0,False,DELIVERED,MedTrade SRL,Italy,EUROPEAN,Cling Film 100m,HHE,B,5.57,21.1,Italy,1800.0,0.1,0.764,137.52,0.13752,0.27504,2025-11,4,UK SRS 2026,DEFRA GHG Conversion Factors 2025,0.602,827.8704,690.3504
PO-000047,PRD-00004,SUP-006,WH-002,100,12.46,1246.0,2024-01-19,2024-01-29,2024-01-31,10,ROAD,117.4,False,DELIVERED,MedTrade SRL,Italy,EUROPEAN,Bin Bags 40L 50-Pack,HHE,A,14.64,15.0,Italy,1800.0,0.1,0.1174,21.132,0.021132,0.21132,2024-01,4,UK SRS 2026,DEFRA GHG Conversion Factors 2025,0.602,127.2146,106.0826
PO-000048,PRD-00004,SUP-006,WH-003,100,12.63,1263.0,2024-02-19,2024-03-02,2024-03-04,12,ROAD,117.4,False,DELIVERED,MedTrade SRL,Italy,EUROPEAN,Bin Bags 40L 50-Pack,HHE,A,14.64,15.0,Italy,1800.0,0.1,0.1174,21.132,0.021132,0.21132,2024-03,4,UK SRS 2026,DEFRA GHG Conversion Factors 2025,0.602,127.2146,106.0826
PO-000049,PRD-00004,SUP-006,WH-003,200,12.09,2418.0,2024-03-18,2024-04-01,2024-04-01,14,ROAD,234.8,False,DELIVERED,MedTrade SRL,Italy,EUROPEAN,Bin Bags 40L 50-Pack,HHE,A,14.64,15.0,Italy,1800.0,0.1,0.2348,42.264,0.042264,0.21132,2024-04,4,UK SRS 2026,DEFRA GHG Conversion Factors 2025,0.602,254.4293,212.1653
PO-000050,PRD-00004,SUP-006,WH-003,200,12.42,2484.0,2024-04-12,2024-04-26,2024-04-29,14,ROAD,234.8,False,DELIVERED,MedTrade SRL,Italy,EUROPEAN,Bin Bags 40L 50-Pack,HHE,A,14.64,15.0,Italy,1800.0,0.1,0.2348,42.264,0.042264,0.21132,2024-04,4,UK SRS 2026,DEFRA GHG Conversion Factors 2025,0.602,254.4293,212.1653
PO-000051,PRD-00004,SUP-006,WH-001,200,12.25,2450.0,2024-05-15,2024-05-27,2024-05-28,12,ROAD,234.8,False,DELIVERED,MedTrade SRL,Italy,EUROPEAN,Bin Bags 40L 50-Pack,HHE,A,14.64,15.0,Italy,1800.0,0.1,0.2348,42.264,0.042264,0.21132,2024-05,4,UK SRS 2026,DEFRA GHG Conversion Factors 2025,0.602,254.4293,212.1653
PO-000052,PRD-00004,SUP-006,WH-003,200,12.45,2490.0,2024-06-12,2024-07-01,2024-07-02,19,ROAD,234.8,False,DELIVERED,MedTrade SRL,Italy,EUROPEAN,Bin Bags 40L 50-Pack,HHE,A,14.64,15.0,Italy,1800.0,0.1,0.2348,42.264,0.042264,0.21132,2024-07,4,UK SRS 2026,DEFRA GHG Conversion Factors 2025,0.602,254.4293,212.1653
PO-000053,PRD-00004,SUP-006,WH-001,200,12.14,2428.0,2024-07-14,2024-07-27,2024-07-28,13,ROAD,234.8,False,DELIVERED,MedTrade SRL,Italy,EUROPEAN,Bin Bags 40L 50-Pack,HHE,A,14.64,15.0,Italy,1800.0,0.1,0.2348,42.264,0.042264,0.21132,2024-07,4,UK SRS 2026,DEFRA GHG Conversion Factors 2025,0.602,254.4293,212.1653
PO-000054,PRD-00004,SUP-006,WH-003,200,12.51,2502.0,2024-08-18,2024-08-31,2024-08-31,13,ROAD,234.8,False,DELIVERED,MedTrade SRL,Italy,EUROPEAN,Bin Bags 40L 50-Pack,HHE,A,14.64,15.0,Italy,1800.0,0.1,0.2348,42.264,0.042264,0.21132,2024-08,4,UK SRS 2026,DEFRA GHG Conversion Factors 2025,0.602,254.4293,212.1653
PO-000055,PRD-00004,SUP-006,WH-002,200,12.39,2478.0,2024-09-12,2024-09-26,2024-09-29,14,ROAD,234.8,False,DELIVERED,MedTrade SRL,Italy,EUROPEAN,Bin Bags 40L 50-Pack,HHE,A,14.64,15.0,Italy,1800.0,0.1,0.2348,42.264,0.042264,0.21132,2024-09,4,UK SRS 2026,DEFRA GHG Conversion Factors 2025,0.602,254.4293,212.1653
PO-000056,PRD-00004,SUP-006,WH-001,200,12.08,2416.0,2024-10-12,2024-10-27,2024-10-28,15,ROAD,234.8,False,DELIVERED,MedTrade SRL,Italy,EUROPEAN,Bin Bags 40L 50-Pack,HHE,A,14.64,15.0,Italy,1800.0,0.1,0.2348,42.264,0.042264,0.21132,2024-10,4,UK SRS 2026,DEFRA GHG Conversion Factors 2025,0.602,254.4293,212.1653
PO-000057,PRD-00004,SUP-006,WH-002,200,12.65,2530.0,2024-11-16,2024-12-01,2024-12-01,15,ROAD,234.8,False,DELIVERED,MedTrade SRL,Italy,EUROPEAN,Bin Bags 40L 50-Pack,HHE,A,14.64,15.0,Italy,1800.0,0.1,0.2348,42.264,0.042264,0.21132,2024-12,4,UK SRS 2026,DEFRA GHG Conversion Factors 2025,0.602,254.4293,212.1653
PO-000058,PRD-00004,SUP-006,WH-001,300,12.55,3765.0,2024-12-11,2024-12-24,2024-12-27,13,ROAD,352.2,False,DELIVERED,MedTrade SRL,Italy,EUROPEAN,Bin Bags 40L 50-Pack,HHE,A,14.64,15.0,Italy,1800.0,0.1,0.3522,63.396,0.063396,0.21132,2024-12,4,UK SRS 2026,DEFRA GHG Conversion Factors 2025,0.602,381.6439,318.2479
PO-000059,PRD-00004,SUP-006,WH-001,100,12.65,1265.0,2025-01-11,2025-01-26,2025-01-27,15,ROAD,117.4,False,DELIVERED,MedTrade SRL,Italy,EUROPEAN,Bin Bags 40L 50-Pack,HHE,A,14.64,15.0,Italy,1800.0,0.1,0.1174,21.132,0.021132,0.21132,2025-01,4,UK SRS 2026,DEFRA GHG Conversion Factors 2025,0.602,127.2146,106.0826
PO-000060,PRD-00004,SUP-006,WH-001,100,12.71,1271.0,2025-02-13,2025-02-23,2025-02-24,10,ROAD,117.4,False,DELIVERED,MedTrade SRL,Italy,EUROPEAN,Bin Bags 40L 50-Pack,HHE,A,14.64,15.0,Italy,1800.0,0.1,0.1174,21.132,0.021132,0.21132,2025-02,4,UK SRS 2026,DEFRA GHG Conversion Factors 2025,0.602,127.2146,106.0826
PO-000061,PRD-00004,SUP-006,WH-003,200,12.73,2546.0,2025-03-15,2025-03-28,2025-03-30,13,ROAD,234.8,False,DELIVERED,MedTrade SRL,Italy,EUROPEAN,Bin Bags 40L 50-Pack,HHE,A,14.64,15.0,Italy,1800.0,0.1,0.2348,42.264,0.042264,0.21132,2025-03,4,UK SRS 2026,DEFRA GHG Conversion Factors 2025,0.602,254.4293,212.1653
PO-000062,PRD-00004,SUP-006,WH-002,200,12.19,2438.0,2025-04-16,2025-04-29,2025-05-02,13,ROAD,234.8,False,DELIVERED,MedTrade SRL,Italy,EUROPEAN,Bin Bags 40L 50-Pack,HHE,A,14.64,15.0,Italy,1800.0,0.1,0.2348,42.264,0.042264,0.21132,2025-05,4,UK SRS 2026,DEFRA GHG Conversion Factors 2025,0.602,254.4293,212.1653
PO-000063,PRD-00004,SUP-006,WH-001,200,12.55,2510.0,2025-05-14,2025-05-24,2025-05-26,10,ROAD,234.8,False,DELIVERED,MedTrade SRL,Italy,EUROPEAN,Bin Bags 40L 50-Pack,HHE,A,14.64,15.0,Italy,1800.0,0.1,0.2348,42.264,0.042264,0.21132,2025-05,4,UK SRS 2026,DEFRA GHG Conversion Factors 2025,0.602,254.4293,212.1653
PO-000064,PRD-00004,SUP-006,WH-003,200,12.07,2414.0,2025-06-15,2025-06-30,2025-07-01,15,ROAD,234.8,False,DELIVERED,MedTrade SRL,Italy,EUROPEAN,Bin Bags 40L 50-Pack,HHE,A,14.64,15.0,Italy,1800.0,0.1,0.2348,42.264,0.042264,0.21132,2025-07,4,UK SRS 2026,DEFRA GHG Conversion Factors 2025,0.602,254.4293,212.1653
PO-000065,PRD-00004,SUP-006,WH-001,200,12.7,2540.0,2025-07-16,2025-07-28,2025-07-28,12,ROAD,234.8,False,DELIVERED,MedTrade SRL,Italy,EUROPEAN,Bin Bags 40L 50-Pack,HHE,A,14.64,15.0,Italy,1800.0,0.1,0.2348,42.264,0.042264,0.21132,2025-07,4,UK SRS 2026,DEFRA GHG Conversion Factors 2025,0.602,254.4293,212.1653
PO-000066,PRD-00004,SUP-006,WH-001,200,12.88,2576.0,2025-08-14,2025-08-26,2025-08-27,12,ROAD,234.8,False,DELIVERED,MedTrade SRL,Italy,EUROPEAN,Bin Bags 40L 50-Pack,HHE,A,14.64,15.0,Italy,1800.0,0.1,0.2348,42.264,0.042264,0.21132,2025-08,4,UK SRS 2026,DEFRA GHG Conversion Factors 2025,0.602,254.4293,212.1653
PO-000067,PRD-00004,SUP-006,WH-003,200,12.74,2548.0,2025-09-09,2025-09-23,2025-09-22,14,ROAD,234.8,False,DELIVERED,MedTrade SRL,Italy,EUROPEAN,Bin Bags 40L 50-Pack,HHE,A,14.64,15.0,Italy,1800.0,0.1,0.2348,42.264,0.042264,0.21132,2025-09,4,UK SRS 2026,DEFRA GHG Conversion Factors 2025,0.602,254.4293,212.1653
PO-000068,PRD-00004,SUP-006,WH-002,200,12.89,2578.0,2025-10-07,2025-10-18,2025-10-21,11,ROAD,234.8,False,DELIVERED,MedTrade SRL,Italy,EUROPEAN,Bin Bags 40L 50-Pack,HHE,A,14.64,15.0,Italy,1800.0,0.1,0.2348,42.264,0.042264,0.21132,2025-10,4,UK SRS 2026,DEFRA GHG Conversion Factors 2025,0.602,254.4293,212.1653
PO-000069,PRD-00004,SUP-006,WH-002,200,12.66,2532.0,2025-11-10,2025-12-02,2025-12-04,22,ROAD,234.8,False,DELIVERED,MedTrade SRL,Italy,EUROPEAN,Bin Bags 40L 50-Pack,HHE,A,14.64,15.0,Italy,1800.0,0.1,0.2348,42.264,0.042264,0.21132,2025-12,4,UK SRS 2026,DEFRA GHG Conversion Factors 2025,0.602,254.4293,212.1653
PO-000070,PRD-00004,SUP-006,WH-003,300,12.69,3807.0,2025-12-13,2025-12-25,2025-12-28,12,ROAD,352.2,False,DELIVERED,MedTrade SRL,Italy,EUROPEAN,Bin Bags 40L 50-Pack,HHE,A,14.64,15.0,Italy,1800.0,0.1,0.3522,63.396,0.063396,0.21132,2025-12,4,UK SRS 2026,DEFRA GHG Conversion Factors 2025,0.602,381.6439,318.2479
PO-000071,PRD-00005,SUP-002,WH-001,240,5.72,1372.8,2024-01-06,2024-01-16,2024-01-15,10,ROAD,97.44,False,DELIVERED,EuroFast GmbH,Germany,EUROPEAN,Washing Up Liquid 500ml,HHE,B,7.09,20.9,Germany,1100.0,0.1,0.09744,10.7184,0.010718,0.04466,2024-01,4,UK SRS 2026,DEFRA GHG Conversion Factors 2025,0.602,64.5248,53.8064
PO-000072,PRD-00005,SUP-002,WH-003,252,5.68,1431.36,2024-02-17,2024-02-26,2024-02-27,9,ROAD,102.31,False,DELIVERED,EuroFast GmbH,Germany,EUROPEAN,Washing Up Liquid 500ml,HHE,B,7.09,20.9,Germany,1100.0,0.1,0.10231,11.2541,0.011254,0.044659,2024-02,4,UK SRS 2026,DEFRA GHG Conversion Factors 2025,0.602,67.7497,56.4956
PO-000073,PRD-00005,SUP-002,WH-003,300,5.48,1644.0,2024-04-01,2024-04-08,2024-04-11,7,ROAD,121.8,False,DELIVERED,EuroFast GmbH,Germany,EUROPEAN,Washing Up Liquid 500ml,HHE,B,7.09,20.9,Germany,1100.0,0.1,0.12179999999999999,13.398,0.013398,0.04466,2024-04,4,UK SRS 2026,DEFRA GHG Conversion Factors 2025,0.602,80.656,67.258
PO-000074,PRD-00005,SUP-002,WH-002,318,5.59,1777.62,2024-05-14,2024-05-22,2024-05-23,8,ROAD,129.11,False,DELIVERED,EuroFast GmbH,Germany,EUROPEAN,Washing Up Liquid 500ml,HHE,B,7.09,20.9,Germany,1100.0,0.1,0.12911,14.2021,0.014202,0.044661,2024-05,4,UK SRS 2026,DEFRA GHG Conversion Factors 2025,0.602,85.4966,71.2945
PO-000075,PRD-00005,SUP-002,WH-002,348,5.47,1903.56,2024-07-01,2024-07-09,2024-07-09,8,ROAD,141.29,False,DELIVERED,EuroFast GmbH,Germany,EUROPEAN,Washing Up Liquid 500ml,HHE,B,7.09,20.9,Germany,1100.0,0.1,0.14129,15.5419,0.015542,0.044661,2024-07,4,UK SRS 2026,DEFRA GHG Conversion Factors 2025,0.602,93.5622,78.0203
PO-000076,PRD-00005,SUP-002,WH-003,336,5.34,1794.24,2024-08-13,2024-08-23,2024-08-22,10,ROAD,136.42,False,DELIVERED,EuroFast GmbH,Germany,EUROPEAN,Washing Up Liquid 500ml,HHE,B,7.09,20.9,Germany,1100.0,0.1,0.13641999999999999,15.0062,0.015006,0.044661,2024-08,4,UK SRS 2026,DEFRA GHG Conversion Factors 2025,0.602,90.3373,75.3311
PO-000077,PRD-00005,SUP-002,WH-002,348,5.9,2053.2,2024-10-02,2024-10-09,2024-10-11,7,ROAD,141.29,False,DELIVERED,EuroFast GmbH,Germany,EUROPEAN,Washing Up Liquid 500ml,HHE,B,7.09,20.9,Germany,1100.0,0.1,0.14129,15.5419,0.015542,0.044661,2024-10,4,UK SRS 2026,DEFRA GHG Conversion Factors 2025,0.602,93.5622,78.0203
PO-000078,PRD-00005,SUP-002,WH-001,426,5.81,2475.06,2024-11-19,2024-11-27,2024-11-30,8,ROAD,172.96,False,DELIVERED,EuroFast GmbH,Germany,EUROPEAN,Washing Up Liquid 500ml,HHE,B,7.09,20.9,Germany,1100.0,0.1,0.17296,19.0256,0.019026,0.044661,2024-11,4,UK SRS 2026,DEFRA GHG Conversion Factors 2025,0.602,114.5341,95.5085
PO-000079,PRD-00005,SUP-002,WH-001,474,5.7,2701.8,2024-12-31,2025-01-08,2025-01-08,8,ROAD,192.44,False,DELIVERED,EuroFast GmbH,Germany,EUROPEAN,Washing Up Liquid 500ml,HHE,B,7.09,20.9,Germany,1100.0,0.1,0.19244,21.1684,0.021168,0.044659,2025-01,4,UK SRS 2026,DEFRA GHG Conversion Factors 2025,0.602,127.4338,106.2654
PO-000080,PRD-00005,SUP-002,WH-003,252,5.61,1413.72,2025-02-09,2025-02-17,2025-02-20,8,ROAD,102.31,False,DELIVERED,EuroFast GmbH,Germany,EUROPEAN,Washing Up Liquid 500ml,HHE,B,7.09,20.9,Germany,1100.0,0.1,0.10231,11.2541,0.011254,0.044659,2025-02,4,UK SRS 2026,DEFRA GHG Conversion Factors 2025,0.602,67.7497,56.4956
PO-000081,PRD-00005,SUP-002,WH-001,288,5.36,1543.68,2025-03-31,2025-04-07,2025-04-08,7,ROAD,116.93,False,DELIVERED,EuroFast GmbH,Germany,EUROPEAN,Washing Up Liquid 500ml,HHE,B,7.09,20.9,Germany,1100.0,0.1,0.11693,12.8623,0.012862,0.044661,2025-04,4,UK SRS 2026,DEFRA GHG Conversion Factors 2025,0.602,77.431,64.5687
PO-000082,PRD-00005,SUP-002,WH-001,318,5.57,1771.26,2025-05-15,2025-05-22,2025-05-25,7,ROAD,129.11,False,DELIVERED,EuroFast GmbH,Germany,EUROPEAN,Washing Up Liquid 500ml,HHE,B,7.09,20.9,Germany,1100.0,0.1,0.12911,14.2021,0.014202,0.044661,2025-05,4,UK SRS 2026,DEFRA GHG Conversion Factors 2025,0.602,85.4966,71.2945
PO-000083,PRD-00005,SUP-002,WH-001,348,5.5,1914.0,2025-07-03,2025-07-10,2025-07-10,7,ROAD,141.29,False,DELIVERED,EuroFast GmbH,Germany,EUROPEAN,Washing Up Liquid 500ml,HHE,B,7.09,20.9,Germany,1100.0,0.1,0.14129,15.5419,0.015542,0.044661,2025-07,4,UK SRS 2026,DEFRA GHG Conversion Factors 2025,0.602,93.5622,78.0203
PO-000084,PRD-00005,SUP-002,WH-002,336,5.66,1901.76,2025-08-17,2025-08-24,2025-08-23,7,ROAD,136.42,False,DELIVERED,EuroFast GmbH,Germany,EUROPEAN,Washing Up Liquid 500ml,HHE,B,7.09,20.9,Germany,1100.0,0.1,0.13641999999999999,15.0062,0.015006,0.044661,2025-08,4,UK SRS 2026,DEFRA GHG Conversion Factors 2025,0.602,90.3373,75.3311
PO-000085,PRD-00005,SUP-002,WH-002,318,5.62,1787.16,2025-09-30,2025-10-08,2025-10-07,8,ROAD,129.11,False,DELIVERED,EuroFast GmbH,Germany,EUROPEAN,Washing Up Liquid 500ml,HHE,B,7.09,20.9,Germany,1100.0,0.1,0.12911,14.2021,0.014202,0.044661,2025-10,4,UK SRS 2026,DEFRA GHG Conversion Factors 2025,0.602,85.4966,71.2945
PO-000086,PRD-00005,SUP-002,WH-003,426,5.65,2406.9,2025-11-16,2025-11-24,2025-11-23,8,ROAD,172.96,False,DELIVERED,EuroFast GmbH,Germany,EUROPEAN,Washing Up Liquid 500ml,HHE,B,7.09,20.9,Germany,1100.0,0.1,0.17296,19.0256,0.019026,0.044661,2025-11,4,UK SRS 2026,DEFRA GHG Conversion Factors 2025,0.602,114.5341,95.5085
PO-000087,PRD-00006,SUP-006,WH-003,180,7.94,1429.2,2024-01-08,2024-01-20,2024-01-22,12,ROAD,198.0,False,DELIVERED,MedTrade SRL,Italy,EUROPEAN,Dishwasher Tablets 60-Pack,HHE,B,9.4,17.6,Italy,1800.0,0.1,0.198,35.64,0.03564,0.198,2024-01,4,UK SRS 2026,DEFRA GHG Conversion Factors 2025,0.602,214.5528,178.9128
PO-000088,PRD-00006,SUP-006,WH-002,192,7.5,1440.0,2024-02-22,2024-03-04,2024-03-03,11,ROAD,211.2,False,DELIVERED,MedTrade SRL,Italy,EUROPEAN,Dishwasher Tablets 60-Pack,HHE,B,9.4,17.6,Italy,1800.0,0.1,0.2112,38.016,0.038016,0.198,2024-03,4,UK SRS 2026,DEFRA GHG Conversion Factors 2025,0.602,228.8563,190.8403
PO-000089,PRD-00006,SUP-006,WH-001,228,7.93,1808.04,2024-04-06,2024-04-19,2024-04-19,13,ROAD,250.8,False,DELIVERED,MedTrade SRL,Italy,EUROPEAN,Dishwasher Tablets 60-Pack,HHE,B,9.4,17.6,Italy,1800.0,0.1,0.2508,45.144,0.045144,0.198,2024-04,4,UK SRS 2026,DEFRA GHG Conversion Factors 2025,0.602,271.7669,226.6229
PO-000090,PRD-00006,SUP-006,WH-002,240,7.57,1816.8,2024-05-21,2024-06-01,2024-06-04,11,ROAD,264.0,False,DELIVERED,MedTrade SRL,Italy,EUROPEAN,Dishwasher Tablets 60-Pack,HHE,B,9.4,17.6,Italy,1800.0,0.1,0.264,47.52,0.04752,0.198,2024-06,4,UK SRS 2026,DEFRA GHG Conversion Factors 2025,0.602,286.0704,238.5504
PO-000091,PRD-00006,SUP-006,WH-002,264,7.81,2061.84,2024-07-05,2024-07-19,2024-07-21,14,ROAD,290.4,False,DELIVERED,MedTrade SRL,Italy,EUROPEAN,Dishwasher Tablets 60-Pack,HHE,B,9.4,17.6,Italy,1800.0,0.1,0.2904,52.272,0.052272,0.198,2024-07,4,UK SRS 2026,DEFRA GHG Conversion Factors 2025,0.602,314.6774,262.4054
PO-000092,PRD-00006,SUP-006,WH-001,252,7.78,1960.56,2024-08-19,2024-08-29,2024-08-31,10,ROAD,277.2,False,DELIVERED,MedTrade SRL,Italy,EUROPEAN,Dishwasher Tablets 60-Pack,HHE,B,9.4,17.6,Italy,1800.0,0.1,0.2772,49.896,0.049896,0.198,2024-08,4,UK SRS 2026,DEFRA GHG Conversion Factors 2025,0.602,300.3739,250.4779
PO-000093,PRD-00006,SUP-006,WH-002,264,7.91,2088.24,2024-10-03,2024-10-20,2024-10-21,17,ROAD,290.4,False,DELIVERED,MedTrade SRL,Italy,EUROPEAN,Dishwasher Tablets 60-Pack,HHE,B,9.4,17.6,Italy,1800.0,0.1,0.2904,52.272,0.052272,0.198,2024-10,4,UK SRS 2026,DEFRA GHG Conversion Factors 2025,0.602,314.6774,262.4054
PO-000094,PRD-00006,SUP-006,WH-002,324,7.57,2452.68,2024-11-21,2024-12-04,2024-12-04,13,ROAD,356.4,False,DELIVERED,MedTrade SRL,Italy,EUROPEAN,Dishwasher Tablets 60-Pack,HHE,B,9.4,17.6,Italy,1800.0,0.1,0.3564,64.152,0.064152,0.198,2024-12,4,UK SRS 2026,DEFRA GHG Conversion Factors 2025,0.602,386.195,322.043
PO-000095,PRD-00006,SUP-006,WH-002,180,7.69,1384.2,2025-01-09,2025-01-23,2025-01-23,14,ROAD,198.0,False,DELIVERED,MedTrade SRL,Italy,EUROPEAN,Dishwasher Tablets 60-Pack,HHE,B,9.4,17.6,Italy,1800.0,0.1,0.198,35.64,0.03564,0.198,2025-01,4,UK SRS 2026,DEFRA GHG Conversion Factors 2025,0.602,214.5528,178.9128
PO-000096,PRD-00006,SUP-006,WH-002,192,7.81,1499.52,2025-02-22,2025-03-09,2025-03-08,15,ROAD,211.2,False,DELIVERED,MedTrade SRL,Italy,EUROPEAN,Dishwasher Tablets 60-Pack,HHE,B,9.4,17.6,Italy,1800.0,0.1,0.2112,38.016,0.038016,0.198,2025-03,4,UK SRS 2026,DEFRA GHG Conversion Factors 2025,0.602,228.8563,190.8403
PO-000097,PRD-00006,SUP-006,WH-002,228,7.83,1785.24,2025-04-07,2025-04-20,2025-04-22,13,ROAD,250.8,False,DELIVERED,MedTrade SRL,Italy,EUROPEAN,Dishwasher Tablets 60-Pack,HHE,B,9.4,17.6,Italy,1800.0,0.1,0.2508,45.144,0.045144,0.198,2025-04,4,UK SRS 2026,DEFRA GHG Conversion Factors 2025,0.602,271.7669,226.6229
PO-000098,PRD-00006,SUP-006,WH-001,240,7.56,1814.4,2025-05-19,2025-05-30,2025-05-31,11,ROAD,264.0,False,DELIVERED,MedTrade SRL,Italy,EUROPEAN,Dishwasher Tablets 60-Pack,HHE,B,9.4,17.6,Italy,1800.0,0.1,0.264,47.52,0.04752,0.198,2025-05,4,UK SRS 2026,DEFRA GHG Conversion Factors 2025,0.602,286.0704,238.5504
PO-000099,PRD-00006,SUP-006,WH-001,264,7.8,2059.2,2025-07-03,2025-07-16,2025-07-19,13,ROAD,290.4,False,DELIVERED,MedTrade SRL,Italy,EUROPEAN,Dishwasher Tablets 60-Pack,HHE,B,9.4,17.6,Italy,1800.0,0.1,0.2904,52.272,0.052272,0.198,2025-07,4,UK SRS 2026,DEFRA GHG Conversion Factors 2025,0.602,314.6774,262.4054
PO-000100,PRD-00006,SUP-006,WH-003,252,7.74,1950.48,2025-08-16,2025-08-28,2025-08-30,12,ROAD,277.2,False,DELIVERED,MedTrade SRL,Italy,EUROPEAN,Dishwasher Tablets 60-Pack,HHE,B,9.4,17.6,Italy,1800.0,0.1,0.2772,49.896,0.049896,0.198,2025-08,4,UK SRS 2026,DEFRA GHG Conversion Factors 2025,0.602,300.3739,250.4779
PO-000101,PRD-00006,SUP-006,WH-003,264,7.94,2096.16,2025-10-01,2025-10-14,2025-10-17,13,ROAD,290.4,False,DELIVERED,MedTrade SRL,Italy,EUROPEAN,Dishwasher Tablets 60-Pack,HHE,B,9.4,17.6,Italy,1800.0,0.1,0.2904,52.272,0.052272,0.198,2025-10,4,UK SRS 2026,DEFRA GHG Conversion Factors 2025,0.602,314.6774,262.4054
PO-000102,PRD-00006,SUP-006,WH-001,324,7.76,2514.24,2025-11-15,2025-11-26,2025-11-27,11,ROAD,356.4,False,DELIVERED,MedTrade SRL,Italy,EUROPEAN,Dishwasher Tablets 60-Pack,HHE,B,9.4,17.6,Italy,1800.0,0.1,0.3564,64.152,0.064152,0.198,2025-11,4,UK SRS 2026,DEFRA GHG Conversion Factors 2025,0.602,386.195,322.043
PO-000103,PRD-00007,SUP-001,WH-003,200,10.39,2078.0,2024-01-25,2024-01-29,2024-02-01,4,ROAD,73.4,False,DELIVERED,BritGoods Ltd,United Kingdom,DOMESTIC,Kitchen Cleaner Spray 750ml,HHE,A,13.26,21.2,United Kingdom,250.0,0.1,0.0734,1.835,0.001835,0.009175,2024-02,4,UK SRS 2026,DEFRA GHG Conversion Factors 2025,0.602,11.0467,9.2117
PO-000104,PRD-00007,SUP-001,WH-001,200,10.36,2072.0,2024-02-22,2024-02-27,2024-02-28,5,ROAD,73.4,False,DELIVERED,BritGoods Ltd,United Kingdom,DOMESTIC,Kitchen Cleaner Spray 750ml,HHE,A,13.26,21.2,United Kingdom,250.0,0.1,0.0734,1.835,0.001835,0.009175,2024-02,4,UK SRS 2026,DEFRA GHG Conversion Factors 2025,0.602,11.0467,9.2117
PO-000105,PRD-00007,SUP-001,WH-002,200,10.31,2062.0,2024-03-24,2024-03-27,2024-03-26,3,ROAD,73.4,False,DELIVERED,BritGoods Ltd,United Kingdom,DOMESTIC,Kitchen Cleaner Spray 750ml,HHE,A,13.26,21.2,United Kingdom,250.0,0.1,0.0734,1.835,0.001835,0.009175,2024-03,4,UK SRS 2026,DEFRA GHG Conversion Factors 2025,0.602,11.0467,9.2117
PO-000106,PRD-00007,SUP-001,WH-002,200,10.41,2082.0,2024-04-26,2024-05-02,2024-05-02,6,ROAD,73.4,False,DELIVERED,BritGoods Ltd,United Kingdom,DOMESTIC,Kitchen Cleaner Spray 750ml,HHE,A,13.26,21.2,United Kingdom,250.0,0.1,0.0734,1.835,0.001835,0.009175,2024-05,4,UK SRS 2026,DEFRA GHG Conversion Factors 2025,0.602,11.0467,9.2117
PO-000107,PRD-00007,SUP-001,WH-002,200,10.44,2088.0,2024-05-30,2024-06-03,2024-06-05,4,ROAD,73.4,False,DELIVERED,BritGoods Ltd,United Kingdom,DOMESTIC,Kitchen Cleaner Spray 750ml,HHE,A,13.26,21.2,United Kingdom,250.0,0.1,0.0734,1.835,0.001835,0.009175,2024-06,4,UK SRS 2026,DEFRA GHG Conversion Factors 2025,0.602,11.0467,9.2117
PO-000108,PRD-00007,SUP-001,WH-001,200,10.34,2068.0,2024-07-01,2024-07-05,2024-07-04,4,ROAD,73.4,False,DELIVERED,BritGoods Ltd,United Kingdom,DOMESTIC,Kitchen Cleaner Spray 750ml,HHE,A,13.26,21.2,United Kingdom,250.0,0.1,0.0734,1.835,0.001835,0.009175,2024-07,4,UK SRS 2026,DEFRA GHG Conversion Factors 2025,0.602,11.0467,9.2117
PO-000109,PRD-00007,SUP-001,WH-002,200,10.6,2120.0,2024-08-05,2024-08-08,2024-08-09,3,ROAD,73.4,False,DELIVERED,BritGoods Ltd,United Kingdom,DOMESTIC,Kitchen Cleaner Spray 750ml,HHE,A,13.26,21.2,United Kingdom,250.0,0.1,0.0734,1.835,0.001835,0.009175,2024-08,4,UK SRS 2026,DEFRA GHG Conversion Factors 2025,0.602,11.0467,9.2117
PO-000110,PRD-00007,SUP-001,WH-003,200,10.71,2142.0,2024-08-30,2024-09-04,2024-09-06,5,ROAD,73.4,False,DELIVERED,BritGoods Ltd,United Kingdom,DOMESTIC,Kitchen Cleaner Spray 750ml,HHE,A,13.26,21.2,United Kingdom,250.0,0.1,0.0734,1.835,0.001835,0.009175,2024-09,4,UK SRS 2026,DEFRA GHG Conversion Factors 2025,0.602,11.0467,9.2117
PO-000111,PRD-00007,SUP-001,WH-001,200,10.42,2084.0,2024-09-28,2024-10-03,2024-10-04,5,ROAD,73.4,False,DELIVERED,BritGoods Ltd,United Kingdom,DOMESTIC,Kitchen Cleaner Spray 750ml,HHE,A,13.26,21.2,United Kingdom,250.0,0.1,0.0734,1.835,0.001835,0.009175,2024-10,4,UK SRS 2026,DEFRA GHG Conversion Factors 2025,0.602,11.0467,9.2117
PO-000112,PRD-00007,SUP-001,WH-001,200,10.46,2092.0,2024-10-31,2024-11-05,2024-11-08,5,ROAD,73.4,False,DELIVERED,BritGoods Ltd,United Kingdom,DOMESTIC,Kitchen Cleaner Spray 750ml,HHE,A,13.26,21.2,United Kingdom,250.0,0.1,0.0734,1.835,0.001835,0.009175,2024-11,4,UK SRS 2026,DEFRA GHG Conversion Factors 2025,0.602,11.0467,9.2117
PO-000113,PRD-00007,SUP-001,WH-002,300,10.55,3165.0,2024-11-26,2024-11-29,2024-11-29,3,ROAD,110.1,False,DELIVERED,BritGoods Ltd,United Kingdom,DOMESTIC,Kitchen Cleaner Spray 750ml,HHE,A,13.26,21.2,United Kingdom,250.0,0.1,0.11009999999999999,2.7525,0.002752,0.009175,2024-11,4,UK SRS 2026,DEFRA GHG Conversion Factors 2025,0.602,16.57,13.8175
PO-000114,PRD-00007,SUP-001,WH-003,300,10.61,3183.0,2024-12-24,2024-12-29,2024-12-29,5,ROAD,110.1,False,DELIVERED,BritGoods Ltd,United Kingdom,DOMESTIC,Kitchen Cleaner Spray 750ml,HHE,A,13.26,21.2,United Kingdom,250.0,0.1,0.11009999999999999,2.7525,0.002752,0.009175,2024-12,4,UK SRS 2026,DEFRA GHG Conversion Factors 2025,0.602,16.57,13.8175
PO-000115,PRD-00007,SUP-001,WH-003,200,10.74,2148.0,2025-01-22,2025-01-26,2025-01-28,4,ROAD,73.4,False,DELIVERED,BritGoods Ltd,United Kingdom,DOMESTIC,Kitchen Cleaner Spray 750ml,HHE,A,13.26,21.2,United Kingdom,250.0,0.1,0.0734,1.835,0.001835,0.009175,2025-01,4,UK SRS 2026,DEFRA GHG Conversion Factors 2025,0.602,11.0467,9.2117
PO-000116,PRD-00007,SUP-001,WH-001,200,10.21,2042.0,2025-02-24,2025-02-28,2025-03-03,4,ROAD,73.4,False,DELIVERED,BritGoods Ltd,United Kingdom,DOMESTIC,Kitchen Cleaner Spray 750ml,HHE,A,13.26,21.2,United Kingdom,250.0,0.1,0.0734,1.835,0.001835,0.009175,2025-03,4,UK SRS 2026,DEFRA GHG Conversion Factors 2025,0.602,11.0467,9.2117
PO-000117,PRD-00007,SUP-001,WH-001,200,10.47,2094.0,2025-03-22,2025-03-26,2025-03-28,4,ROAD,73.4,False,DELIVERED,BritGoods Ltd,United Kingdom,DOMESTIC,Kitchen Cleaner Spray 750ml,HHE,A,13.26,21.2,United Kingdom,250.0,0.1,0.0734,1.835,0.001835,0.009175,2025-03,4,UK SRS 2026,DEFRA GHG Conversion Factors 2025,0.602,11.0467,9.2117
PO-000118,PRD-00007,SUP-001,WH-001,200,10.77,2154.0,2025-04-18,2025-04-22,2025-04-25,4,ROAD,73.4,False,DELIVERED,BritGoods Ltd,United Kingdom,DOMESTIC,Kitchen Cleaner Spray 750ml,HHE,A,13.26,21.2,United Kingdom,250.0,0.1,0.0734,1.835,0.001835,0.009175,2025-04,4,UK SRS 2026,DEFRA GHG Conversion Factors 2025,0.602,11.0467,9.2117
PO-000119,PRD-00007,SUP-001,WH-002,200,10.66,2132.0,2025-05-20,2025-05-24,2025-05-25,4,ROAD,73.4,False,DELIVERED,BritGoods Ltd,United Kingdom,DOMESTIC,Kitchen Cleaner Spray 750ml,HHE,A,13.26,21.2,United Kingdom,250.0,0.1,0.0734,1.835,0.001835,0.009175,2025-05,4,UK SRS 2026,DEFRA GHG Conversion Factors 2025,0.602,11.0467,9.2117
PO-000120,PRD-00007,SUP-001,WH-002,200,10.13,2026.0,2025-06-19,2025-06-22,2025-06-24,3,ROAD,73.4,False,DELIVERED,BritGoods Ltd,United Kingdom,DOMESTIC,Kitchen Cleaner Spray 750ml,HHE,A,13.26,21.2,United Kingdom,250.0,0.1,0.0734,1.835,0.001835,0.009175,2025-06,4,UK SRS 2026,DEFRA GHG Conversion Factors 2025,0.602,11.0467,9.2117
PO-000121,PRD-00007,SUP-001,WH-001,200,10.4,2080.0,2025-07-21,2025-07-24,2025-07-25,3,ROAD,73.4,False,DELIVERED,BritGoods Ltd,United Kingdom,DOMESTIC,Kitchen Cleaner Spray 750ml,HHE,A,13.26,21.2,United Kingdom,250.0,0.1,0.0734,1.835,0.001835,0.009175,2025-07,4,UK SRS 2026,DEFRA GHG Conversion Factors 2025,0.602,11.0467,9.2117
PO-000122,PRD-00007,SUP-001,WH-002,200,10.14,2028.0,2025-08-25,2025-08-28,2025-08-27,3,ROAD,73.4,False,DELIVERED,BritGoods Ltd,United Kingdom,DOMESTIC,Kitchen Cleaner Spray 750ml,HHE,A,13.26,21.2,United Kingdom,250.0,0.1,0.0734,1.835,0.001835,0.009175,2025-08,4,UK SRS 2026,DEFRA GHG Conversion Factors 2025,0.602,11.0467,9.2117
PO-000123,PRD-00007,SUP-001,WH-001,200,10.3,2060.0,2025-09-24,2025-09-29,2025-10-01,5,ROAD,73.4,False,DELIVERED,BritGoods Ltd,United Kingdom,DOMESTIC,Kitchen Cleaner Spray 750ml,HHE,A,13.26,21.2,United Kingdom,250.0,0.1,0.0734,1.835,0.001835,0.009175,2025-10,4,UK SRS 2026,DEFRA GHG Conversion Factors 2025,0.602,11.0467,9.2117
PO-000124,PRD-00007,SUP-001,WH-002,200,10.2,2040.0,2025-10-24,2025-10-28,2025-10-30,4,ROAD,73.4,False,DELIVERED,BritGoods Ltd,United Kingdom,DOMESTIC,Kitchen Cleaner Spray 750ml,HHE,A,13.26,21.2,United Kingdom,250.0,0.1,0.0734,1.835,0.001835,0.009175,2025-10,4,UK SRS 2026,DEFRA GHG Conversion Factors 2025,0.602,11.0467,9.2117
PO-000125,PRD-00007,SUP-001,WH-001,300,10.58,3174.0,2025-11-21,2025-11-25,2025-11-27,4,ROAD,110.1,False,DELIVERED,BritGoods Ltd,United Kingdom,DOMESTIC,Kitchen Cleaner Spray 750ml,HHE,A,13.26,21.2,United Kingdom,250.0,0.1,0.11009999999999999,2.7525,0.002752,0.009175,2025-11,4,UK SRS 2026,DEFRA GHG Conversion Factors 2025,0.602,16.57,13.8175
PO-000127,PRD-00008,SUP-008,WH-003,200,3.68,736.0,2024-01-20,2024-01-23,2024-01-26,3,ROAD,342.8,False,DELIVERED,LocalPack Ltd,United Kingdom,DOMESTIC,Toilet Cleaner 750ml,HHE,C,4.38,14.3,United Kingdom,250.0,0.1,0.3428,8.57,0.00857,0.04285,2024-01,4,UK SRS 2026,DEFRA GHG Conversion Factors 2025,0.602,51.5914,43.0214
PO-000128,PRD-00008,SUP-008,WH-003,200,3.73,746.0,2024-03-24,2024-03-28,2024-03-29,4,ROAD,342.8,False,DELIVERED,LocalPack Ltd,United Kingdom,DOMESTIC,Toilet Cleaner 750ml,HHE,C,4.38,14.3,United Kingdom,250.0,0.1,0.3428,8.57,0.00857,0.04285,2024-03,4,UK SRS 2026,DEFRA GHG Conversion Factors 2025,0.602,51.5914,43.0214
PO-000129,PRD-00008,SUP-008,WH-003,300,3.62,1086.0,2024-05-23,2024-05-25,2024-05-24,2,ROAD,514.2,False,DELIVERED,LocalPack Ltd,United Kingdom,DOMESTIC,Toilet Cleaner 750ml,HHE,C,4.38,14.3,United Kingdom,250.0,0.1,0.5142,12.855,0.012855,0.04285,2024-05,4,UK SRS 2026,DEFRA GHG Conversion Factors 2025,0.602,77.3871,64.5321
PO-000130,PRD-00008,SUP-008,WH-003,300,3.85,1155.0,2024-07-19,2024-07-21,2024-07-24,2,ROAD,514.2,False,DELIVERED,LocalPack Ltd,United Kingdom,DOMESTIC,Toilet Cleaner 750ml,HHE,C,4.38,14.3,United Kingdom,250.0,0.1,0.5142,12.855,0.012855,0.04285,2024-07,4,UK SRS 2026,DEFRA GHG Conversion Factors 2025,0.602,77.3871,64.5321
PO-000131,PRD-00008,SUP-008,WH-001,300,3.76,1128.0,2024-09-18,2024-09-21,2024-09-24,3,ROAD,514.2,False,DELIVERED,LocalPack Ltd,United Kingdom,DOMESTIC,Toilet Cleaner 750ml,HHE,C,4.38,14.3,United Kingdom,250.0,0.1,0.5142,12.855,0.012855,0.04285,2024-09,4,UK SRS 2026,DEFRA GHG Conversion Factors 2025,0.602,77.3871,64.5321
PO-000132,PRD-00008,SUP-008,WH-002,400,3.72,1488.0,2024-11-12,2024-11-14,2024-11-14,2,ROAD,685.6,False,DELIVERED,LocalPack Ltd,United Kingdom,DOMESTIC,Toilet Cleaner 750ml,HHE,C,4.38,14.3,United Kingdom,250.0,0.1,0.6856,17.14,0.01714,0.04285,2024-11,4,UK SRS 2026,DEFRA GHG Conversion Factors 2025,0.602,103.1828,86.0428
PO-000133,PRD-00008,SUP-008,WH-003,200,3.82,764.0,2025-01-14,2025-01-17,2025-01-17,3,ROAD,342.8,False,DELIVERED,LocalPack Ltd,United Kingdom,DOMESTIC,Toilet Cleaner 750ml,HHE,C,4.38,14.3,United Kingdom,250.0,0.1,0.3428,8.57,0.00857,0.04285,2025-01,4,UK SRS 2026,DEFRA GHG Conversion Factors 2025,0.602,51.5914,43.0214
PO-000134,PRD-00008,SUP-008,WH-003,200,3.77,754.0,2025-03-13,2025-03-16,2025-03-17,3,ROAD,342.8,False,DELIVERED,LocalPack Ltd,United Kingdom,DOMESTIC,Toilet Cleaner 750ml,HHE,C,4.38,14.3,United Kingdom,250.0,0.1,0.3428,8.57,0.00857,0.04285,2025-03,4,UK SRS 2026,DEFRA GHG Conversion Factors 2025,0.602,51.5914,43.0214
PO-000135,PRD-00008,SUP-008,WH-002,300,3.73,1119.0,2025-05-14,2025-05-16,2025-05-17,2,ROAD,514.2,False,DELIVERED,LocalPack Ltd,United Kingdom,DOMESTIC,Toilet Cleaner 750ml,HHE,C,4.38,14.3,United Kingdom,250.0,0.1,0.5142,12.855,0.012855,0.04285,2025-05,4,UK SRS 2026,DEFRA GHG Conversion Factors 2025,0.602,77.3871,64.5321
PO-000136,PRD-00008,SUP-008,WH-003,300,3.65,1095.0,2025-07-18,2025-07-21,2025-07-24,3,ROAD,514.2,False,DELIVERED,LocalPack Ltd,United Kingdom,DOMESTIC,Toilet Cleaner 750ml,HHE,C,4.38,14.3,United Kingdom,250.0,0.1,0.5142,12.855,0.012855,0.04285,2025-07,4,UK SRS 2026,DEFRA GHG Conversion Factors 2025,0.602,77.3871,64.5321
PO-000137,PRD-00008,SUP-008,WH-003,300,3.77,1131.0,2025-09-19,2025-09-22,2025-09-25,3,ROAD,514.2,False,DELIVERED,LocalPack Ltd,United Kingdom,DOMESTIC,Toilet Cleaner 750ml,HHE,C,4.38,14.3,United Kingdom,250.0,0.1,0.5142,12.855,0.012855,0.04285,2025-09,4,UK SRS 2026,DEFRA GHG Conversion Factors 2025,0.602,77.3871,64.5321
PO-000138,PRD-00008,SUP-008,WH-003,400,3.79,1516.0,2025-11-15,2025-11-17,2025-11-17,2,ROAD,685.6,False,DELIVERED,LocalPack Ltd,United Kingdom,DOMESTIC,Toilet Cleaner 750ml,HHE,C,4.38,14.3,United Kingdom,250.0,0.1,0.6856,17.14,0.01714,0.04285,2025-11,4,UK SRS 2026,DEFRA GHG Conversion Factors 2025,0.602,103.1828,86.0428
PO-000139,PRD-00009,SUP-001,WH-002,300,4.69,1407.0,2024-01-02,2024-01-06,2024-01-05,4,ROAD,188.4,False,DELIVERED,BritGoods Ltd,United Kingdom,DOMESTIC,Bathroom Cleaner 500ml,HHE,B,6.16,21.7,United Kingdom,250.0,0.1,0.1884,4.71,0.00471,0.0157,2024-01,4,UK SRS 2026,DEFRA GHG Conversion Factors 2025,0.602,28.3542,23.6442
PO-000140,PRD-00009,SUP-001,WH-001,300,4.81,1443.0,2024-02-15,2024-02-20,2024-02-20,5,ROAD,188.4,False,DELIVERED,BritGoods Ltd,United Kingdom,DOMESTIC,Bathroom Cleaner 500ml,HHE,B,6.16,21.7,United Kingdom,250.0,0.1,0.1884,4.71,0.00471,0.0157,2024-02,4,UK SRS 2026,DEFRA GHG Conversion Factors 2025,0.602,28.3542,23.6442
PO-000141,PRD-00009,SUP-001,WH-001,300,4.85,1455.0,2024-03-30,2024-04-04,2024-04-05,5,ROAD,188.4,False,DELIVERED,BritGoods Ltd,United Kingdom,DOMESTIC,Bathroom Cleaner 500ml,HHE,B,6.16,21.7,United Kingdom,250.0,0.1,0.1884,4.71,0.00471,0.0157,2024-04,4,UK SRS 2026,DEFRA GHG Conversion Factors 2025,0.602,28.3542,23.6442
PO-000142,PRD-00009,SUP-001,WH-001,400,4.83,1932.0,2024-05-16,2024-05-21,2024-05-20,5,ROAD,251.2,False,DELIVERED,BritGoods Ltd,United Kingdom,DOMESTIC,Bathroom Cleaner 500ml,HHE,B,6.16,21.7,United Kingdom,250.0,0.1,0.2512,6.28,0.00628,0.0157,2024-05,4,UK SRS 2026,DEFRA GHG Conversion Factors 2025,0.602,37.8056,31.5256
PO-000143,PRD-00009,SUP-001,WH-002,400,4.97,1988.0,2024-07-05,2024-07-09,2024-07-12,4,ROAD,251.2,False,DELIVERED,BritGoods Ltd,United Kingdom,DOMESTIC,Bathroom Cleaner 500ml,HHE,B,6.16,21.7,United Kingdom,250.0,0.1,0.2512,6.28,0.00628,0.0157,2024-07,4,UK SRS 2026,DEFRA GHG Conversion Factors 2025,0.602,37.8056,31.5256
PO-000144,PRD-00009,SUP-001,WH-001,400,4.83,1932.0,2024-08-22,2024-08-28,2024-08-29,6,ROAD,251.2,False,DELIVERED,BritGoods Ltd,United Kingdom,DOMESTIC,Bathroom Cleaner 500ml,HHE,B,6.16,21.7,United Kingdom,250.0,0.1,0.2512,6.28,0.00628,0.0157,2024-08,4,UK SRS 2026,DEFRA GHG Conversion Factors 2025,0.602,37.8056,31.5256
PO-000145,PRD-00009,SUP-001,WH-001,400,5.0,2000.0,2024-10-09,2024-10-12,2024-10-15,3,ROAD,251.2,False,DELIVERED,BritGoods Ltd,United Kingdom,DOMESTIC,Bathroom Cleaner 500ml,HHE,B,6.16,21.7,United Kingdom,250.0,0.1,0.2512,6.28,0.00628,0.0157,2024-10,4,UK SRS 2026,DEFRA GHG Conversion Factors 2025,0.602,37.8056,31.5256
PO-000146,PRD-00009,SUP-001,WH-001,500,4.81,2405.0,2024-11-25,2024-11-29,2024-12-01,4,ROAD,314.0,False,DELIVERED,BritGoods Ltd,United Kingdom,DOMESTIC,Bathroom Cleaner 500ml,HHE,B,6.16,21.7,United Kingdom,250.0,0.1,0.314,7.85,0.00785,0.0157,2024-12,4,UK SRS 2026,DEFRA GHG Conversion Factors 2025,0.602,47.257,39.407
PO-000147,PRD-00009,SUP-001,WH-001,300,4.58,1374.0,2025-01-09,2025-01-12,2025-01-15,3,ROAD,188.4,False,DELIVERED,BritGoods Ltd,United Kingdom,DOMESTIC,Bathroom Cleaner 500ml,HHE,B,6.16,21.7,United Kingdom,250.0,0.1,0.1884,4.71,0.00471,0.0157,2025-01,4,UK SRS 2026,DEFRA GHG Conversion Factors 2025,0.602,28.3542,23.6442
PO-000148,PRD-00009,SUP-001,WH-002,300,4.88,1464.0,2025-02-25,2025-03-05,2025-03-04,8,ROAD,188.4,False,DELIVERED,BritGoods Ltd,United Kingdom,DOMESTIC,Bathroom Cleaner 500ml,HHE,B,6.16,21.7,United Kingdom,250.0,0.1,0.1884,4.71,0.00471,0.0157,2025-03,4,UK SRS 2026,DEFRA GHG Conversion Factors 2025,0.602,28.3542,23.6442
PO-000149,PRD-00009,SUP-001,WH-002,300,4.93,1479.0,2025-04-15,2025-04-20,2025-04-21,5,ROAD,188.4,False,DELIVERED,BritGoods Ltd,United Kingdom,DOMESTIC,Bathroom Cleaner 500ml,HHE,B,6.16,21.7,United Kingdom,250.0,0.1,0.1884,4.71,0.00471,0.0157,2025-04,4,UK SRS 2026,DEFRA GHG Conversion Factors 2025,0.602,28.3542,23.6442
PO-000150,PRD-00009,SUP-001,WH-001,400,4.94,1976.0,2025-05-25,2025-05-29,2025-05-29,4,ROAD,251.2,False,DELIVERED,BritGoods Ltd,United Kingdom,DOMESTIC,Bathroom Cleaner 500ml,HHE,B,6.16,21.7,United Kingdom,250.0,0.1,0.2512,6.28,0.00628,0.0157,2025-05,4,UK SRS 2026,DEFRA GHG Conversion Factors 2025,0.602,37.8056,31.5256
PO-000151,PRD-00009,SUP-001,WH-001,400,4.9,1960.0,2025-07-10,2025-07-14,2025-07-14,4,ROAD,251.2,False,DELIVERED,BritGoods Ltd,United Kingdom,DOMESTIC,Bathroom Cleaner 500ml,HHE,B,6.16,21.7,United Kingdom,250.0,0.1,0.2512,6.28,0.00628,0.0157,2025-07,4,UK SRS 2026,DEFRA GHG Conversion Factors 2025,0.602,37.8056,31.5256
PO-000152,PRD-00009,SUP-001,WH-001,400,4.84,1936.0,2025-08-22,2025-08-25,2025-08-27,3,ROAD,251.2,False,DELIVERED,BritGoods Ltd,United Kingdom,DOMESTIC,Bathroom Cleaner 500ml,HHE,B,6.16,21.7,United Kingdom,250.0,0.1,0.2512,6.28,0.00628,0.0157,2025-08,4,UK SRS 2026,DEFRA GHG Conversion Factors 2025,0.602,37.8056,31.5256
PO-000153,PRD-00009,SUP-001,WH-003,400,4.76,1904.0,2025-10-06,2025-10-10,2025-10-12,4,ROAD,251.2,False,DELIVERED,BritGoods Ltd,United Kingdom,DOMESTIC,Bathroom Cleaner 500ml,HHE,B,6.16,21.7,United Kingdom,250.0,0.1,0.2512,6.28,0.00628,0.0157,2025-10,4,UK SRS 2026,DEFRA GHG Conversion Factors 2025,0.602,37.8056,31.5256
PO-000154,PRD-00009,SUP-001,WH-003,500,4.67,2335.0,2025-11-21,2025-11-24,2025-11-25,3,ROAD,314.0,False,DELIVERED,BritGoods Ltd,United Kingdom,DOMESTIC,Bathroom Cleaner 500ml,HHE,B,6.16,21.7,United Kingdom,250.0,0.1,0.314,7.85,0.00785,0.0157,2025-11,4,UK SRS 2026,DEFRA GHG Conversion Factors 2025,0.602,47.257,39.407
PO-000155,PRD-00010,SUP-006,WH-003,288,2.7,777.6,2024-01-31,2024-02-13,2024-02-15,13,ROAD,518.98,False,DELIVERED,MedTrade SRL,Italy,EUROPEAN,Multi-Surface Wipes 80-Pack,HHE,C,3.23,16.7,Italy,1800.0,0.1,0.51898,93.4164,0.093416,0.324362,2024-02,4,UK SRS 2026,DEFRA GHG Conversion Factors 2025,0.602,562.3667,468.9503
PO-000156,PRD-00010,SUP-006,WH-003,336,2.72,913.92,2024-04-04,2024-04-19,2024-04-19,15,ROAD,605.47,False,DELIVERED,MedTrade SRL,Italy,EUROPEAN,Multi-Surface Wipes 80-Pack,HHE,C,3.23,16.7,Italy,1800.0,0.1,0.6054700000000001,108.9846,0.108985,0.324359,2024-04,4,UK SRS 2026,DEFRA GHG Conversion Factors 2025,0.602,656.0873,547.1027
PO-000157,PRD-00010,SUP-006,WH-002,384,2.71,1040.64,2024-06-01,2024-06-18,2024-06-17,17,ROAD,691.97,False,DELIVERED,MedTrade SRL,Italy,EUROPEAN,Multi-Surface Wipes 80-Pack,HHE,C,3.23,16.7,Italy,1800.0,0.1,0.69197,124.5546,0.124555,0.324361,2024-06,4,UK SRS 2026,DEFRA GHG Conversion Factors 2025,0.602,749.8187,625.2641
PO-000158,PRD-00010,SUP-006,WH-001,384,2.71,1040.64,2024-08-05,2024-08-19,2024-08-19,14,ROAD,691.97,False,DELIVERED,MedTrade SRL,Italy,EUROPEAN,Multi-Surface Wipes 80-Pack,HHE,C,3.23,16.7,Italy,1800.0,0.1,0.69197,124.5546,0.124555,0.324361,2024-08,4,UK SRS 2026,DEFRA GHG Conversion Factors 2025,0.602,749.8187,625.2641
PO-000159,PRD-00010,SUP-006,WH-001,384,2.67,1025.28,2024-10-01,2024-10-14,2024-10-16,13,ROAD,691.97,False,DELIVERED,MedTrade SRL,Italy,EUROPEAN,Multi-Surface Wipes 80-Pack,HHE,C,3.23,16.7,Italy,1800.0,0.1,0.69197,124.5546,0.124555,0.324361,2024-10,4,UK SRS 2026,DEFRA GHG Conversion Factors 2025,0.602,749.8187,625.2641
PO-000160,PRD-00010,SUP-006,WH-003,576,2.72,1566.72,2024-12-01,2024-12-22,2024-12-22,21,ROAD,1037.95,False,DELIVERED,MedTrade SRL,Italy,EUROPEAN,Multi-Surface Wipes 80-Pack,HHE,C,3.23,16.7,Italy,1800.0,0.1,1.0379500000000002,186.831,0.186831,0.324359,2024-12,4,UK SRS 2026,DEFRA GHG Conversion Factors 2025,0.602,1124.7226,937.8916
PO-000161,PRD-00010,SUP-006,WH-003,288,2.64,760.32,2025-02-04,2025-02-17,2025-02-18,13,ROAD,518.98,False,DELIVERED,MedTrade SRL,Italy,EUROPEAN,Multi-Surface Wipes 80-Pack,HHE,C,3.23,16.7,Italy,1800.0,0.1,0.51898,93.4164,0.093416,0.324362,2025-02,4,UK SRS 2026,DEFRA GHG Conversion Factors 2025,0.602,562.3667,468.9503
PO-000162,PRD-00010,SUP-006,WH-003,336,2.65,890.4,2025-04-05,2025-04-18,2025-04-20,13,ROAD,605.47,False,DELIVERED,MedTrade SRL,Italy,EUROPEAN,Multi-Surface Wipes 80-Pack,HHE,C,3.23,16.7,Italy,1800.0,0.1,0.6054700000000001,108.9846,0.108985,0.324359,2025-04,4,UK SRS 2026,DEFRA GHG Conversion Factors 2025,0.602,656.0873,547.1027
PO-000163,PRD-00010,SUP-006,WH-002,384,2.76,1059.84,2025-06-06,2025-06-17,2025-06-18,11,ROAD,691.97,False,DELIVERED,MedTrade SRL,Italy,EUROPEAN,Multi-Surface Wipes 80-Pack,HHE,C,3.23,16.7,Italy,1800.0,0.1,0.69197,124.5546,0.124555,0.324361,2025-06,4,UK SRS 2026,DEFRA GHG Conversion Factors 2025,0.602,749.8187,625.2641
PO-000164,PRD-00010,SUP-006,WH-003,384,2.57,986.88,2025-08-02,2025-08-14,2025-08-14,12,ROAD,691.97,False,DELIVERED,MedTrade SRL,Italy,EUROPEAN,Multi-Surface Wipes 80-Pack,HHE,C,3.23,16.7,Italy,1800.0,0.1,0.69197,124.5546,0.124555,0.324361,2025-08,4,UK SRS 2026,DEFRA GHG Conversion Factors 2025,0.602,749.8187,625.2641
PO-000165,PRD-00010,SUP-006,WH-002,384,2.65,1017.6,2025-09-29,2025-10-09,2025-10-11,10,ROAD,691.97,False,DELIVERED,MedTrade SRL,Italy,EUROPEAN,Multi-Surface Wipes 80-Pack,HHE,C,3.23,16.7,Italy,1800.0,0.1,0.69197,124.5546,0.124555,0.324361,2025-10,4,UK SRS 2026,DEFRA GHG Conversion Factors 2025,0.602,749.8187,625.2641
PO-000166,PRD-00010,SUP-006,WH-003,576,2.69,1549.44,2025-12-02,2025-12-12,2025-12-11,10,ROAD,1037.95,False,DELIVERED,MedTrade SRL,Italy,EUROPEAN,Multi-Surface Wipes 80-Pack,HHE,C,3.23,16.7,Italy,1800.0,0.1,1.0379500000000002,186.831,0.186831,0.324359,2025-12,4,UK SRS 2026,DEFRA GHG Conversion Factors 2025,0.602,1124.7226,937.8916
PO-000167,PRD-00011,SUP-006,WH-003,100,13.0,1300.0,2024-01-18,2024-02-03,2024-02-04,16,ROAD,144.5,False,DELIVERED,MedTrade SRL,Italy,EUROPEAN,Sponge Scourers 10-Pack,HHE,A,16.13,18.8,Italy,1800.0,0.1,0.1445,26.01,0.02601,0.2601,2024-02,4,UK SRS 2026,DEFRA GHG Conversion Factors 2025,0.602,156.5802,130.5702
PO-000168,PRD-00011,SUP-006,WH-003,100,12.9,1290.0,2024-02-13,2024-02-28,2024-02-29,15,ROAD,144.5,False,DELIVERED,MedTrade SRL,Italy,EUROPEAN,Sponge Scourers 10-Pack,HHE,A,16.13,18.8,Italy,1800.0,0.1,0.1445,26.01,0.02601,0.2601,2024-02,4,UK SRS 2026,DEFRA GHG Conversion Factors 2025,0.602,156.5802,130.5702
PO-000169,PRD-00011,SUP-006,WH-002,200,13.13,2626.0,2024-03-17,2024-03-27,2024-03-26,10,ROAD,289.0,False,DELIVERED,MedTrade SRL,Italy,EUROPEAN,Sponge Scourers 10-Pack,HHE,A,16.13,18.8,Italy,1800.0,0.1,0.289,52.02,0.05202,0.2601,2024-03,4,UK SRS 2026,DEFRA GHG Conversion Factors 2025,0.602,313.1604,261.1404
PO-000170,PRD-00011,SUP-006,WH-001,200,13.32,2664.0,2024-04-15,2024-05-11,2024-05-14,26,ROAD,289.0,False,DELIVERED,MedTrade SRL,Italy,EUROPEAN,Sponge Scourers 10-Pack,HHE,A,16.13,18.8,Italy,1800.0,0.1,0.289,52.02,0.05202,0.2601,2024-05,4,UK SRS 2026,DEFRA GHG Conversion Factors 2025,0.602,313.1604,261.1404
PO-000171,PRD-00011,SUP-006,WH-003,200,13.0,2600.0,2024-05-11,2024-05-21,2024-05-23,10,ROAD,289.0,False,DELIVERED,MedTrade SRL,Italy,EUROPEAN,Sponge Scourers 10-Pack,HHE,A,16.13,18.8,Italy,1800.0,0.1,0.289,52.02,0.05202,0.2601,2024-05,4,UK SRS 2026,DEFRA GHG Conversion Factors 2025,0.602,313.1604,261.1404
PO-000172,PRD-00011,SUP-006,WH-002,200,13.03,2606.0,2024-06-06,2024-06-17,2024-06-20,11,ROAD,289.0,False,DELIVERED,MedTrade SRL,Italy,EUROPEAN,Sponge Scourers 10-Pack,HHE,A,16.13,18.8,Italy,1800.0,0.1,0.289,52.02,0.05202,0.2601,2024-06,4,UK SRS 2026,DEFRA GHG Conversion Factors 2025,0.602,313.1604,261.1404
PO-000173,PRD-00011,SUP-006,WH-001,200,13.38,2676.0,2024-07-10,2024-07-23,2024-07-22,13,ROAD,289.0,False,DELIVERED,MedTrade SRL,Italy,EUROPEAN,Sponge Scourers 10-Pack,HHE,A,16.13,18.8,Italy,1800.0,0.1,0.289,52.02,0.05202,0.2601,2024-07,4,UK SRS 2026,DEFRA GHG Conversion Factors 2025,0.602,313.1604,261.1404
PO-000174,PRD-00011,SUP-006,WH-002,200,13.01,2602.0,2024-08-09,2024-08-22,2024-08-21,13,ROAD,289.0,False,DELIVERED,MedTrade SRL,Italy,EUROPEAN,Sponge Scourers 10-Pack,HHE,A,16.13,18.8,Italy,1800.0,0.1,0.289,52.02,0.05202,0.2601,2024-08,4,UK SRS 2026,DEFRA GHG Conversion Factors 2025,0.602,313.1604,261.1404
PO-000175,PRD-00011,SUP-006,WH-001,200,13.01,2602.0,2024-09-04,2024-09-18,2024-09-19,14,ROAD,289.0,False,DELIVERED,MedTrade SRL,Italy,EUROPEAN,Sponge Scourers 10-Pack,HHE,A,16.13,18.8,Italy,1800.0,0.1,0.289,52.02,0.05202,0.2601,2024-09,4,UK SRS 2026,DEFRA GHG Conversion Factors 2025,0.602,313.1604,261.1404
PO-000176,PRD-00011,SUP-006,WH-003,200,13.04,2608.0,2024-09-29,2024-10-13,2024-10-12,14,ROAD,289.0,False,DELIVERED,MedTrade SRL,Italy,EUROPEAN,Sponge Scourers 10-Pack,HHE,A,16.13,18.8,Italy,1800.0,0.1,0.289,52.02,0.05202,0.2601,2024-10,4,UK SRS 2026,DEFRA GHG Conversion Factors 2025,0.602,313.1604,261.1404
PO-000177,PRD-00011,SUP-006,WH-003,200,13.11,2622.0,2024-11-01,2024-11-16,2024-11-17,15,ROAD,289.0,False,DELIVERED,MedTrade SRL,Italy,EUROPEAN,Sponge Scourers 10-Pack,HHE,A,16.13,18.8,Italy,1800.0,0.1,0.289,52.02,0.05202,0.2601,2024-11,4,UK SRS 2026,DEFRA GHG Conversion Factors 2025,0.602,313.1604,261.1404
PO-000178,PRD-00011,SUP-006,WH-001,200,12.76,2552.0,2024-11-28,2024-12-09,2024-12-11,11,ROAD,289.0,False,DELIVERED,MedTrade SRL,Italy,EUROPEAN,Sponge Scourers 10-Pack,HHE,A,16.13,18.8,Italy,1800.0,0.1,0.289,52.02,0.05202,0.2601,2024-12,4,UK SRS 2026,DEFRA GHG Conversion Factors 2025,0.602,313.1604,261.1404
PO-000179,PRD-00011,SUP-006,WH-003,300,12.96,3888.0,2024-12-28,2025-01-10,2025-01-12,13,ROAD,433.5,False,DELIVERED,MedTrade SRL,Italy,EUROPEAN,Sponge Scourers 10-Pack,HHE,A,16.13,18.8,Italy,1800.0,0.1,0.4335,78.03,0.07803,0.2601,2025-01,4,UK SRS 2026,DEFRA GHG Conversion Factors 2025,0.602,469.7406,391.7106
PO-000180,PRD-00011,SUP-006,WH-002,100,13.26,1326.0,2025-01-25,2025-02-09,2025-02-12,15,ROAD,144.5,False,DELIVERED,MedTrade SRL,Italy,EUROPEAN,Sponge Scourers 10-Pack,HHE,A,16.13,18.8,Italy,1800.0,0.1,0.1445,26.01,0.02601,0.2601,2025-02,4,UK SRS 2026,DEFRA GHG Conversion Factors 2025,0.602,156.5802,130.5702
PO-000181,PRD-00011,SUP-006,WH-003,100,13.23,1323.0,2025-02-25,2025-03-14,2025-03-14,17,ROAD,144.5,False,DELIVERED,MedTrade SRL,Italy,EUROPEAN,Sponge Scourers 10-Pack,HHE,A,16.13,18.8,Italy,1800.0,0.1,0.1445,26.01,0.02601,0.2601,2025-03,4,UK SRS 2026,DEFRA GHG Conversion Factors 2025,0.602,156.5802,130.5702
PO-000182,PRD-00011,SUP-006,WH-003,200,13.46,2692.0,2025-03-24,2025-04-05,2025-04-04,12,ROAD,289.0,False,DELIVERED,MedTrade SRL,Italy,EUROPEAN,Sponge Scourers 10-Pack,HHE,A,16.13,18.8,Italy,1800.0,0.1,0.289,52.02,0.05202,0.2601,2025-04,4,UK SRS 2026,DEFRA GHG Conversion Factors 2025,0.602,313.1604,261.1404
PO-000183,PRD-00011,SUP-006,WH-003,200,12.81,2562.0,2025-04-25,2025-05-11,2025-05-13,16,ROAD,289.0,False,DELIVERED,MedTrade SRL,Italy,EUROPEAN,Sponge Scourers 10-Pack,HHE,A,16.13,18.8,Italy,1800.0,0.1,0.289,52.02,0.05202,0.2601,2025-05,4,UK SRS 2026,DEFRA GHG Conversion Factors 2025,0.602,313.1604,261.1404
PO-000184,PRD-00011,SUP-006,WH-002,200,13.1,2620.0,2025-05-20,2025-06-04,2025-06-04,15,ROAD,289.0,False,DELIVERED,MedTrade SRL,Italy,EUROPEAN,Sponge Scourers 10-Pack,HHE,A,16.13,18.8,Italy,1800.0,0.1,0.289,52.02,0.05202,0.2601,2025-06,4,UK SRS 2026,DEFRA GHG Conversion Factors 2025,0.602,313.1604,261.1404
PO-000185,PRD-00011,SUP-006,WH-002,200,13.34,2668.0,2025-06-14,2025-06-27,2025-06-27,13,ROAD,289.0,False,DELIVERED,MedTrade SRL,Italy,EUROPEAN,Sponge Scourers 10-Pack,HHE,A,16.13,18.8,Italy,1800.0,0.1,0.289,52.02,0.05202,0.2601,2025-06,4,UK SRS 2026,DEFRA GHG Conversion Factors 2025,0.602,313.1604,261.1404
PO-000186,PRD-00011,SUP-006,WH-002,200,13.12,2624.0,2025-07-12,2025-07-24,2025-07-25,12,ROAD,289.0,False,DELIVERED,MedTrade SRL,Italy,EUROPEAN,Sponge Scourers 10-Pack,HHE,A,16.13,18.8,Italy,1800.0,0.1,0.289,52.02,0.05202,0.2601,2025-07,4,UK SRS 2026,DEFRA GHG Conversion Factors 2025,0.602,313.1604,261.1404
PO-000187,PRD-00011,SUP-006,WH-001,200,12.72,2544.0,2025-08-12,2025-08-22,2025-08-25,10,ROAD,289.0,False,DELIVERED,MedTrade SRL,Italy,EUROPEAN,Sponge Scourers 10-Pack,HHE,A,16.13,18.8,Italy,1800.0,0.1,0.289,52.02,0.05202,0.2601,2025-08,4,UK SRS 2026,DEFRA GHG Conversion Factors 2025,0.602,313.1604,261.1404
PO-000188,PRD-00011,SUP-006,WH-001,200,13.45,2690.0,2025-09-11,2025-09-21,2025-09-24,10,ROAD,289.0,False,DELIVERED,MedTrade SRL,Italy,EUROPEAN,Sponge Scourers 10-Pack,HHE,A,16.13,18.8,Italy,1800.0,0.1,0.289,52.02,0.05202,0.2601,2025-09,4,UK SRS 2026,DEFRA GHG Conversion Factors 2025,0.602,313.1604,261.1404
PO-000189,PRD-00011,SUP-006,WH-001,200,13.17,2634.0,2025-10-14,2025-10-26,2025-10-27,12,ROAD,289.0,False,DELIVERED,MedTrade SRL,Italy,EUROPEAN,Sponge Scourers 10-Pack,HHE,A,16.13,18.8,Italy,1800.0,0.1,0.289,52.02,0.05202,0.2601,2025-10,4,UK SRS 2026,DEFRA GHG Conversion Factors 2025,0.602,313.1604,261.1404
PO-000190,PRD-00011,SUP-006,WH-002,200,13.21,2642.0,2025-11-17,2025-11-29,2025-11-29,12,ROAD,289.0,False,DELIVERED,MedTrade SRL,Italy,EUROPEAN,Sponge Scourers 10-Pack,HHE,A,16.13,18.8,Italy,1800.0,0.1,0.289,52.02,0.05202,0.2601,2025-11,4,UK SRS 2026,DEFRA GHG Conversion Factors 2025,0.602,313.1604,261.1404
PO-000191,PRD-00011,SUP-006,WH-002,300,12.95,3885.0,2025-12-18,2026-01-01,2025-12-31,14,ROAD,433.5,False,DELIVERED,MedTrade SRL,Italy,EUROPEAN,Sponge Scourers 10-Pack,HHE,A,16.13,18.8,Italy,1800.0,0.1,0.4335,78.03,0.07803,0.2601,2025-12,4,UK SRS 2026,DEFRA GHG Conversion Factors 2025,0.602,469.7406,391.7106
PO-000192,PRD-00012,SUP-001,WH-002,200,8.28,1656.0,2024-01-01,2024-01-07,2024-01-06,6,ROAD,283.6,False,DELIVERED,BritGoods Ltd,United Kingdom,DOMESTIC,Paper Towels 12-Roll,HHE,A,9.74,14.6,United Kingdom,250.0,0.1,0.2836,7.09,0.00709,0.03545,2024-01,4,UK SRS 2026,DEFRA GHG Conversion Factors 2025,0.602,42.6818,35.5918
PO-000193,PRD-00012,SUP-001,WH-001,200,8.22,1644.0,2024-01-28,2024-02-02,2024-02-03,5,ROAD,283.6,False,DELIVERED,BritGoods Ltd,United Kingdom,DOMESTIC,Paper Towels 12-Roll,HHE,A,9.74,14.6,United Kingdom,250.0,0.1,0.2836,7.09,0.00709,0.03545,2024-02,4,UK SRS 2026,DEFRA GHG Conversion Factors 2025,0.602,42.6818,35.5918
PO-000194,PRD-00012,SUP-001,WH-001,200,8.1,1620.0,2024-02-26,2024-03-03,2024-03-02,6,ROAD,283.6,False,DELIVERED,BritGoods Ltd,United Kingdom,DOMESTIC,Paper Towels 12-Roll,HHE,A,9.74,14.6,United Kingdom,250.0,0.1,0.2836,7.09,0.00709,0.03545,2024-03,4,UK SRS 2026,DEFRA GHG Conversion Factors 2025,0.602,42.6818,35.5918
PO-000195,PRD-00012,SUP-001,WH-001,300,8.26,2478.0,2024-04-01,2024-04-04,2024-04-07,3,ROAD,425.4,False,DELIVERED,BritGoods Ltd,United Kingdom,DOMESTIC,Paper Towels 12-Roll,HHE,A,9.74,14.6,United Kingdom,250.0,0.1,0.4254,10.635,0.010635,0.03545,2024-04,4,UK SRS 2026,DEFRA GHG Conversion Factors 2025,0.602,64.0227,53.3877
PO-000196,PRD-00012,SUP-001,WH-002,300,8.45,2535.0,2024-05-03,2024-05-07,2024-05-06,4,ROAD,425.4,False,DELIVERED,BritGoods Ltd,United Kingdom,DOMESTIC,Paper Towels 12-Roll,HHE,A,9.74,14.6,United Kingdom,250.0,0.1,0.4254,10.635,0.010635,0.03545,2024-05,4,UK SRS 2026,DEFRA GHG Conversion Factors 2025,0.602,64.0227,53.3877
PO-000197,PRD-00012,SUP-001,WH-003,300,8.58,2574.0,2024-06-04,2024-06-07,2024-06-10,3,ROAD,425.4,False,DELIVERED,BritGoods Ltd,United Kingdom,DOMESTIC,Paper Towels 12-Roll,HHE,A,9.74,14.6,United Kingdom,250.0,0.1,0.4254,10.635,0.010635,0.03545,2024-06,4,UK SRS 2026,DEFRA GHG Conversion Factors 2025,0.602,64.0227,53.3877
PO-000198,PRD-00012,SUP-001,WH-003,300,8.15,2445.0,2024-06-29,2024-07-03,2024-07-03,4,ROAD,425.4,False,DELIVERED,BritGoods Ltd,United Kingdom,DOMESTIC,Paper Towels 12-Roll,HHE,A,9.74,14.6,United Kingdom,250.0,0.1,0.4254,10.635,0.010635,0.03545,2024-07,4,UK SRS 2026,DEFRA GHG Conversion Factors 2025,0.602,64.0227,53.3877
PO-000199,PRD-00012,SUP-001,WH-002,300,8.04,2412.0,2024-08-03,2024-08-08,2024-08-07,5,ROAD,425.4,False,DELIVERED,BritGoods Ltd,United Kingdom,DOMESTIC,Paper Towels 12-Roll,HHE,A,9.74,14.6,United Kingdom,250.0,0.1,0.4254,10.635,0.010635,0.03545,2024-08,4,UK SRS 2026,DEFRA GHG Conversion Factors 2025,0.602,64.0227,53.3877
PO-000200,PRD-00012,SUP-001,WH-002,300,8.16,2448.0,2024-08-29,2024-09-03,2024-09-02,5,ROAD,425.4,False,DELIVERED,BritGoods Ltd,United Kingdom,DOMESTIC,Paper Towels 12-Roll,HHE,A,9.74,14.6,United Kingdom,250.0,0.1,0.4254,10.635,0.010635,0.03545,2024-09,4,UK SRS 2026,DEFRA GHG Conversion Factors 2025,0.602,64.0227,53.3877
PO-000201,PRD-00012,SUP-001,WH-003,300,8.37,2511.0,2024-09-26,2024-10-01,2024-10-04,5,ROAD,425.4,False,DELIVERED,BritGoods Ltd,United Kingdom,DOMESTIC,Paper Towels 12-Roll,HHE,A,9.74,14.6,United Kingdom,250.0,0.1,0.4254,10.635,0.010635,0.03545,2024-10,4,UK SRS 2026,DEFRA GHG Conversion Factors 2025,0.602,64.0227,53.3877
PO-000202,PRD-00012,SUP-001,WH-001,300,8.47,2541.0,2024-10-21,2024-10-25,2024-10-26,4,ROAD,425.4,False,DELIVERED,BritGoods Ltd,United Kingdom,DOMESTIC,Paper Towels 12-Roll,HHE,A,9.74,14.6,United Kingdom,250.0,0.1,0.4254,10.635,0.010635,0.03545,2024-10,4,UK SRS 2026,DEFRA GHG Conversion Factors 2025,0.602,64.0227,53.3877
PO-000203,PRD-00012,SUP-001,WH-003,400,8.4,3360.0,2024-11-23,2024-11-26,2024-11-29,3,ROAD,567.2,False,DELIVERED,BritGoods Ltd,United Kingdom,DOMESTIC,Paper Towels 12-Roll,HHE,A,9.74,14.6,United Kingdom,250.0,0.1,0.5672,14.18,0.01418,0.03545,2024-11,4,UK SRS 2026,DEFRA GHG Conversion Factors 2025,0.602,85.3636,71.1836
PO-000204,PRD-00012,SUP-001,WH-003,400,8.55,3420.0,2024-12-26,2024-12-31,2024-12-30,5,ROAD,567.2,False,DELIVERED,BritGoods Ltd,United Kingdom,DOMESTIC,Paper Towels 12-Roll,HHE,A,9.74,14.6,United Kingdom,250.0,0.1,0.5672,14.18,0.01418,0.03545,2024-12,4,UK SRS 2026,DEFRA GHG Conversion Factors 2025,0.602,85.3636,71.1836
PO-000205,PRD-00012,SUP-001,WH-002,200,8.32,1664.0,2025-01-25,2025-01-30,2025-02-01,5,ROAD,283.6,False,DELIVERED,BritGoods Ltd,United Kingdom,DOMESTIC,Paper Towels 12-Roll,HHE,A,9.74,14.6,United Kingdom,250.0,0.1,0.2836,7.09,0.00709,0.03545,2025-02,4,UK SRS 2026,DEFRA GHG Conversion Factors 2025,0.602,42.6818,35.5918
PO-000206,PRD-00012,SUP-001,WH-002,200,7.99,1598.0,2025-02-20,2025-02-24,2025-02-23,4,ROAD,283.6,False,DELIVERED,BritGoods Ltd,United Kingdom,DOMESTIC,Paper Towels 12-Roll,HHE,A,9.74,14.6,United Kingdom,250.0,0.1,0.2836,7.09,0.00709,0.03545,2025-02,4,UK SRS 2026,DEFRA GHG Conversion Factors 2025,0.602,42.6818,35.5918
PO-000207,PRD-00012,SUP-001,WH-003,200,8.26,1652.0,2025-03-23,2025-03-26,2025-03-28,3,ROAD,283.6,False,DELIVERED,BritGoods Ltd,United Kingdom,DOMESTIC,Paper Towels 12-Roll,HHE,A,9.74,14.6,United Kingdom,250.0,0.1,0.2836,7.09,0.00709,0.03545,2025-03,4,UK SRS 2026,DEFRA GHG Conversion Factors 2025,0.602,42.6818,35.5918
PO-000208,PRD-00012,SUP-001,WH-001,300,8.02,2406.0,2025-04-26,2025-04-29,2025-04-29,3,ROAD,425.4,False,DELIVERED,BritGoods Ltd,United Kingdom,DOMESTIC,Paper Towels 12-Roll,HHE,A,9.74,14.6,United Kingdom,250.0,0.1,0.4254,10.635,0.010635,0.03545,2025-04,4,UK SRS 2026,DEFRA GHG Conversion Factors 2025,0.602,64.0227,53.3877
PO-000209,PRD-00012,SUP-001,WH-002,300,8.05,2415.0,2025-05-29,2025-06-01,2025-06-02,3,ROAD,425.4,False,DELIVERED,BritGoods Ltd,United Kingdom,DOMESTIC,Paper Towels 12-Roll,HHE,A,9.74,14.6,United Kingdom,250.0,0.1,0.4254,10.635,0.010635,0.03545,2025-06,4,UK SRS 2026,DEFRA GHG Conversion Factors 2025,0.602,64.0227,53.3877
PO-000210,PRD-00012,SUP-001,WH-002,300,8.05,2415.0,2025-06-27,2025-07-01,2025-07-01,4,ROAD,425.4,False,DELIVERED,BritGoods Ltd,United Kingdom,DOMESTIC,Paper Towels 12-Roll,HHE,A,9.74,14.6,United Kingdom,250.0,0.1,0.4254,10.635,0.010635,0.03545,2025-07,4,UK SRS 2026,DEFRA GHG Conversion Factors 2025,0.602,64.0227,53.3877
PO-000211,PRD-00012,SUP-001,WH-003,300,8.58,2574.0,2025-07-23,2025-07-28,2025-07-27,5,ROAD,425.4,False,DELIVERED,BritGoods Ltd,United Kingdom,DOMESTIC,Paper Towels 12-Roll,HHE,A,9.74,14.6,United Kingdom,250.0,0.1,0.4254,10.635,0.010635,0.03545,2025-07,4,UK SRS 2026,DEFRA GHG Conversion Factors 2025,0.602,64.0227,53.3877
PO-000212,PRD-00012,SUP-001,WH-003,300,8.19,2457.0,2025-08-19,2025-08-23,2025-08-26,4,ROAD,425.4,False,DELIVERED,BritGoods Ltd,United Kingdom,DOMESTIC,Paper Towels 12-Roll,HHE,A,9.74,14.6,United Kingdom,250.0,0.1,0.4254,10.635,0.010635,0.03545,2025-08,4,UK SRS 2026,DEFRA GHG Conversion Factors 2025,0.602,64.0227,53.3877
PO-000213,PRD-00012,SUP-001,WH-003,300,8.29,2487.0,2025-09-16,2025-09-20,2025-09-22,4,ROAD,425.4,False,DELIVERED,BritGoods Ltd,United Kingdom,DOMESTIC,Paper Towels 12-Roll,HHE,A,9.74,14.6,United Kingdom,250.0,0.1,0.4254,10.635,0.010635,0.03545,2025-09,4,UK SRS 2026,DEFRA GHG Conversion Factors 2025,0.602,64.0227,53.3877
PO-000214,PRD-00012,SUP-001,WH-001,300,8.26,2478.0,2025-10-13,2025-10-16,2025-10-17,3,ROAD,425.4,False,DELIVERED,BritGoods Ltd,United Kingdom,DOMESTIC,Paper Towels 12-Roll,HHE,A,9.74,14.6,United Kingdom,250.0,0.1,0.4254,10.635,0.010635,0.03545,2025-10,4,UK SRS 2026,DEFRA GHG Conversion Factors 2025,0.602,64.0227,53.3877
PO-000215,PRD-00012,SUP-001,WH-001,400,8.35,3340.0,2025-11-14,2025-11-18,2025-11-18,4,ROAD,567.2,False,DELIVERED,BritGoods Ltd,United Kingdom,DOMESTIC,Paper Towels 12-Roll,HHE,A,9.74,14.6,United Kingdom,250.0,0.1,0.5672,14.18,0.01418,0.03545,2025-11,4,UK SRS 2026,DEFRA GHG Conversion Factors 2025,0.602,85.3636,71.1836
PO-000216,PRD-00012,SUP-001,WH-003,400,8.4,3360.0,2025-12-15,2025-12-19,2025-12-21,4,ROAD,567.2,False,DELIVERED,BritGoods Ltd,United Kingdom,DOMESTIC,Paper Towels 12-Roll,HHE,A,9.74,14.6,United Kingdom,250.0,0.1,0.5672,14.18,0.01418,0.03545,2025-12,4,UK SRS 2026,DEFRA GHG Conversion Factors 2025,0.602,85.3636,71.1836
PO-000217,PRD-00013,SUP-006,WH-002,192,9.41,1806.72,2024-01-22,2024-02-06,2024-02-09,15,ROAD,145.15,False,DELIVERED,MedTrade SRL,Italy,EUROPEAN,Rubber Gloves Medium Pair,HHE,A,11.4,16.9,Italy,1800.0,0.1,0.14515,26.127,0.026127,0.136078,2024-02,4,UK SRS 2026,DEFRA GHG Conversion Factors 2025,0.602,157.2845,131.1575
PO-000218,PRD-00013,SUP-006,WH-001,192,9.1,1747.2,2024-02-17,2024-03-02,2024-03-05,14,ROAD,145.15,False,DELIVERED,MedTrade SRL,Italy,EUROPEAN,Rubber Gloves Medium Pair,HHE,A,11.4,16.9,Italy,1800.0,0.1,0.14515,26.127,0.026127,0.136078,2024-03,4,UK SRS 2026,DEFRA GHG Conversion Factors 2025,0.602,157.2845,131.1575
PO-000219,PRD-00013,SUP-006,WH-002,192,9.5,1824.0,2024-03-23,2024-04-07,2024-04-06,15,ROAD,145.15,False,DELIVERED,MedTrade SRL,Italy,EUROPEAN,Rubber Gloves Medium Pair,HHE,A,11.4,16.9,Italy,1800.0,0.1,0.14515,26.127,0.026127,0.136078,2024-04,4,UK SRS 2026,DEFRA GHG Conversion Factors 2025,0.602,157.2845,131.1575
PO-000220,PRD-00013,SUP-006,WH-003,240,9.43,2263.2,2024-04-20,2024-05-03,2024-05-06,13,ROAD,181.44,False,DELIVERED,MedTrade SRL,Italy,EUROPEAN,Rubber Gloves Medium Pair,HHE,A,11.4,16.9,Italy,1800.0,0.1,0.18144,32.6592,0.032659,0.13608,2024-05,4,UK SRS 2026,DEFRA GHG Conversion Factors 2025,0.602,196.6084,163.9492
PO-000221,PRD-00013,SUP-006,WH-001,240,9.31,2234.4,2024-05-24,2024-06-05,2024-06-08,12,ROAD,181.44,False,DELIVERED,MedTrade SRL,Italy,EUROPEAN,Rubber Gloves Medium Pair,HHE,A,11.4,16.9,Italy,1800.0,0.1,0.18144,32.6592,0.032659,0.13608,2024-06,4,UK SRS 2026,DEFRA GHG Conversion Factors 2025,0.602,196.6084,163.9492
PO-000222,PRD-00013,SUP-006,WH-001,240,9.9,2376.0,2024-06-22,2024-07-02,2024-07-01,10,ROAD,181.44,False,DELIVERED,MedTrade SRL,Italy,EUROPEAN,Rubber Gloves Medium Pair,HHE,A,11.4,16.9,Italy,1800.0,0.1,0.18144,32.6592,0.032659,0.13608,2024-07,4,UK SRS 2026,DEFRA GHG Conversion Factors 2025,0.602,196.6084,163.9492
PO-000223,PRD-00013,SUP-006,WH-003,240,9.46,2270.4,2024-07-22,2024-08-02,2024-08-02,11,ROAD,181.44,False,DELIVERED,MedTrade SRL,Italy,EUROPEAN,Rubber Gloves Medium Pair,HHE,A,11.4,16.9,Italy,1800.0,0.1,0.18144,32.6592,0.032659,0.13608,2024-08,4,UK SRS 2026,DEFRA GHG Conversion Factors 2025,0.602,196.6084,163.9492
PO-000224,PRD-00013,SUP-006,WH-003,240,9.65,2316.0,2024-08-23,2024-09-02,2024-09-02,10,ROAD,181.44,False,DELIVERED,MedTrade SRL,Italy,EUROPEAN,Rubber Gloves Medium Pair,HHE,A,11.4,16.9,Italy,1800.0,0.1,0.18144,32.6592,0.032659,0.13608,2024-09,4,UK SRS 2026,DEFRA GHG Conversion Factors 2025,0.602,196.6084,163.9492
PO-000225,PRD-00013,SUP-006,WH-003,240,9.7,2328.0,2024-09-24,2024-10-08,2024-10-08,14,ROAD,181.44,False,DELIVERED,MedTrade SRL,Italy,EUROPEAN,Rubber Gloves Medium Pair,HHE,A,11.4,16.9,Italy,1800.0,0.1,0.18144,32.6592,0.032659,0.13608,2024-10,4,UK SRS 2026,DEFRA GHG Conversion Factors 2025,0.602,196.6084,163.9492
PO-000226,PRD-00013,SUP-006,WH-001,240,9.78,2347.2,2024-10-27,2024-11-08,2024-11-10,12,ROAD,181.44,False,DELIVERED,MedTrade SRL,Italy,EUROPEAN,Rubber Gloves Medium Pair,HHE,A,11.4,16.9,Italy,1800.0,0.1,0.18144,32.6592,0.032659,0.13608,2024-11,4,UK SRS 2026,DEFRA GHG Conversion Factors 2025,0.602,196.6084,163.9492
PO-000227,PRD-00013,SUP-006,WH-003,336,9.55,3208.8,2024-11-22,2024-12-02,2024-12-05,10,ROAD,254.02,False,DELIVERED,MedTrade SRL,Italy,EUROPEAN,Rubber Gloves Medium Pair,HHE,A,11.4,16.9,Italy,1800.0,0.1,0.25402,45.7236,0.045724,0.136082,2024-12,4,UK SRS 2026,DEFRA GHG Conversion Factors 2025,0.602,275.2561,229.5325
PO-000228,PRD-00013,SUP-006,WH-001,336,9.6,3225.6,2024-12-21,2025-01-01,2025-01-02,11,ROAD,254.02,False,DELIVERED,MedTrade SRL,Italy,EUROPEAN,Rubber Gloves Medium Pair,HHE,A,11.4,16.9,Italy,1800.0,0.1,0.25402,45.7236,0.045724,0.136082,2025-01,4,UK SRS 2026,DEFRA GHG Conversion Factors 2025,0.602,275.2561,229.5325
PO-000229,PRD-00013,SUP-006,WH-002,192,9.13,1752.96,2025-01-22,2025-02-05,2025-02-05,14,ROAD,145.15,False,DELIVERED,MedTrade SRL,Italy,EUROPEAN,Rubber Gloves Medium Pair,HHE,A,11.4,16.9,Italy,1800.0,0.1,0.14515,26.127,0.026127,0.136078,2025-02,4,UK SRS 2026,DEFRA GHG Conversion Factors 2025,0.602,157.2845,131.1575
PO-000230,PRD-00013,SUP-006,WH-003,192,9.69,1860.48,2025-02-26,2025-03-12,2025-03-14,14,ROAD,145.15,False,DELIVERED,MedTrade SRL,Italy,EUROPEAN,Rubber Gloves Medium Pair,HHE,A,11.4,16.9,Italy,1800.0,0.1,0.14515,26.127,0.026127,0.136078,2025-03,4,UK SRS 2026,DEFRA GHG Conversion Factors 2025,0.602,157.2845,131.1575
PO-000231,PRD-00013,SUP-006,WH-002,192,9.91,1902.72,2025-03-24,2025-04-06,2025-04-07,13,ROAD,145.15,False,DELIVERED,MedTrade SRL,Italy,EUROPEAN,Rubber Gloves Medium Pair,HHE,A,11.4,16.9,Italy,1800.0,0.1,0.14515,26.127,0.026127,0.136078,2025-04,4,UK SRS 2026,DEFRA GHG Conversion Factors 2025,0.602,157.2845,131.1575
PO-000232,PRD-00013,SUP-006,WH-002,240,9.66,2318.4,2025-04-19,2025-05-06,2025-05-07,17,ROAD,181.44,False,DELIVERED,MedTrade SRL,Italy,EUROPEAN,Rubber Gloves Medium Pair,HHE,A,11.4,16.9,Italy,1800.0,0.1,0.18144,32.6592,0.032659,0.13608,2025-05,4,UK SRS 2026,DEFRA GHG Conversion Factors 2025,0.602,196.6084,163.9492
PO-000233,PRD-00013,SUP-006,WH-002,240,9.32,2236.8,2025-05-21,2025-06-02,2025-06-03,12,ROAD,181.44,False,DELIVERED,MedTrade SRL,Italy,EUROPEAN,Rubber Gloves Medium Pair,HHE,A,11.4,16.9,Italy,1800.0,0.1,0.18144,32.6592,0.032659,0.13608,2025-06,4,UK SRS 2026,DEFRA GHG Conversion Factors 2025,0.602,196.6084,163.9492
PO-000234,PRD-00013,SUP-006,WH-002,240,9.51,2282.4,2025-06-22,2025-07-05,2025-07-07,13,ROAD,181.44,False,DELIVERED,MedTrade SRL,Italy,EUROPEAN,Rubber Gloves Medium Pair,HHE,A,11.4,16.9,Italy,1800.0,0.1,0.18144,32.6592,0.032659,0.13608,2025-07,4,UK SRS 2026,DEFRA GHG Conversion Factors 2025,0.602,196.6084,163.9492
PO-000235,PRD-00013,SUP-006,WH-001,240,9.56,2294.4,2025-07-21,2025-08-02,2025-08-02,12,ROAD,181.44,False,DELIVERED,MedTrade SRL,Italy,EUROPEAN,Rubber Gloves Medium Pair,HHE,A,11.4,16.9,Italy,1800.0,0.1,0.18144,32.6592,0.032659,0.13608,2025-08,4,UK SRS 2026,DEFRA GHG Conversion Factors 2025,0.602,196.6084,163.9492
PO-000236,PRD-00013,SUP-006,WH-001,240,9.45,2268.0,2025-08-24,2025-09-04,2025-09-04,11,ROAD,181.44,False,DELIVERED,MedTrade SRL,Italy,EUROPEAN,Rubber Gloves Medium Pair,HHE,A,11.4,16.9,Italy,1800.0,0.1,0.18144,32.6592,0.032659,0.13608,2025-09,4,UK SRS 2026,DEFRA GHG Conversion Factors 2025,0.602,196.6084,163.9492
PO-000237,PRD-00013,SUP-006,WH-001,240,9.38,2251.2,2025-09-22,2025-10-04,2025-10-06,12,ROAD,181.44,False,DELIVERED,MedTrade SRL,Italy,EUROPEAN,Rubber Gloves Medium Pair,HHE,A,11.4,16.9,Italy,1800.0,0.1,0.18144,32.6592,0.032659,0.13608,2025-10,4,UK SRS 2026,DEFRA GHG Conversion Factors 2025,0.602,196.6084,163.9492
PO-000238,PRD-00013,SUP-006,WH-001,240,9.35,2244.0,2025-10-27,2025-11-08,2025-11-07,12,ROAD,181.44,False,DELIVERED,MedTrade SRL,Italy,EUROPEAN,Rubber Gloves Medium Pair,HHE,A,11.4,16.9,Italy,1800.0,0.1,0.18144,32.6592,0.032659,0.13608,2025-11,4,UK SRS 2026,DEFRA GHG Conversion Factors 2025,0.602,196.6084,163.9492
PO-000239,PRD-00013,SUP-006,WH-003,336,9.45,3175.2,2025-11-27,2025-12-10,2025-12-11,13,ROAD,254.02,False,DELIVERED,MedTrade SRL,Italy,EUROPEAN,Rubber Gloves Medium Pair,HHE,A,11.4,16.9,Italy,1800.0,0.1,0.25402,45.7236,0.045724,0.136082,2025-12,4,UK SRS 2026,DEFRA GHG Conversion Factors 2025,0.602,275.2561,229.5325
PO-000241,PRD-00014,SUP-002,WH-002,200,7.49,1498.0,2024-01-30,2024-02-10,2024-02-11,11,ROAD,197.2,False,DELIVERED,EuroFast GmbH,Germany,EUROPEAN,Oven Cleaner 300ml,HHE,A,9.49,21.4,Germany,1100.0,0.1,0.1972,21.692,0.021692,0.10846,2024-02,4,UK SRS 2026,DEFRA GHG Conversion Factors 2025,0.602,130.5858,108.8938
PO-000242,PRD-00014,SUP-002,WH-002,300,7.55,2265.0,2024-03-02,2024-03-11,2024-03-14,9,ROAD,295.8,False,DELIVERED,EuroFast GmbH,Germany,EUROPEAN,Oven Cleaner 300ml,HHE,A,9.49,21.4,Germany,1100.0,0.1,0.2958,32.538,0.032538,0.10846,2024-03,4,UK SRS 2026,DEFRA GHG Conversion Factors 2025,0.602,195.8788,163.3408
PO-000243,PRD-00014,SUP-002,WH-002,300,7.35,2205.0,2024-03-27,2024-04-05,2024-04-05,9,ROAD,295.8,False,DELIVERED,EuroFast GmbH,Germany,EUROPEAN,Oven Cleaner 300ml,HHE,A,9.49,21.4,Germany,1100.0,0.1,0.2958,32.538,0.032538,0.10846,2024-04,4,UK SRS 2026,DEFRA GHG Conversion Factors 2025,0.602,195.8788,163.3408
PO-000244,PRD-00014,SUP-002,WH-001,300,7.33,2199.0,2024-04-23,2024-05-02,2024-05-05,9,ROAD,295.8,False,DELIVERED,EuroFast GmbH,Germany,EUROPEAN,Oven Cleaner 300ml,HHE,A,9.49,21.4,Germany,1100.0,0.1,0.2958,32.538,0.032538,0.10846,2024-05,4,UK SRS 2026,DEFRA GHG Conversion Factors 2025,0.602,195.8788,163.3408
PO-000245,PRD-00014,SUP-002,WH-003,300,7.17,2151.0,2024-05-25,2024-06-01,2024-06-03,7,ROAD,295.8,False,DELIVERED,EuroFast GmbH,Germany,EUROPEAN,Oven Cleaner 300ml,HHE,A,9.49,21.4,Germany,1100.0,0.1,0.2958,32.538,0.032538,0.10846,2024-06,4,UK SRS 2026,DEFRA GHG Conversion Factors 2025,0.602,195.8788,163.3408
PO-000246,PRD-00014,SUP-002,WH-003,300,7.62,2286.0,2024-06-19,2024-06-26,2024-06-25,7,ROAD,295.8,False,DELIVERED,EuroFast GmbH,Germany,EUROPEAN,Oven Cleaner 300ml,HHE,A,9.49,21.4,Germany,1100.0,0.1,0.2958,32.538,0.032538,0.10846,2024-06,4,UK SRS 2026,DEFRA GHG Conversion Factors 2025,0.602,195.8788,163.3408
PO-000247,PRD-00014,SUP-002,WH-002,300,7.37,2211.0,2024-07-22,2024-08-01,2024-08-02,10,ROAD,295.8,False,DELIVERED,EuroFast GmbH,Germany,EUROPEAN,Oven Cleaner 300ml,HHE,A,9.49,21.4,Germany,1100.0,0.1,0.2958,32.538,0.032538,0.10846,2024-08,4,UK SRS 2026,DEFRA GHG Conversion Factors 2025,0.602,195.8788,163.3408
PO-000248,PRD-00014,SUP-002,WH-003,300,7.65,2295.0,2024-08-19,2024-08-27,2024-08-30,8,ROAD,295.8,False,DELIVERED,EuroFast GmbH,Germany,EUROPEAN,Oven Cleaner 300ml,HHE,A,9.49,21.4,Germany,1100.0,0.1,0.2958,32.538,0.032538,0.10846,2024-08,4,UK SRS 2026,DEFRA GHG Conversion Factors 2025,0.602,195.8788,163.3408
PO-000249,PRD-00014,SUP-002,WH-003,300,7.78,2334.0,2024-09-17,2024-09-24,2024-09-27,7,ROAD,295.8,False,DELIVERED,EuroFast GmbH,Germany,EUROPEAN,Oven Cleaner 300ml,HHE,A,9.49,21.4,Germany,1100.0,0.1,0.2958,32.538,0.032538,0.10846,2024-09,4,UK SRS 2026,DEFRA GHG Conversion Factors 2025,0.602,195.8788,163.3408
PO-000250,PRD-00014,SUP-002,WH-002,300,7.64,2292.0,2024-10-17,2024-10-26,2024-10-27,9,ROAD,295.8,False,DELIVERED,EuroFast GmbH,Germany,EUROPEAN,Oven Cleaner 300ml,HHE,A,9.49,21.4,Germany,1100.0,0.1,0.2958,32.538,0.032538,0.10846,2024-10,4,UK SRS 2026,DEFRA GHG Conversion Factors 2025,0.602,195.8788,163.3408
PO-000251,PRD-00014,SUP-002,WH-003,400,7.49,2996.0,2024-11-19,2024-11-29,2024-12-01,10,ROAD,394.4,False,DELIVERED,EuroFast GmbH,Germany,EUROPEAN,Oven Cleaner 300ml,HHE,A,9.49,21.4,Germany,1100.0,0.1,0.3944,43.384,0.043384,0.10846,2024-12,4,UK SRS 2026,DEFRA GHG Conversion Factors 2025,0.602,261.1717,217.7877
PO-000252,PRD-00014,SUP-002,WH-001,400,7.4,2960.0,2024-12-20,2024-12-29,2024-12-30,9,ROAD,394.4,False,DELIVERED,EuroFast GmbH,Germany,EUROPEAN,Oven Cleaner 300ml,HHE,A,9.49,21.4,Germany,1100.0,0.1,0.3944,43.384,0.043384,0.10846,2024-12,4,UK SRS 2026,DEFRA GHG Conversion Factors 2025,0.602,261.1717,217.7877
PO-000253,PRD-00014,SUP-002,WH-003,200,7.3,1460.0,2025-01-22,2025-01-30,2025-01-31,8,ROAD,197.2,False,DELIVERED,EuroFast GmbH,Germany,EUROPEAN,Oven Cleaner 300ml,HHE,A,9.49,21.4,Germany,1100.0,0.1,0.1972,21.692,0.021692,0.10846,2025-01,4,UK SRS 2026,DEFRA GHG Conversion Factors 2025,0.602,130.5858,108.8938
PO-000254,PRD-00014,SUP-002,WH-001,200,7.61,1522.0,2025-02-16,2025-02-26,2025-02-26,10,ROAD,197.2,False,DELIVERED,EuroFast GmbH,Germany,EUROPEAN,Oven Cleaner 300ml,HHE,A,9.49,21.4,Germany,1100.0,0.1,0.1972,21.692,0.021692,0.10846,2025-02,4,UK SRS 2026,DEFRA GHG Conversion Factors 2025,0.602,130.5858,108.8938
PO-000255,PRD-00014,SUP-002,WH-001,300,7.67,2301.0,2025-03-20,2025-03-29,2025-03-31,9,ROAD,295.8,False,DELIVERED,EuroFast GmbH,Germany,EUROPEAN,Oven Cleaner 300ml,HHE,A,9.49,21.4,Germany,1100.0,0.1,0.2958,32.538,0.032538,0.10846,2025-03,4,UK SRS 2026,DEFRA GHG Conversion Factors 2025,0.602,195.8788,163.3408
PO-000256,PRD-00014,SUP-002,WH-001,300,7.5,2250.0,2025-04-20,2025-05-01,2025-05-04,11,ROAD,295.8,False,DELIVERED,EuroFast GmbH,Germany,EUROPEAN,Oven Cleaner 300ml,HHE,A,9.49,21.4,Germany,1100.0,0.1,0.2958,32.538,0.032538,0.10846,2025-05,4,UK SRS 2026,DEFRA GHG Conversion Factors 2025,0.602,195.8788,163.3408
PO-000257,PRD-00014,SUP-002,WH-001,300,7.73,2319.0,2025-05-16,2025-05-25,2025-05-27,9,ROAD,295.8,False,DELIVERED,EuroFast GmbH,Germany,EUROPEAN,Oven Cleaner 300ml,HHE,A,9.49,21.4,Germany,1100.0,0.1,0.2958,32.538,0.032538,0.10846,2025-05,4,UK SRS 2026,DEFRA GHG Conversion Factors 2025,0.602,195.8788,163.3408
PO-000258,PRD-00014,SUP-002,WH-003,300,7.65,2295.0,2025-06-17,2025-06-27,2025-06-30,10,ROAD,295.8,False,DELIVERED,EuroFast GmbH,Germany,EUROPEAN,Oven Cleaner 300ml,HHE,A,9.49,21.4,Germany,1100.0,0.1,0.2958,32.538,0.032538,0.10846,2025-06,4,UK SRS 2026,DEFRA GHG Conversion Factors 2025,0.602,195.8788,163.3408
PO-000259,PRD-00014,SUP-002,WH-001,300,7.37,2211.0,2025-07-13,2025-07-24,2025-07-23,11,ROAD,295.8,False,DELIVERED,EuroFast GmbH,Germany,EUROPEAN,Oven Cleaner 300ml,HHE,A,9.49,21.4,Germany,1100.0,0.1,0.2958,32.538,0.032538,0.10846,2025-07,4,UK SRS 2026,DEFRA GHG Conversion Factors 2025,0.602,195.8788,163.3408
PO-000260,PRD-00014,SUP-002,WH-002,300,7.89,2367.0,2025-08-08,2025-08-18,2025-08-18,10,ROAD,295.8,False,DELIVERED,EuroFast GmbH,Germany,EUROPEAN,Oven Cleaner 300ml,HHE,A,9.49,21.4,Germany,1100.0,0.1,0.2958,32.538,0.032538,0.10846,2025-08,4,UK SRS 2026,DEFRA GHG Conversion Factors 2025,0.602,195.8788,163.3408
PO-000261,PRD-00014,SUP-002,WH-003,300,7.23,2169.0,2025-09-12,2025-09-24,2025-09-24,12,ROAD,295.8,False,DELIVERED,EuroFast GmbH,Germany,EUROPEAN,Oven Cleaner 300ml,HHE,A,9.49,21.4,Germany,1100.0,0.1,0.2958,32.538,0.032538,0.10846,2025-09,4,UK SRS 2026,DEFRA GHG Conversion Factors 2025,0.602,195.8788,163.3408
PO-000262,PRD-00014,SUP-002,WH-001,300,7.51,2253.0,2025-10-14,2025-10-23,2025-10-23,9,ROAD,295.8,False,DELIVERED,EuroFast GmbH,Germany,EUROPEAN,Oven Cleaner 300ml,HHE,A,9.49,21.4,Germany,1100.0,0.1,0.2958,32.538,0.032538,0.10846,2025-10,4,UK SRS 2026,DEFRA GHG Conversion Factors 2025,0.602,195.8788,163.3408
PO-000263,PRD-00014,SUP-002,WH-002,400,7.58,3032.0,2025-11-09,2025-11-19,2025-11-19,10,ROAD,394.4,False,DELIVERED,EuroFast GmbH,Germany,EUROPEAN,Oven Cleaner 300ml,HHE,A,9.49,21.4,Germany,1100.0,0.1,0.3944,43.384,0.043384,0.10846,2025-11,4,UK SRS 2026,DEFRA GHG Conversion Factors 2025,0.602,261.1717,217.7877
PO-000264,PRD-00014,SUP-002,WH-003,400,7.59,3036.0,2025-12-11,2025-12-18,2025-12-17,7,ROAD,394.4,False,DELIVERED,EuroFast GmbH,Germany,EUROPEAN,Oven Cleaner 300ml,HHE,A,9.49,21.4,Germany,1100.0,0.1,0.3944,43.384,0.043384,0.10846,2025-12,4,UK SRS 2026,DEFRA GHG Conversion Factors 2025,0.602,261.1717,217.7877
PO-000265,PRD-00015,SUP-002,WH-001,336,2.41,809.76,2024-01-25,2024-02-04,2024-02-03,10,ROAD,256.7,False,DELIVERED,EuroFast GmbH,Germany,EUROPEAN,Drain Unblocker 500ml,HHE,C,2.86,14.5,Germany,1100.0,0.1,0.2567,28.237,0.028237,0.084039,2024-02,4,UK SRS 2026,DEFRA GHG Conversion Factors 2025,0.602,169.9867,141.7497
PO-000266,PRD-00015,SUP-002,WH-002,384,2.48,952.32,2024-03-30,2024-04-08,2024-04-07,9,ROAD,293.38,False,DELIVERED,EuroFast GmbH,Germany,EUROPEAN,Drain Unblocker 500ml,HHE,C,2.86,14.5,Germany,1100.0,0.1,0.29338,32.2718,0.032272,0.084041,2024-04,4,UK SRS 2026,DEFRA GHG Conversion Factors 2025,0.602,194.2762,162.0044
PO-000267,PRD-00015,SUP-002,WH-002,432,2.44,1054.08,2024-05-31,2024-06-07,2024-06-09,7,ROAD,330.05,False,DELIVERED,EuroFast GmbH,Germany,EUROPEAN,Drain Unblocker 500ml,HHE,C,2.86,14.5,Germany,1100.0,0.1,0.33005,36.3055,0.036306,0.084041,2024-06,4,UK SRS 2026,DEFRA GHG Conversion Factors 2025,0.602,218.5591,182.2536
PO-000268,PRD-00015,SUP-002,WH-001,480,2.4,1152.0,2024-07-26,2024-08-02,2024-08-04,7,ROAD,366.72,False,DELIVERED,EuroFast GmbH,Germany,EUROPEAN,Drain Unblocker 500ml,HHE,C,2.86,14.5,Germany,1100.0,0.1,0.36672000000000005,40.3392,0.040339,0.08404,2024-08,4,UK SRS 2026,DEFRA GHG Conversion Factors 2025,0.602,242.842,202.5028
PO-000269,PRD-00015,SUP-002,WH-003,432,2.58,1114.56,2024-09-25,2024-10-06,2024-10-07,11,ROAD,330.05,False,DELIVERED,EuroFast GmbH,Germany,EUROPEAN,Drain Unblocker 500ml,HHE,C,2.86,14.5,Germany,1100.0,0.1,0.33005,36.3055,0.036306,0.084041,2024-10,4,UK SRS 2026,DEFRA GHG Conversion Factors 2025,0.602,218.5591,182.2536
PO-000270,PRD-00015,SUP-002,WH-001,576,2.4,1382.4,2024-11-27,2024-12-05,2024-12-07,8,ROAD,440.06,False,DELIVERED,EuroFast GmbH,Germany,EUROPEAN,Drain Unblocker 500ml,HHE,C,2.86,14.5,Germany,1100.0,0.1,0.44006,48.4066,0.048407,0.084039,2024-12,4,UK SRS 2026,DEFRA GHG Conversion Factors 2025,0.602,291.4077,243.0011
PO-000271,PRD-00015,SUP-002,WH-001,336,2.46,826.56,2025-01-26,2025-02-03,2025-02-02,8,ROAD,256.7,False,DELIVERED,EuroFast GmbH,Germany,EUROPEAN,Drain Unblocker 500ml,HHE,C,2.86,14.5,Germany,1100.0,0.1,0.2567,28.237,0.028237,0.084039,2025-02,4,UK SRS 2026,DEFRA GHG Conversion Factors 2025,0.602,169.9867,141.7497
PO-000272,PRD-00015,SUP-002,WH-002,384,2.39,917.76,2025-03-31,2025-04-09,2025-04-10,9,ROAD,293.38,False,DELIVERED,EuroFast GmbH,Germany,EUROPEAN,Drain Unblocker 500ml,HHE,C,2.86,14.5,Germany,1100.0,0.1,0.29338,32.2718,0.032272,0.084041,2025-04,4,UK SRS 2026,DEFRA GHG Conversion Factors 2025,0.602,194.2762,162.0044
PO-000273,PRD-00015,SUP-002,WH-002,432,2.46,1062.72,2025-05-31,2025-06-10,2025-06-10,10,ROAD,330.05,False,DELIVERED,EuroFast GmbH,Germany,EUROPEAN,Drain Unblocker 500ml,HHE,C,2.86,14.5,Germany,1100.0,0.1,0.33005,36.3055,0.036306,0.084041,2025-06,4,UK SRS 2026,DEFRA GHG Conversion Factors 2025,0.602,218.5591,182.2536
PO-000274,PRD-00015,SUP-002,WH-003,480,2.48,1190.4,2025-07-26,2025-08-02,2025-08-01,7,ROAD,366.72,False,DELIVERED,EuroFast GmbH,Germany,EUROPEAN,Drain Unblocker 500ml,HHE,C,2.86,14.5,Germany,1100.0,0.1,0.36672000000000005,40.3392,0.040339,0.08404,2025-08,4,UK SRS 2026,DEFRA GHG Conversion Factors 2025,0.602,242.842,202.5028
PO-000275,PRD-00015,SUP-002,WH-003,432,2.47,1067.04,2025-09-28,2025-10-08,2025-10-10,10,ROAD,330.05,False,DELIVERED,EuroFast GmbH,Germany,EUROPEAN,Drain Unblocker 500ml,HHE,C,2.86,14.5,Germany,1100.0,0.1,0.33005,36.3055,0.036306,0.084041,2025-10,4,UK SRS 2026,DEFRA GHG Conversion Factors 2025,0.602,218.5591,182.2536
PO-000276,PRD-00015,SUP-002,WH-003,624,2.39,1491.36,2025-12-01,2025-12-12,2025-12-15,11,ROAD,476.74,False,DELIVERED,EuroFast GmbH,Germany,EUROPEAN,Drain Unblocker 500ml,HHE,C,2.86,14.5,Germany,1100.0,0.1,0.47674,52.4414,0.052441,0.084041,2025-12,4,UK SRS 2026,DEFRA GHG Conversion Factors 2025,0.602,315.6972,263.2558
PO-000277,PRD-00016,SUP-005,WH-003,240,4.21,1010.4,2024-01-17,2024-01-25,2024-01-24,8,ROAD,148.8,False,DELIVERED,NordicSupply AS,Sweden,EUROPEAN,Moisturising Hand Cream 100ml,PCA,B,6.85,38.4,Sweden,1400.0,0.1,0.14880000000000002,20.832,0.020832,0.0868,2024-01,4,UK SRS 2026,DEFRA GHG Conversion Factors 2025,0.602,125.4086,104.5766
PO-000278,PRD-00016,SUP-005,WH-002,300,4.01,1203.0,2024-03-06,2024-03-14,2024-03-16,8,ROAD,186.0,False,DELIVERED,NordicSupply AS,Sweden,EUROPEAN,Moisturising Hand Cream 100ml,PCA,B,6.85,38.4,Sweden,1400.0,0.1,0.186,26.04,0.02604,0.0868,2024-03,4,UK SRS 2026,DEFRA GHG Conversion Factors 2025,0.602,156.7608,130.7208
PO-000279,PRD-00016,SUP-005,WH-001,312,4.19,1307.28,2024-04-21,2024-04-29,2024-04-30,8,ROAD,193.44,False,DELIVERED,NordicSupply AS,Sweden,EUROPEAN,Moisturising Hand Cream 100ml,PCA,B,6.85,38.4,Sweden,1400.0,0.1,0.19344,27.0816,0.027082,0.0868,2024-04,4,UK SRS 2026,DEFRA GHG Conversion Factors 2025,0.602,163.0312,135.9496
PO-000280,PRD-00016,SUP-005,WH-003,348,4.2,1461.6,2024-06-09,2024-06-19,2024-06-20,10,ROAD,215.76,False,DELIVERED,NordicSupply AS,Sweden,EUROPEAN,Moisturising Hand Cream 100ml,PCA,B,6.85,38.4,Sweden,1400.0,0.1,0.21575999999999998,30.2064,0.030206,0.0868,2024-06,4,UK SRS 2026,DEFRA GHG Conversion Factors 2025,0.602,181.8425,151.6361
PO-000281,PRD-00016,SUP-005,WH-001,360,4.16,1497.6,2024-07-23,2024-08-02,2024-08-03,10,ROAD,223.2,False,DELIVERED,NordicSupply AS,Sweden,EUROPEAN,Moisturising Hand Cream 100ml,PCA,B,6.85,38.4,Sweden,1400.0,0.1,0.22319999999999998,31.248,0.031248,0.0868,2024-08,4,UK SRS 2026,DEFRA GHG Conversion Factors 2025,0.602,188.113,156.865
PO-000282,PRD-00016,SUP-005,WH-003,324,4.22,1367.28,2024-09-10,2024-09-20,2024-09-20,10,ROAD,200.88,False,DELIVERED,NordicSupply AS,Sweden,EUROPEAN,Moisturising Hand Cream 100ml,PCA,B,6.85,38.4,Sweden,1400.0,0.1,0.20088,28.1232,0.028123,0.0868,2024-09,4,UK SRS 2026,DEFRA GHG Conversion Factors 2025,0.602,169.3017,141.1785
PO-000283,PRD-00016,SUP-005,WH-003,360,4.32,1555.2,2024-10-29,2024-11-06,2024-11-07,8,ROAD,223.2,False,DELIVERED,NordicSupply AS,Sweden,EUROPEAN,Moisturising Hand Cream 100ml,PCA,B,6.85,38.4,Sweden,1400.0,0.1,0.22319999999999998,31.248,0.031248,0.0868,2024-11,4,UK SRS 2026,DEFRA GHG Conversion Factors 2025,0.602,188.113,156.865
PO-000284,PRD-00016,SUP-005,WH-002,492,4.39,2159.88,2024-12-18,2024-12-28,2024-12-29,10,ROAD,305.04,False,DELIVERED,NordicSupply AS,Sweden,EUROPEAN,Moisturising Hand Cream 100ml,PCA,B,6.85,38.4,Sweden,1400.0,0.1,0.30504000000000003,42.7056,0.042706,0.0868,2024-12,4,UK SRS 2026,DEFRA GHG Conversion Factors 2025,0.602,257.0877,214.3821
PO-000285,PRD-00016,SUP-005,WH-003,264,4.21,1111.44,2025-02-06,2025-02-14,2025-02-16,8,ROAD,163.68,False,DELIVERED,NordicSupply AS,Sweden,EUROPEAN,Moisturising Hand Cream 100ml,PCA,B,6.85,38.4,Sweden,1400.0,0.1,0.16368000000000002,22.9152,0.022915,0.0868,2025-02,4,UK SRS 2026,DEFRA GHG Conversion Factors 2025,0.602,137.9495,115.0343
PO-000286,PRD-00016,SUP-005,WH-002,300,4.24,1272.0,2025-03-24,2025-04-05,2025-04-06,12,ROAD,186.0,False,DELIVERED,NordicSupply AS,Sweden,EUROPEAN,Moisturising Hand Cream 100ml,PCA,B,6.85,38.4,Sweden,1400.0,0.1,0.186,26.04,0.02604,0.0868,2025-04,4,UK SRS 2026,DEFRA GHG Conversion Factors 2025,0.602,156.7608,130.7208
PO-000287,PRD-00016,SUP-005,WH-003,324,4.21,1364.04,2025-05-13,2025-05-23,2025-05-24,10,ROAD,200.88,False,DELIVERED,NordicSupply AS,Sweden,EUROPEAN,Moisturising Hand Cream 100ml,PCA,B,6.85,38.4,Sweden,1400.0,0.1,0.20088,28.1232,0.028123,0.0868,2025-05,4,UK SRS 2026,DEFRA GHG Conversion Factors 2025,0.602,169.3017,141.1785
PO-000288,PRD-00016,SUP-005,WH-002,348,4.26,1482.48,2025-06-28,2025-07-11,2025-07-12,13,ROAD,215.76,False,DELIVERED,NordicSupply AS,Sweden,EUROPEAN,Moisturising Hand Cream 100ml,PCA,B,6.85,38.4,Sweden,1400.0,0.1,0.21575999999999998,30.2064,0.030206,0.0868,2025-07,4,UK SRS 2026,DEFRA GHG Conversion Factors 2025,0.602,181.8425,151.6361
PO-000289,PRD-00016,SUP-005,WH-001,348,4.3,1496.4,2025-08-12,2025-08-25,2025-08-27,13,ROAD,215.76,False,DELIVERED,NordicSupply AS,Sweden,EUROPEAN,Moisturising Hand Cream 100ml,PCA,B,6.85,38.4,Sweden,1400.0,0.1,0.21575999999999998,30.2064,0.030206,0.0868,2025-08,4,UK SRS 2026,DEFRA GHG Conversion Factors 2025,0.602,181.8425,151.6361
PO-000290,PRD-00016,SUP-005,WH-003,324,4.16,1347.84,2025-09-26,2025-10-06,2025-10-05,10,ROAD,200.88,False,DELIVERED,NordicSupply AS,Sweden,EUROPEAN,Moisturising Hand Cream 100ml,PCA,B,6.85,38.4,Sweden,1400.0,0.1,0.20088,28.1232,0.028123,0.0868,2025-10,4,UK SRS 2026,DEFRA GHG Conversion Factors 2025,0.602,169.3017,141.1785
PO-000291,PRD-00016,SUP-005,WH-003,444,4.1,1820.4,2025-11-05,2025-11-16,2025-11-17,11,ROAD,275.28,False,DELIVERED,NordicSupply AS,Sweden,EUROPEAN,Moisturising Hand Cream 100ml,PCA,B,6.85,38.4,Sweden,1400.0,0.1,0.27527999999999997,38.5392,0.038539,0.0868,2025-11,4,UK SRS 2026,DEFRA GHG Conversion Factors 2025,0.602,232.006,193.4668
PO-000293,PRD-00017,SUP-005,WH-001,108,14.07,1519.56,2024-01-09,2024-01-19,2024-01-20,10,ROAD,23.65,False,DELIVERED,NordicSupply AS,Sweden,EUROPEAN,Daily Shampoo 400ml,PCA,A,19.24,26.7,Sweden,1400.0,0.1,0.023649999999999997,3.311,0.003311,0.030657,2024-01,4,UK SRS 2026,DEFRA GHG Conversion Factors 2025,0.602,19.9322,16.6212
PO-000294,PRD-00017,SUP-005,WH-001,114,13.98,1593.72,2024-02-06,2024-02-17,2024-02-16,11,ROAD,24.97,False,DELIVERED,NordicSupply AS,Sweden,EUROPEAN,Daily Shampoo 400ml,PCA,A,19.24,26.7,Sweden,1400.0,0.1,0.02497,3.4958,0.003496,0.030665,2024-02,4,UK SRS 2026,DEFRA GHG Conversion Factors 2025,0.602,21.0447,17.5489
PO-000295,PRD-00017,SUP-005,WH-003,126,14.16,1784.16,2024-03-04,2024-03-14,2024-03-15,10,ROAD,27.59,False,DELIVERED,NordicSupply AS,Sweden,EUROPEAN,Daily Shampoo 400ml,PCA,A,19.24,26.7,Sweden,1400.0,0.1,0.02759,3.8626,0.003863,0.030656,2024-03,4,UK SRS 2026,DEFRA GHG Conversion Factors 2025,0.602,23.2529,19.3903
PO-000296,PRD-00017,SUP-005,WH-003,132,13.99,1846.68,2024-04-06,2024-04-19,2024-04-22,13,ROAD,28.91,False,DELIVERED,NordicSupply AS,Sweden,EUROPEAN,Daily Shampoo 400ml,PCA,A,19.24,26.7,Sweden,1400.0,0.1,0.02891,4.0474,0.004047,0.030662,2024-04,4,UK SRS 2026,DEFRA GHG Conversion Factors 2025,0.602,24.3653,20.3179
PO-000297,PRD-00017,SUP-005,WH-002,138,14.69,2027.22,2024-05-11,2024-05-23,2024-05-22,12,SEA,30.22,True,DELIVERED,NordicSupply AS,Sweden,EUROPEAN,Daily Shampoo 400ml,PCA,A,19.24,26.7,,250.0,0.016,0.03022,0.1209,0.000121,0.000876,2024-05,4,UK SRS 2026,DEFRA GHG Conversion Factors 2025,0.602,4.5481,4.4272
PO-000298,PRD-00017,SUP-005,WH-001,144,14.83,2135.52,2024-06-08,2024-06-22,2024-06-21,14,ROAD,31.54,False,DELIVERED,NordicSupply AS,Sweden,EUROPEAN,Daily Shampoo 400ml,PCA,A,19.24,26.7,Sweden,1400.0,0.1,0.03154,4.4156,0.004416,0.030664,2024-06,4,UK SRS 2026,DEFRA GHG Conversion Factors 2025,0.602,26.5819,22.1663
PO-000299,PRD-00017,SUP-005,WH-001,156,14.33,2235.48,2024-07-12,2024-07-21,2024-07-23,9,ROAD,34.16,False,DELIVERED,NordicSupply AS,Sweden,EUROPEAN,Daily Shampoo 400ml,PCA,A,19.24,26.7,Sweden,1400.0,0.1,0.034159999999999996,4.7824,0.004782,0.030656,2024-07,4,UK SRS 2026,DEFRA GHG Conversion Factors 2025,0.602,28.79,24.0076
PO-000300,PRD-00017,SUP-005,WH-002,144,13.95,2008.8,2024-08-08,2024-08-20,2024-08-19,12,ROAD,31.54,False,DELIVERED,NordicSupply AS,Sweden,EUROPEAN,Daily Shampoo 400ml,PCA,A,19.24,26.7,Sweden,1400.0,0.1,0.03154,4.4156,0.004416,0.030664,2024-08,4,UK SRS 2026,DEFRA GHG Conversion Factors 2025,0.602,26.5819,22.1663
PO-000301,PRD-00017,SUP-005,WH-003,138,14.07,1941.66,2024-09-08,2024-09-19,2024-09-22,11,ROAD,30.22,False,DELIVERED,NordicSupply AS,Sweden,EUROPEAN,Daily Shampoo 400ml,PCA,A,19.24,26.7,Sweden,1400.0,0.1,0.03022,4.2308,0.004231,0.030658,2024-09,4,UK SRS 2026,DEFRA GHG Conversion Factors 2025,0.602,25.4694,21.2386
PO-000302,PRD-00017,SUP-005,WH-001,156,14.42,2249.52,2024-10-10,2024-10-22,2024-10-23,12,SEA,34.16,True,DELIVERED,NordicSupply AS,Sweden,EUROPEAN,Daily Shampoo 400ml,PCA,A,19.24,26.7,,250.0,0.016,0.034159999999999996,0.1366,0.000137,0.000876,2024-10,4,UK SRS 2026,DEFRA GHG Conversion Factors 2025,0.602,5.1411,5.0045
PO-000303,PRD-00017,SUP-005,WH-003,192,13.98,2684.16,2024-11-08,2024-11-21,2024-11-21,13,ROAD,42.05,False,DELIVERED,NordicSupply AS,Sweden,EUROPEAN,Daily Shampoo 400ml,PCA,A,19.24,26.7,Sweden,1400.0,0.1,0.04205,5.887,0.005887,0.030661,2024-11,4,UK SRS 2026,DEFRA GHG Conversion Factors 2025,0.602,35.4397,29.5527
PO-000304,PRD-00017,SUP-005,WH-002,210,14.25,2992.5,2024-12-09,2024-12-19,2024-12-18,10,ROAD,45.99,False,DELIVERED,NordicSupply AS,Sweden,EUROPEAN,Daily Shampoo 400ml,PCA,A,19.24,26.7,Sweden,1400.0,0.1,0.04599,6.4386,0.006439,0.03066,2024-12,4,UK SRS 2026,DEFRA GHG Conversion Factors 2025,0.602,38.7604,32.3218
PO-000305,PRD-00017,SUP-005,WH-001,108,14.2,1533.6,2025-01-12,2025-01-24,2025-01-24,12,ROAD,23.65,False,DELIVERED,NordicSupply AS,Sweden,EUROPEAN,Daily Shampoo 400ml,PCA,A,19.24,26.7,Sweden,1400.0,0.1,0.023649999999999997,3.311,0.003311,0.030657,2025-01,4,UK SRS 2026,DEFRA GHG Conversion Factors 2025,0.602,19.9322,16.6212
PO-000306,PRD-00017,SUP-005,WH-002,114,13.81,1574.34,2025-02-10,2025-02-22,2025-02-22,12,SEA,24.97,True,DELIVERED,NordicSupply AS,Sweden,EUROPEAN,Daily Shampoo 400ml,PCA,A,19.24,26.7,,250.0,0.016,0.02497,0.0999,0.0001,0.000876,2025-02,4,UK SRS 2026,DEFRA GHG Conversion Factors 2025,0.602,3.758,3.6581
PO-000307,PRD-00017,SUP-005,WH-003,126,14.34,1806.84,2025-03-10,2025-03-19,2025-03-21,9,ROAD,27.59,False,DELIVERED,NordicSupply AS,Sweden,EUROPEAN,Daily Shampoo 400ml,PCA,A,19.24,26.7,Sweden,1400.0,0.1,0.02759,3.8626,0.003863,0.030656,2025-03,4,UK SRS 2026,DEFRA GHG Conversion Factors 2025,0.602,23.2529,19.3903
PO-000308,PRD-00017,SUP-005,WH-001,132,14.3,1887.6,2025-04-13,2025-04-25,2025-04-26,12,ROAD,28.91,False,DELIVERED,NordicSupply AS,Sweden,EUROPEAN,Daily Shampoo 400ml,PCA,A,19.24,26.7,Sweden,1400.0,0.1,0.02891,4.0474,0.004047,0.030662,2025-04,4,UK SRS 2026,DEFRA GHG Conversion Factors 2025,0.602,24.3653,20.3179
PO-000309,PRD-00017,SUP-005,WH-001,138,14.0,1932.0,2025-05-09,2025-05-20,2025-05-22,11,ROAD,30.22,False,DELIVERED,NordicSupply AS,Sweden,EUROPEAN,Daily Shampoo 400ml,PCA,A,19.24,26.7,Sweden,1400.0,0.1,0.03022,4.2308,0.004231,0.030658,2025-05,4,UK SRS 2026,DEFRA GHG Conversion Factors 2025,0.602,25.4694,21.2386
PO-000310,PRD-00017,SUP-005,WH-001,144,14.25,2052.0,2025-06-08,2025-06-17,2025-06-16,9,ROAD,31.54,False,DELIVERED,NordicSupply AS,Sweden,EUROPEAN,Daily Shampoo 400ml,PCA,A,19.24,26.7,Sweden,1400.0,0.1,0.03154,4.4156,0.004416,0.030664,2025-06,4,UK SRS 2026,DEFRA GHG Conversion Factors 2025,0.602,26.5819,22.1663
PO-000311,PRD-00017,SUP-005,WH-001,156,14.08,2196.48,2025-07-08,2025-07-21,2025-07-24,13,SEA,34.16,True,DELIVERED,NordicSupply AS,Sweden,EUROPEAN,Daily Shampoo 400ml,PCA,A,19.24,26.7,,250.0,0.016,0.034159999999999996,0.1366,0.000137,0.000876,2025-07,4,UK SRS 2026,DEFRA GHG Conversion Factors 2025,0.602,5.1411,5.0045
PO-000312,PRD-00017,SUP-005,WH-003,144,14.05,2023.2,2025-08-05,2025-08-17,2025-08-20,12,SEA,31.54,True,DELIVERED,NordicSupply AS,Sweden,EUROPEAN,Daily Shampoo 400ml,PCA,A,19.24,26.7,,250.0,0.016,0.03154,0.1262,0.000126,0.000876,2025-08,4,UK SRS 2026,DEFRA GHG Conversion Factors 2025,0.602,4.7468,4.6206
PO-000313,PRD-00017,SUP-005,WH-002,144,13.98,2013.12,2025-08-31,2025-09-12,2025-09-12,12,SEA,31.54,True,DELIVERED,NordicSupply AS,Sweden,EUROPEAN,Daily Shampoo 400ml,PCA,A,19.24,26.7,,250.0,0.016,0.03154,0.1262,0.000126,0.000876,2025-09,4,UK SRS 2026,DEFRA GHG Conversion Factors 2025,0.602,4.7468,4.6206
PO-000314,PRD-00017,SUP-005,WH-001,156,13.65,2129.4,2025-10-03,2025-10-11,2025-10-11,8,ROAD,34.16,False,DELIVERED,NordicSupply AS,Sweden,EUROPEAN,Daily Shampoo 400ml,PCA,A,19.24,26.7,Sweden,1400.0,0.1,0.034159999999999996,4.7824,0.004782,0.030656,2025-10,4,UK SRS 2026,DEFRA GHG Conversion Factors 2025,0.602,28.79,24.0076
PO-000315,PRD-00017,SUP-005,WH-003,156,14.44,2252.64,2025-10-30,2025-11-07,2025-11-08,8,ROAD,34.16,False,DELIVERED,NordicSupply AS,Sweden,EUROPEAN,Daily Shampoo 400ml,PCA,A,19.24,26.7,Sweden,1400.0,0.1,0.034159999999999996,4.7824,0.004782,0.030656,2025-11,4,UK SRS 2026,DEFRA GHG Conversion Factors 2025,0.602,28.79,24.0076
PO-000316,PRD-00017,SUP-005,WH-003,192,14.15,2716.8,2025-11-25,2025-12-03,2025-12-06,8,ROAD,42.05,False,DELIVERED,NordicSupply AS,Sweden,EUROPEAN,Daily Shampoo 400ml,PCA,A,19.24,26.7,Sweden,1400.0,0.1,0.04205,5.887,0.005887,0.030661,2025-12,4,UK SRS 2026,DEFRA GHG Conversion Factors 2025,0.602,35.4397,29.5527
PO-000318,PRD-00018,SUP-002,WH-001,100,16.3,1630.0,2024-01-16,2024-01-24,2024-01-27,8,ROAD,42.0,False,DELIVERED,EuroFast GmbH,Germany,EUROPEAN,Conditioner 400ml,PCA,A,21.54,25.0,Germany,1100.0,0.1,0.042,4.62,0.00462,0.0462,2024-01,4,UK SRS 2026,DEFRA GHG Conversion Factors 2025,0.602,27.8124,23.1924
PO-000319,PRD-00018,SUP-002,WH-001,100,15.79,1579.0,2024-02-19,2024-02-28,2024-03-02,9,ROAD,42.0,False,DELIVERED,EuroFast GmbH,Germany,EUROPEAN,Conditioner 400ml,PCA,A,21.54,25.0,Germany,1100.0,0.1,0.042,4.62,0.00462,0.0462,2024-03,4,UK SRS 2026,DEFRA GHG Conversion Factors 2025,0.602,27.8124,23.1924
PO-000320,PRD-00018,SUP-002,WH-003,100,16.19,1619.0,2024-03-23,2024-04-01,2024-04-01,9,ROAD,42.0,False,DELIVERED,EuroFast GmbH,Germany,EUROPEAN,Conditioner 400ml,PCA,A,21.54,25.0,Germany,1100.0,0.1,0.042,4.62,0.00462,0.0462,2024-04,4,UK SRS 2026,DEFRA GHG Conversion Factors 2025,0.602,27.8124,23.1924
PO-000321,PRD-00018,SUP-002,WH-002,100,16.07,1607.0,2024-04-21,2024-04-29,2024-04-28,8,ROAD,42.0,False,DELIVERED,EuroFast GmbH,Germany,EUROPEAN,Conditioner 400ml,PCA,A,21.54,25.0,Germany,1100.0,0.1,0.042,4.62,0.00462,0.0462,2024-04,4,UK SRS 2026,DEFRA GHG Conversion Factors 2025,0.602,27.8124,23.1924
PO-000322,PRD-00018,SUP-002,WH-003,100,16.43,1643.0,2024-05-18,2024-05-26,2024-05-28,8,ROAD,42.0,False,DELIVERED,EuroFast GmbH,Germany,EUROPEAN,Conditioner 400ml,PCA,A,21.54,25.0,Germany,1100.0,0.1,0.042,4.62,0.00462,0.0462,2024-05,4,UK SRS 2026,DEFRA GHG Conversion Factors 2025,0.602,27.8124,23.1924
PO-000323,PRD-00018,SUP-002,WH-002,100,15.76,1576.0,2024-06-13,2024-06-20,2024-06-19,7,ROAD,42.0,False,DELIVERED,EuroFast GmbH,Germany,EUROPEAN,Conditioner 400ml,PCA,A,21.54,25.0,Germany,1100.0,0.1,0.042,4.62,0.00462,0.0462,2024-06,4,UK SRS 2026,DEFRA GHG Conversion Factors 2025,0.602,27.8124,23.1924
PO-000324,PRD-00018,SUP-002,WH-002,100,16.03,1603.0,2024-07-18,2024-07-29,2024-07-30,11,RAIL,42.0,True,DELIVERED,EuroFast GmbH,Germany,EUROPEAN,Conditioner 400ml,PCA,A,21.54,25.0,,250.0,0.028,0.042,0.294,0.000294,0.00294,2024-07,4,UK SRS 2026,DEFRA GHG Conversion Factors 2025,0.602,6.321,6.027
PO-000325,PRD-00018,SUP-002,WH-001,100,16.31,1631.0,2024-08-16,2024-08-23,2024-08-22,7,ROAD,42.0,False,DELIVERED,EuroFast GmbH,Germany,EUROPEAN,Conditioner 400ml,PCA,A,21.54,25.0,Germany,1100.0,0.1,0.042,4.62,0.00462,0.0462,2024-08,4,UK SRS 2026,DEFRA GHG Conversion Factors 2025,0.602,27.8124,23.1924
PO-000326,PRD-00018,SUP-002,WH-001,100,15.45,1545.0,2024-09-14,2024-09-22,2024-09-21,8,ROAD,42.0,False,DELIVERED,EuroFast GmbH,Germany,EUROPEAN,Conditioner 400ml,PCA,A,21.54,25.0,Germany,1100.0,0.1,0.042,4.62,0.00462,0.0462,2024-09,4,UK SRS 2026,DEFRA GHG Conversion Factors 2025,0.602,27.8124,23.1924
PO-000327,PRD-00018,SUP-002,WH-001,100,16.21,1621.0,2024-10-19,2024-10-28,2024-10-31,9,ROAD,42.0,False,DELIVERED,EuroFast GmbH,Germany,EUROPEAN,Conditioner 400ml,PCA,A,21.54,25.0,Germany,1100.0,0.1,0.042,4.62,0.00462,0.0462,2024-10,4,UK SRS 2026,DEFRA GHG Conversion Factors 2025,0.602,27.8124,23.1924
PO-000328,PRD-00018,SUP-002,WH-001,200,16.53,3306.0,2024-11-13,2024-11-20,2024-11-20,7,ROAD,84.0,False,DELIVERED,EuroFast GmbH,Germany,EUROPEAN,Conditioner 400ml,PCA,A,21.54,25.0,Germany,1100.0,0.1,0.084,9.24,0.00924,0.0462,2024-11,4,UK SRS 2026,DEFRA GHG Conversion Factors 2025,0.602,55.6248,46.3848
PO-000329,PRD-00018,SUP-002,WH-002,200,16.44,3288.0,2024-12-18,2024-12-26,2024-12-25,8,ROAD,84.0,False,DELIVERED,EuroFast GmbH,Germany,EUROPEAN,Conditioner 400ml,PCA,A,21.54,25.0,Germany,1100.0,0.1,0.084,9.24,0.00924,0.0462,2024-12,4,UK SRS 2026,DEFRA GHG Conversion Factors 2025,0.602,55.6248,46.3848
PO-000330,PRD-00018,SUP-002,WH-003,100,16.09,1609.0,2025-01-19,2025-01-27,2025-01-29,8,ROAD,42.0,False,DELIVERED,EuroFast GmbH,Germany,EUROPEAN,Conditioner 400ml,PCA,A,21.54,25.0,Germany,1100.0,0.1,0.042,4.62,0.00462,0.0462,2025-01,4,UK SRS 2026,DEFRA GHG Conversion Factors 2025,0.602,27.8124,23.1924
PO-000331,PRD-00018,SUP-002,WH-001,100,16.28,1628.0,2025-02-18,2025-02-25,2025-02-28,7,ROAD,42.0,False,DELIVERED,EuroFast GmbH,Germany,EUROPEAN,Conditioner 400ml,PCA,A,21.54,25.0,Germany,1100.0,0.1,0.042,4.62,0.00462,0.0462,2025-02,4,UK SRS 2026,DEFRA GHG Conversion Factors 2025,0.602,27.8124,23.1924
PO-000332,PRD-00018,SUP-002,WH-003,100,16.25,1625.0,2025-03-15,2025-03-24,2025-03-27,9,ROAD,42.0,False,DELIVERED,EuroFast GmbH,Germany,EUROPEAN,Conditioner 400ml,PCA,A,21.54,25.0,Germany,1100.0,0.1,0.042,4.62,0.00462,0.0462,2025-03,4,UK SRS 2026,DEFRA GHG Conversion Factors 2025,0.602,27.8124,23.1924
PO-000333,PRD-00018,SUP-002,WH-003,100,16.13,1613.0,2025-04-16,2025-04-24,2025-04-26,8,ROAD,42.0,False,DELIVERED,EuroFast GmbH,Germany,EUROPEAN,Conditioner 400ml,PCA,A,21.54,25.0,Germany,1100.0,0.1,0.042,4.62,0.00462,0.0462,2025-04,4,UK SRS 2026,DEFRA GHG Conversion Factors 2025,0.602,27.8124,23.1924
PO-000334,PRD-00018,SUP-002,WH-002,100,15.87,1587.0,2025-05-17,2025-05-26,2025-05-27,9,ROAD,42.0,False,DELIVERED,EuroFast GmbH,Germany,EUROPEAN,Conditioner 400ml,PCA,A,21.54,25.0,Germany,1100.0,0.1,0.042,4.62,0.00462,0.0462,2025-05,4,UK SRS 2026,DEFRA GHG Conversion Factors 2025,0.602,27.8124,23.1924
PO-000335,PRD-00018,SUP-002,WH-002,100,16.05,1605.0,2025-06-14,2025-06-25,2025-06-28,11,RAIL,42.0,True,DELIVERED,EuroFast GmbH,Germany,EUROPEAN,Conditioner 400ml,PCA,A,21.54,25.0,,250.0,0.028,0.042,0.294,0.000294,0.00294,2025-06,4,UK SRS 2026,DEFRA GHG Conversion Factors 2025,0.602,6.321,6.027
PO-000336,PRD-00018,SUP-002,WH-003,100,16.18,1618.0,2025-07-15,2025-07-23,2025-07-22,8,ROAD,42.0,False,DELIVERED,EuroFast GmbH,Germany,EUROPEAN,Conditioner 400ml,PCA,A,21.54,25.0,Germany,1100.0,0.1,0.042,4.62,0.00462,0.0462,2025-07,4,UK SRS 2026,DEFRA GHG Conversion Factors 2025,0.602,27.8124,23.1924
PO-000337,PRD-00018,SUP-002,WH-002,100,16.23,1623.0,2025-08-19,2025-08-26,2025-08-25,7,ROAD,42.0,False,DELIVERED,EuroFast GmbH,Germany,EUROPEAN,Conditioner 400ml,PCA,A,21.54,25.0,Germany,1100.0,0.1,0.042,4.62,0.00462,0.0462,2025-08,4,UK SRS 2026,DEFRA GHG Conversion Factors 2025,0.602,27.8124,23.1924
PO-000338,PRD-00018,SUP-002,WH-001,100,16.07,1607.0,2025-09-20,2025-10-01,2025-10-04,11,RAIL,42.0,True,DELIVERED,EuroFast GmbH,Germany,EUROPEAN,Conditioner 400ml,PCA,A,21.54,25.0,,250.0,0.028,0.042,0.294,0.000294,0.00294,2025-10,4,UK SRS 2026,DEFRA GHG Conversion Factors 2025,0.602,6.321,6.027
PO-000339,PRD-00018,SUP-002,WH-002,100,16.08,1608.0,2025-10-22,2025-10-29,2025-10-31,7,ROAD,42.0,False,DELIVERED,EuroFast GmbH,Germany,EUROPEAN,Conditioner 400ml,PCA,A,21.54,25.0,Germany,1100.0,0.1,0.042,4.62,0.00462,0.0462,2025-10,4,UK SRS 2026,DEFRA GHG Conversion Factors 2025,0.602,27.8124,23.1924
PO-000340,PRD-00018,SUP-002,WH-001,200,16.0,3200.0,2025-11-17,2025-11-29,2025-11-30,12,ROAD,84.0,False,DELIVERED,EuroFast GmbH,Germany,EUROPEAN,Conditioner 400ml,PCA,A,21.54,25.0,Germany,1100.0,0.1,0.084,9.24,0.00924,0.0462,2025-11,4,UK SRS 2026,DEFRA GHG Conversion Factors 2025,0.602,55.6248,46.3848
PO-000341,PRD-00018,SUP-002,WH-001,200,16.37,3274.0,2025-12-16,2025-12-26,2025-12-28,10,ROAD,84.0,False,DELIVERED,EuroFast GmbH,Germany,EUROPEAN,Conditioner 400ml,PCA,A,21.54,25.0,Germany,1100.0,0.1,0.084,9.24,0.00924,0.0462,2025-12,4,UK SRS 2026,DEFRA GHG Conversion Factors 2025,0.602,55.6248,46.3848
PO-000342,PRD-00019,SUP-003,WH-002,228,2.5,570.0,2024-01-07,2024-01-25,2024-01-25,18,SEA,181.72,False,DELIVERED,AsiaSource Co,China,INTERCONTINENTAL,Body Lotion 250ml,PCA,C,3.96,38.0,China,19500.0,0.016,0.18172,56.6966,0.056697,0.248669,2024-01,4,UK SRS 2026,DEFRA GHG Conversion Factors 2025,0.602,2133.2111,2076.5145
PO-000343,PRD-00019,SUP-003,WH-003,270,2.52,680.4,2024-03-12,2024-04-10,2024-04-09,29,SEA,215.19,False,DELIVERED,AsiaSource Co,China,INTERCONTINENTAL,Body Lotion 250ml,PCA,C,3.96,38.0,China,19500.0,0.016,0.21519,67.1393,0.067139,0.248664,2024-04,4,UK SRS 2026,DEFRA GHG Conversion Factors 2025,0.602,2526.1154,2458.9761
PO-000344,PRD-00019,SUP-003,WH-002,300,2.43,729.0,2024-05-14,2024-06-18,2024-06-18,35,SEA,239.1,False,DELIVERED,AsiaSource Co,China,INTERCONTINENTAL,Body Lotion 250ml,PCA,C,3.96,38.0,China,19500.0,0.016,0.2391,74.5992,0.074599,0.248664,2024-06,4,UK SRS 2026,DEFRA GHG Conversion Factors 2025,0.602,2806.7949,2732.1957
PO-000345,PRD-00019,SUP-003,WH-003,336,2.43,816.48,2024-07-18,2024-08-19,2024-08-19,32,SEA,267.79,False,DELIVERED,AsiaSource Co,China,INTERCONTINENTAL,Body Lotion 250ml,PCA,C,3.96,38.0,China,19500.0,0.016,0.26779000000000003,83.5505,0.08355,0.248662,2024-08,4,UK SRS 2026,DEFRA GHG Conversion Factors 2025,0.602,3143.5868,3060.0363
PO-000346,PRD-00019,SUP-003,WH-002,300,2.53,759.0,2024-09-20,2024-10-09,2024-10-10,19,SEA,239.1,False,DELIVERED,AsiaSource Co,China,INTERCONTINENTAL,Body Lotion 250ml,PCA,C,3.96,38.0,China,19500.0,0.016,0.2391,74.5992,0.074599,0.248664,2024-10,4,UK SRS 2026,DEFRA GHG Conversion Factors 2025,0.602,2806.7949,2732.1957
PO-000347,PRD-00019,SUP-003,WH-003,408,2.47,1007.76,2024-11-18,2024-12-10,2024-12-12,22,SEA,325.18,False,DELIVERED,AsiaSource Co,China,INTERCONTINENTAL,Body Lotion 250ml,PCA,C,3.96,38.0,China,19500.0,0.016,0.32518,101.4562,0.101456,0.248667,2024-12,4,UK SRS 2026,DEFRA GHG Conversion Factors 2025,0.602,3817.288,3715.8318
PO-000348,PRD-00019,SUP-003,WH-002,228,2.48,565.44,2025-01-18,2025-02-15,2025-02-17,28,SEA,181.72,False,DELIVERED,AsiaSource Co,China,INTERCONTINENTAL,Body Lotion 250ml,PCA,C,3.96,38.0,China,19500.0,0.016,0.18172,56.6966,0.056697,0.248669,2025-02,4,UK SRS 2026,DEFRA GHG Conversion Factors 2025,0.602,2133.2111,2076.5145
PO-000349,PRD-00019,SUP-003,WH-003,270,2.39,645.3,2025-03-19,2025-04-06,2025-04-09,18,SEA,215.19,False,DELIVERED,AsiaSource Co,China,INTERCONTINENTAL,Body Lotion 250ml,PCA,C,3.96,38.0,China,19500.0,0.016,0.21519,67.1393,0.067139,0.248664,2025-04,4,UK SRS 2026,DEFRA GHG Conversion Factors 2025,0.602,2526.1154,2458.9761
PO-000350,PRD-00019,SUP-003,WH-002,300,2.37,711.0,2025-05-22,2025-06-09,2025-06-11,18,SEA,239.1,False,DELIVERED,AsiaSource Co,China,INTERCONTINENTAL,Body Lotion 250ml,PCA,C,3.96,38.0,China,19500.0,0.016,0.2391,74.5992,0.074599,0.248664,2025-06,4,UK SRS 2026,DEFRA GHG Conversion Factors 2025,0.602,2806.7949,2732.1957
PO-000351,PRD-00019,SUP-003,WH-003,336,2.4,806.4,2025-07-21,2025-08-13,2025-08-13,23,SEA,267.79,False,DELIVERED,AsiaSource Co,China,INTERCONTINENTAL,Body Lotion 250ml,PCA,C,3.96,38.0,China,19500.0,0.016,0.26779000000000003,83.5505,0.08355,0.248662,2025-08,4,UK SRS 2026,DEFRA GHG Conversion Factors 2025,0.602,3143.5868,3060.0363
PO-000352,PRD-00019,SUP-003,WH-003,300,2.48,744.0,2025-09-19,2025-10-13,2025-10-13,24,SEA,239.1,False,DELIVERED,AsiaSource Co,China,INTERCONTINENTAL,Body Lotion 250ml,PCA,C,3.96,38.0,China,19500.0,0.016,0.2391,74.5992,0.074599,0.248664,2025-10,4,UK SRS 2026,DEFRA GHG Conversion Factors 2025,0.602,2806.7949,2732.1957
PO-000353,PRD-00019,SUP-003,WH-001,408,2.52,1028.16,2025-11-17,2025-12-06,2025-12-08,19,SEA,325.18,False,DELIVERED,AsiaSource Co,China,INTERCONTINENTAL,Body Lotion 250ml,PCA,C,3.96,38.0,China,19500.0,0.016,0.32518,101.4562,0.101456,0.248667,2025-12,4,UK SRS 2026,DEFRA GHG Conversion Factors 2025,0.602,3817.288,3715.8318
PO-000354,PRD-00020,SUP-005,WH-003,168,8.15,1369.2,2024-01-24,2024-02-01,2024-02-02,8,ROAD,94.58,False,DELIVERED,NordicSupply AS,Sweden,EUROPEAN,Shower Gel 500ml,PCA,A,11.8,32.4,Sweden,1400.0,0.1,0.09458,13.2412,0.013241,0.078817,2024-02,4,UK SRS 2026,DEFRA GHG Conversion Factors 2025,0.602,79.712,66.4708
PO-000355,PRD-00020,SUP-005,WH-001,180,7.57,1362.6,2024-02-24,2024-03-03,2024-03-05,8,ROAD,101.34,False,DELIVERED,NordicSupply AS,Sweden,EUROPEAN,Shower Gel 500ml,PCA,A,11.8,32.4,Sweden,1400.0,0.1,0.10134,14.1876,0.014188,0.07882,2024-03,4,UK SRS 2026,DEFRA GHG Conversion Factors 2025,0.602,85.4094,71.2218
PO-000356,PRD-00020,SUP-005,WH-003,204,7.9,1611.6,2024-03-24,2024-04-03,2024-04-04,10,ROAD,114.85,False,DELIVERED,NordicSupply AS,Sweden,EUROPEAN,Shower Gel 500ml,PCA,A,11.8,32.4,Sweden,1400.0,0.1,0.11485,16.079,0.016079,0.078819,2024-04,4,UK SRS 2026,DEFRA GHG Conversion Factors 2025,0.602,96.7956,80.7166
PO-000357,PRD-00020,SUP-005,WH-002,216,8.0,1728.0,2024-04-19,2024-04-28,2024-04-29,9,ROAD,121.61,False,DELIVERED,NordicSupply AS,Sweden,EUROPEAN,Shower Gel 500ml,PCA,A,11.8,32.4,Sweden,1400.0,0.1,0.12161,17.0254,0.017025,0.078821,2024-04,4,UK SRS 2026,DEFRA GHG Conversion Factors 2025,0.602,102.4929,85.4675
PO-000358,PRD-00020,SUP-005,WH-002,228,8.31,1894.68,2024-05-19,2024-05-30,2024-05-29,11,ROAD,128.36,False,DELIVERED,NordicSupply AS,Sweden,EUROPEAN,Shower Gel 500ml,PCA,A,11.8,32.4,Sweden,1400.0,0.1,0.12836,17.9704,0.01797,0.078818,2024-05,4,UK SRS 2026,DEFRA GHG Conversion Factors 2025,0.602,108.1818,90.2114
PO-000359,PRD-00020,SUP-005,WH-002,240,8.27,1984.8,2024-06-21,2024-07-01,2024-07-02,10,ROAD,135.12,False,DELIVERED,NordicSupply AS,Sweden,EUROPEAN,Shower Gel 500ml,PCA,A,11.8,32.4,Sweden,1400.0,0.1,0.13512000000000002,18.9168,0.018917,0.07882,2024-07,4,UK SRS 2026,DEFRA GHG Conversion Factors 2025,0.602,113.8791,94.9623
PO-000360,PRD-00020,SUP-005,WH-003,252,8.09,2038.68,2024-07-17,2024-07-29,2024-07-28,12,ROAD,141.88,False,DELIVERED,NordicSupply AS,Sweden,EUROPEAN,Shower Gel 500ml,PCA,A,11.8,32.4,Sweden,1400.0,0.1,0.14188,19.8632,0.019863,0.078822,2024-07,4,UK SRS 2026,DEFRA GHG Conversion Factors 2025,0.602,119.5765,99.7133
PO-000361,PRD-00020,SUP-005,WH-003,240,7.82,1876.8,2024-08-11,2024-08-23,2024-08-24,12,SEA,135.12,True,DELIVERED,NordicSupply AS,Sweden,EUROPEAN,Shower Gel 500ml,PCA,A,11.8,32.4,,250.0,0.016,0.13512000000000002,0.5405,0.00054,0.002252,2024-08,4,UK SRS 2026,DEFRA GHG Conversion Factors 2025,0.602,20.3356,19.7951
PO-000362,PRD-00020,SUP-005,WH-003,228,7.87,1794.36,2024-09-10,2024-09-20,2024-09-21,10,ROAD,128.36,False,DELIVERED,NordicSupply AS,Sweden,EUROPEAN,Shower Gel 500ml,PCA,A,11.8,32.4,Sweden,1400.0,0.1,0.12836,17.9704,0.01797,0.078818,2024-09,4,UK SRS 2026,DEFRA GHG Conversion Factors 2025,0.602,108.1818,90.2114
PO-000363,PRD-00020,SUP-005,WH-003,252,8.13,2048.76,2024-10-15,2024-10-27,2024-10-27,12,ROAD,141.88,False,DELIVERED,NordicSupply AS,Sweden,EUROPEAN,Shower Gel 500ml,PCA,A,11.8,32.4,Sweden,1400.0,0.1,0.14188,19.8632,0.019863,0.078822,2024-10,4,UK SRS 2026,DEFRA GHG Conversion Factors 2025,0.602,119.5765,99.7133
PO-000364,PRD-00020,SUP-005,WH-002,306,7.91,2420.46,2024-11-13,2024-11-23,2024-11-24,10,ROAD,172.28,False,DELIVERED,NordicSupply AS,Sweden,EUROPEAN,Shower Gel 500ml,PCA,A,11.8,32.4,Sweden,1400.0,0.1,0.17228,24.1192,0.024119,0.078821,2024-11,4,UK SRS 2026,DEFRA GHG Conversion Factors 2025,0.602,145.1976,121.0784
PO-000365,PRD-00020,SUP-005,WH-003,342,8.11,2773.62,2024-12-16,2024-12-28,2024-12-27,12,ROAD,192.55,False,DELIVERED,NordicSupply AS,Sweden,EUROPEAN,Shower Gel 500ml,PCA,A,11.8,32.4,Sweden,1400.0,0.1,0.19255,26.957,0.026957,0.078822,2024-12,4,UK SRS 2026,DEFRA GHG Conversion Factors 2025,0.602,162.2811,135.3241
PO-000366,PRD-00020,SUP-005,WH-002,168,8.13,1365.84,2025-01-12,2025-01-21,2025-01-22,9,ROAD,94.58,False,DELIVERED,NordicSupply AS,Sweden,EUROPEAN,Shower Gel 500ml,PCA,A,11.8,32.4,Sweden,1400.0,0.1,0.09458,13.2412,0.013241,0.078817,2025-01,4,UK SRS 2026,DEFRA GHG Conversion Factors 2025,0.602,79.712,66.4708
PO-000367,PRD-00020,SUP-005,WH-003,180,7.97,1434.6,2025-02-06,2025-02-15,2025-02-14,9,ROAD,101.34,False,DELIVERED,NordicSupply AS,Sweden,EUROPEAN,Shower Gel 500ml,PCA,A,11.8,32.4,Sweden,1400.0,0.1,0.10134,14.1876,0.014188,0.07882,2025-02,4,UK SRS 2026,DEFRA GHG Conversion Factors 2025,0.602,85.4094,71.2218
PO-000368,PRD-00020,SUP-005,WH-003,204,8.23,1678.92,2025-03-08,2025-03-18,2025-03-21,10,ROAD,114.85,False,DELIVERED,NordicSupply AS,Sweden,EUROPEAN,Shower Gel 500ml,PCA,A,11.8,32.4,Sweden,1400.0,0.1,0.11485,16.079,0.016079,0.078819,2025-03,4,UK SRS 2026,DEFRA GHG Conversion Factors 2025,0.602,96.7956,80.7166
PO-000369,PRD-00020,SUP-005,WH-001,216,7.97,1721.52,2025-04-02,2025-04-12,2025-04-11,10,ROAD,121.61,False,DELIVERED,NordicSupply AS,Sweden,EUROPEAN,Shower Gel 500ml,PCA,A,11.8,32.4,Sweden,1400.0,0.1,0.12161,17.0254,0.017025,0.078821,2025-04,4,UK SRS 2026,DEFRA GHG Conversion Factors 2025,0.602,102.4929,85.4675
PO-000370,PRD-00020,SUP-005,WH-003,216,7.97,1721.52,2025-04-27,2025-05-08,2025-05-07,11,ROAD,121.61,False,DELIVERED,NordicSupply AS,Sweden,EUROPEAN,Shower Gel 500ml,PCA,A,11.8,32.4,Sweden,1400.0,0.1,0.12161,17.0254,0.017025,0.078821,2025-05,4,UK SRS 2026,DEFRA GHG Conversion Factors 2025,0.602,102.4929,85.4675
PO-000371,PRD-00020,SUP-005,WH-001,228,8.0,1824.0,2025-05-27,2025-06-04,2025-06-03,8,ROAD,128.36,False,DELIVERED,NordicSupply AS,Sweden,EUROPEAN,Shower Gel 500ml,PCA,A,11.8,32.4,Sweden,1400.0,0.1,0.12836,17.9704,0.01797,0.078818,2025-06,4,UK SRS 2026,DEFRA GHG Conversion Factors 2025,0.602,108.1818,90.2114
PO-000372,PRD-00020,SUP-005,WH-003,240,7.77,1864.8,2025-06-28,2025-07-08,2025-07-07,10,ROAD,135.12,False,DELIVERED,NordicSupply AS,Sweden,EUROPEAN,Shower Gel 500ml,PCA,A,11.8,32.4,Sweden,1400.0,0.1,0.13512000000000002,18.9168,0.018917,0.07882,2025-07,4,UK SRS 2026,DEFRA GHG Conversion Factors 2025,0.602,113.8791,94.9623
PO-000373,PRD-00020,SUP-005,WH-001,252,8.22,2071.44,2025-07-24,2025-08-02,2025-08-01,9,ROAD,141.88,False,DELIVERED,NordicSupply AS,Sweden,EUROPEAN,Shower Gel 500ml,PCA,A,11.8,32.4,Sweden,1400.0,0.1,0.14188,19.8632,0.019863,0.078822,2025-08,4,UK SRS 2026,DEFRA GHG Conversion Factors 2025,0.602,119.5765,99.7133
PO-000374,PRD-00020,SUP-005,WH-001,240,8.05,1932.0,2025-08-27,2025-09-07,2025-09-07,11,ROAD,135.12,False,DELIVERED,NordicSupply AS,Sweden,EUROPEAN,Shower Gel 500ml,PCA,A,11.8,32.4,Sweden,1400.0,0.1,0.13512000000000002,18.9168,0.018917,0.07882,2025-09,4,UK SRS 2026,DEFRA GHG Conversion Factors 2025,0.602,113.8791,94.9623
PO-000375,PRD-00020,SUP-005,WH-002,228,8.36,1906.08,2025-09-21,2025-10-03,2025-10-02,12,SEA,128.36,True,DELIVERED,NordicSupply AS,Sweden,EUROPEAN,Shower Gel 500ml,PCA,A,11.8,32.4,,250.0,0.016,0.12836,0.5134,0.000513,0.002252,2025-10,4,UK SRS 2026,DEFRA GHG Conversion Factors 2025,0.602,19.3182,18.8048
PO-000376,PRD-00020,SUP-005,WH-003,252,8.23,2073.96,2025-10-24,2025-11-05,2025-11-08,12,ROAD,141.88,False,DELIVERED,NordicSupply AS,Sweden,EUROPEAN,Shower Gel 500ml,PCA,A,11.8,32.4,Sweden,1400.0,0.1,0.14188,19.8632,0.019863,0.078822,2025-11,4,UK SRS 2026,DEFRA GHG Conversion Factors 2025,0.602,119.5765,99.7133
PO-000377,PRD-00020,SUP-005,WH-001,306,7.76,2374.56,2025-11-19,2025-11-27,2025-11-29,8,ROAD,172.28,False,DELIVERED,NordicSupply AS,Sweden,EUROPEAN,Shower Gel 500ml,PCA,A,11.8,32.4,Sweden,1400.0,0.1,0.17228,24.1192,0.024119,0.078821,2025-11,4,UK SRS 2026,DEFRA GHG Conversion Factors 2025,0.602,145.1976,121.0784
PO-000378,PRD-00020,SUP-005,WH-002,342,7.79,2664.18,2025-12-15,2025-12-24,2025-12-24,9,ROAD,192.55,False,DELIVERED,NordicSupply AS,Sweden,EUROPEAN,Shower Gel 500ml,PCA,A,11.8,32.4,Sweden,1400.0,0.1,0.19255,26.957,0.026957,0.078822,2025-12,4,UK SRS 2026,DEFRA GHG Conversion Factors 2025,0.602,162.2811,135.3241
PO-000379,PRD-00021,SUP-005,WH-001,120,9.87,1184.4,2024-01-03,2024-01-21,2024-01-24,18,SEA,61.32,True,DELIVERED,NordicSupply AS,Sweden,EUROPEAN,Deodorant Roll-On 50ml,PCA,A,15.8,37.0,,250.0,0.016,0.06132,0.2453,0.000245,0.002044,2024-01,4,UK SRS 2026,DEFRA GHG Conversion Factors 2025,0.602,9.2287,8.9834
PO-000380,PRD-00021,SUP-005,WH-001,120,9.9,1188.0,2024-01-28,2024-02-10,2024-02-10,13,ROAD,61.32,False,DELIVERED,NordicSupply AS,Sweden,EUROPEAN,Deodorant Roll-On 50ml,PCA,A,15.8,37.0,Sweden,1400.0,0.1,0.06132,8.5848,0.008585,0.07154,2024-02,4,UK SRS 2026,DEFRA GHG Conversion Factors 2025,0.602,51.6805,43.0957
PO-000381,PRD-00021,SUP-005,WH-001,144,9.76,1405.44,2024-02-22,2024-03-04,2024-03-06,11,ROAD,73.58,False,DELIVERED,NordicSupply AS,Sweden,EUROPEAN,Deodorant Roll-On 50ml,PCA,A,15.8,37.0,Sweden,1400.0,0.1,0.07357999999999999,10.3012,0.010301,0.071536,2024-03,4,UK SRS 2026,DEFRA GHG Conversion Factors 2025,0.602,62.0132,51.712
PO-000382,PRD-00021,SUP-005,WH-001,144,10.15,1461.6,2024-03-25,2024-04-07,2024-04-09,13,ROAD,73.58,False,DELIVERED,NordicSupply AS,Sweden,EUROPEAN,Deodorant Roll-On 50ml,PCA,A,15.8,37.0,Sweden,1400.0,0.1,0.07357999999999999,10.3012,0.010301,0.071536,2024-04,4,UK SRS 2026,DEFRA GHG Conversion Factors 2025,0.602,62.0132,51.712
PO-000383,PRD-00021,SUP-005,WH-003,168,9.96,1673.28,2024-04-24,2024-05-05,2024-05-05,11,ROAD,85.85,False,DELIVERED,NordicSupply AS,Sweden,EUROPEAN,Deodorant Roll-On 50ml,PCA,A,15.8,37.0,Sweden,1400.0,0.1,0.08585,12.019,0.012019,0.071542,2024-05,4,UK SRS 2026,DEFRA GHG Conversion Factors 2025,0.602,72.3544,60.3354
PO-000384,PRD-00021,SUP-005,WH-001,168,10.24,1720.32,2024-05-22,2024-06-01,2024-05-31,10,ROAD,85.85,False,DELIVERED,NordicSupply AS,Sweden,EUROPEAN,Deodorant Roll-On 50ml,PCA,A,15.8,37.0,Sweden,1400.0,0.1,0.08585,12.019,0.012019,0.071542,2024-05,4,UK SRS 2026,DEFRA GHG Conversion Factors 2025,0.602,72.3544,60.3354
PO-000385,PRD-00021,SUP-005,WH-003,168,9.76,1639.68,2024-06-22,2024-07-02,2024-07-05,10,ROAD,85.85,False,DELIVERED,NordicSupply AS,Sweden,EUROPEAN,Deodorant Roll-On 50ml,PCA,A,15.8,37.0,Sweden,1400.0,0.1,0.08585,12.019,0.012019,0.071542,2024-07,4,UK SRS 2026,DEFRA GHG Conversion Factors 2025,0.602,72.3544,60.3354
PO-000386,PRD-00021,SUP-005,WH-002,192,9.78,1877.76,2024-07-18,2024-07-28,2024-07-31,10,ROAD,98.11,False,DELIVERED,NordicSupply AS,Sweden,EUROPEAN,Deodorant Roll-On 50ml,PCA,A,15.8,37.0,Sweden,1400.0,0.1,0.09811,13.7354,0.013735,0.071539,2024-07,4,UK SRS 2026,DEFRA GHG Conversion Factors 2025,0.602,82.6871,68.9517
PO-000387,PRD-00021,SUP-005,WH-003,168,9.99,1678.32,2024-08-19,2024-09-05,2024-09-07,17,ROAD,85.85,False,DELIVERED,NordicSupply AS,Sweden,EUROPEAN,Deodorant Roll-On 50ml,PCA,A,15.8,37.0,Sweden,1400.0,0.1,0.08585,12.019,0.012019,0.071542,2024-09,4,UK SRS 2026,DEFRA GHG Conversion Factors 2025,0.602,72.3544,60.3354
PO-000388,PRD-00021,SUP-005,WH-003,168,10.16,1706.88,2024-09-15,2024-09-28,2024-09-28,13,ROAD,85.85,False,DELIVERED,NordicSupply AS,Sweden,EUROPEAN,Deodorant Roll-On 50ml,PCA,A,15.8,37.0,Sweden,1400.0,0.1,0.08585,12.019,0.012019,0.071542,2024-09,4,UK SRS 2026,DEFRA GHG Conversion Factors 2025,0.602,72.3544,60.3354
PO-000389,PRD-00021,SUP-005,WH-001,192,10.03,1925.76,2024-10-18,2024-10-29,2024-10-29,11,ROAD,98.11,False,DELIVERED,NordicSupply AS,Sweden,EUROPEAN,Deodorant Roll-On 50ml,PCA,A,15.8,37.0,Sweden,1400.0,0.1,0.09811,13.7354,0.013735,0.071539,2024-10,4,UK SRS 2026,DEFRA GHG Conversion Factors 2025,0.602,82.6871,68.9517
PO-000390,PRD-00021,SUP-005,WH-003,240,10.0,2400.0,2024-11-19,2024-12-01,2024-12-03,12,SEA,122.64,True,DELIVERED,NordicSupply AS,Sweden,EUROPEAN,Deodorant Roll-On 50ml,PCA,A,15.8,37.0,,250.0,0.016,0.12264,0.4906,0.000491,0.002044,2024-12,4,UK SRS 2026,DEFRA GHG Conversion Factors 2025,0.602,18.4573,17.9667
PO-000391,PRD-00021,SUP-005,WH-002,264,10.16,2682.24,2024-12-15,2024-12-23,2024-12-22,8,ROAD,134.9,False,DELIVERED,NordicSupply AS,Sweden,EUROPEAN,Deodorant Roll-On 50ml,PCA,A,15.8,37.0,Sweden,1400.0,0.1,0.1349,18.886,0.018886,0.071538,2024-12,4,UK SRS 2026,DEFRA GHG Conversion Factors 2025,0.602,113.6937,94.8077
PO-000392,PRD-00021,SUP-005,WH-003,120,10.27,1232.4,2025-01-17,2025-01-28,2025-01-28,11,ROAD,61.32,False,DELIVERED,NordicSupply AS,Sweden,EUROPEAN,Deodorant Roll-On 50ml,PCA,A,15.8,37.0,Sweden,1400.0,0.1,0.06132,8.5848,0.008585,0.07154,2025-01,4,UK SRS 2026,DEFRA GHG Conversion Factors 2025,0.602,51.6805,43.0957
PO-000393,PRD-00021,SUP-005,WH-002,144,9.73,1401.12,2025-02-20,2025-03-03,2025-03-04,11,ROAD,73.58,False,DELIVERED,NordicSupply AS,Sweden,EUROPEAN,Deodorant Roll-On 50ml,PCA,A,15.8,37.0,Sweden,1400.0,0.1,0.07357999999999999,10.3012,0.010301,0.071536,2025-03,4,UK SRS 2026,DEFRA GHG Conversion Factors 2025,0.602,62.0132,51.712
PO-000394,PRD-00021,SUP-005,WH-002,144,9.99,1438.56,2025-03-17,2025-03-26,2025-03-28,9,ROAD,73.58,False,DELIVERED,NordicSupply AS,Sweden,EUROPEAN,Deodorant Roll-On 50ml,PCA,A,15.8,37.0,Sweden,1400.0,0.1,0.07357999999999999,10.3012,0.010301,0.071536,2025-03,4,UK SRS 2026,DEFRA GHG Conversion Factors 2025,0.602,62.0132,51.712
PO-000395,PRD-00021,SUP-005,WH-001,168,10.16,1706.88,2025-04-16,2025-04-27,2025-04-28,11,ROAD,85.85,False,DELIVERED,NordicSupply AS,Sweden,EUROPEAN,Deodorant Roll-On 50ml,PCA,A,15.8,37.0,Sweden,1400.0,0.1,0.08585,12.019,0.012019,0.071542,2025-04,4,UK SRS 2026,DEFRA GHG Conversion Factors 2025,0.602,72.3544,60.3354
PO-000396,PRD-00021,SUP-005,WH-002,168,9.93,1668.24,2025-05-17,2025-05-28,2025-05-28,11,ROAD,85.85,False,DELIVERED,NordicSupply AS,Sweden,EUROPEAN,Deodorant Roll-On 50ml,PCA,A,15.8,37.0,Sweden,1400.0,0.1,0.08585,12.019,0.012019,0.071542,2025-05,4,UK SRS 2026,DEFRA GHG Conversion Factors 2025,0.602,72.3544,60.3354
PO-000397,PRD-00021,SUP-005,WH-003,168,10.11,1698.48,2025-06-12,2025-06-21,2025-06-23,9,ROAD,85.85,False,DELIVERED,NordicSupply AS,Sweden,EUROPEAN,Deodorant Roll-On 50ml,PCA,A,15.8,37.0,Sweden,1400.0,0.1,0.08585,12.019,0.012019,0.071542,2025-06,4,UK SRS 2026,DEFRA GHG Conversion Factors 2025,0.602,72.3544,60.3354
PO-000398,PRD-00021,SUP-005,WH-002,192,9.68,1858.56,2025-07-09,2025-07-22,2025-07-25,13,ROAD,98.11,False,DELIVERED,NordicSupply AS,Sweden,EUROPEAN,Deodorant Roll-On 50ml,PCA,A,15.8,37.0,Sweden,1400.0,0.1,0.09811,13.7354,0.013735,0.071539,2025-07,4,UK SRS 2026,DEFRA GHG Conversion Factors 2025,0.602,82.6871,68.9517
PO-000399,PRD-00021,SUP-005,WH-001,168,10.15,1705.2,2025-08-06,2025-08-16,2025-08-15,10,ROAD,85.85,False,DELIVERED,NordicSupply AS,Sweden,EUROPEAN,Deodorant Roll-On 50ml,PCA,A,15.8,37.0,Sweden,1400.0,0.1,0.08585,12.019,0.012019,0.071542,2025-08,4,UK SRS 2026,DEFRA GHG Conversion Factors 2025,0.602,72.3544,60.3354
PO-000400,PRD-00021,SUP-005,WH-002,168,9.82,1649.76,2025-09-04,2025-09-12,2025-09-12,8,ROAD,85.85,False,DELIVERED,NordicSupply AS,Sweden,EUROPEAN,Deodorant Roll-On 50ml,PCA,A,15.8,37.0,Sweden,1400.0,0.1,0.08585,12.019,0.012019,0.071542,2025-09,4,UK SRS 2026,DEFRA GHG Conversion Factors 2025,0.602,72.3544,60.3354
PO-000401,PRD-00021,SUP-005,WH-002,192,9.82,1885.44,2025-10-03,2025-10-11,2025-10-13,8,ROAD,98.11,False,DELIVERED,NordicSupply AS,Sweden,EUROPEAN,Deodorant Roll-On 50ml,PCA,A,15.8,37.0,Sweden,1400.0,0.1,0.09811,13.7354,0.013735,0.071539,2025-10,4,UK SRS 2026,DEFRA GHG Conversion Factors 2025,0.602,82.6871,68.9517
PO-000402,PRD-00021,SUP-005,WH-003,192,9.89,1898.88,2025-10-30,2025-11-07,2025-11-07,8,ROAD,98.11,False,DELIVERED,NordicSupply AS,Sweden,EUROPEAN,Deodorant Roll-On 50ml,PCA,A,15.8,37.0,Sweden,1400.0,0.1,0.09811,13.7354,0.013735,0.071539,2025-11,4,UK SRS 2026,DEFRA GHG Conversion Factors 2025,0.602,82.6871,68.9517
PO-000403,PRD-00021,SUP-005,WH-001,240,10.15,2436.0,2025-11-24,2025-12-02,2025-12-05,8,ROAD,122.64,False,DELIVERED,NordicSupply AS,Sweden,EUROPEAN,Deodorant Roll-On 50ml,PCA,A,15.8,37.0,Sweden,1400.0,0.1,0.12264,17.1696,0.01717,0.07154,2025-12,4,UK SRS 2026,DEFRA GHG Conversion Factors 2025,0.602,103.361,86.1914
PO-000404,PRD-00021,SUP-005,WH-003,264,10.03,2647.92,2025-12-19,2025-12-29,2025-12-29,10,ROAD,134.9,False,DELIVERED,NordicSupply AS,Sweden,EUROPEAN,Deodorant Roll-On 50ml,PCA,A,15.8,37.0,Sweden,1400.0,0.1,0.1349,18.886,0.018886,0.071538,2025-12,4,UK SRS 2026,DEFRA GHG Conversion Factors 2025,0.602,113.6937,94.8077
PO-000405,PRD-00022,SUP-002,WH-003,186,2.62,487.32,2024-01-05,2024-01-12,2024-01-11,7,ROAD,101.56,False,DELIVERED,EuroFast GmbH,Germany,EUROPEAN,Facial Cleanser 150ml,PCA,C,4.84,44.9,Germany,1100.0,0.1,0.10156,11.1716,0.011172,0.060062,2024-01,4,UK SRS 2026,DEFRA GHG Conversion Factors 2025,0.602,67.253,56.0814
PO-000406,PRD-00022,SUP-002,WH-003,222,2.61,579.42,2024-03-04,2024-03-11,2024-03-11,7,ROAD,121.21,False,DELIVERED,EuroFast GmbH,Germany,EUROPEAN,Facial Cleanser 150ml,PCA,C,4.84,44.9,Germany,1100.0,0.1,0.12121,13.3331,0.013333,0.060059,2024-03,4,UK SRS 2026,DEFRA GHG Conversion Factors 2025,0.602,80.2653,66.9322
PO-000407,PRD-00022,SUP-002,WH-003,246,2.7,664.2,2024-05-01,2024-05-11,2024-05-10,10,ROAD,134.32,False,DELIVERED,EuroFast GmbH,Germany,EUROPEAN,Facial Cleanser 150ml,PCA,C,4.84,44.9,Germany,1100.0,0.1,0.13432,14.7752,0.014775,0.060062,2024-05,4,UK SRS 2026,DEFRA GHG Conversion Factors 2025,0.602,88.9467,74.1715
PO-000408,PRD-00022,SUP-002,WH-001,270,2.55,688.5,2024-07-04,2024-07-14,2024-07-15,10,ROAD,147.42,False,DELIVERED,EuroFast GmbH,Germany,EUROPEAN,Facial Cleanser 150ml,PCA,C,4.84,44.9,Germany,1100.0,0.1,0.14742,16.2162,0.016216,0.06006,2024-07,4,UK SRS 2026,DEFRA GHG Conversion Factors 2025,0.602,97.6215,81.4053
PO-000409,PRD-00022,SUP-002,WH-003,246,2.66,654.36,2024-09-03,2024-09-10,2024-09-09,7,ROAD,134.32,False,DELIVERED,EuroFast GmbH,Germany,EUROPEAN,Facial Cleanser 150ml,PCA,C,4.84,44.9,Germany,1100.0,0.1,0.13432,14.7752,0.014775,0.060062,2024-09,4,UK SRS 2026,DEFRA GHG Conversion Factors 2025,0.602,88.9467,74.1715
PO-000410,PRD-00022,SUP-002,WH-002,336,2.76,927.36,2024-11-05,2024-11-12,2024-11-15,7,ROAD,183.46,False,DELIVERED,EuroFast GmbH,Germany,EUROPEAN,Facial Cleanser 150ml,PCA,C,4.84,44.9,Germany,1100.0,0.1,0.18346,20.1806,0.020181,0.060061,2024-11,4,UK SRS 2026,DEFRA GHG Conversion Factors 2025,0.602,121.4872,101.3066
PO-000411,PRD-00022,SUP-002,WH-001,372,2.7,1004.4,2024-12-30,2025-01-06,2025-01-07,7,ROAD,203.11,False,DELIVERED,EuroFast GmbH,Germany,EUROPEAN,Facial Cleanser 150ml,PCA,C,4.84,44.9,Germany,1100.0,0.1,0.20311,22.3421,0.022342,0.060059,2025-01,4,UK SRS 2026,DEFRA GHG Conversion Factors 2025,0.602,134.4994,112.1573
PO-000412,PRD-00022,SUP-002,WH-001,222,2.7,599.4,2025-03-02,2025-03-09,2025-03-08,7,ROAD,121.21,False,DELIVERED,EuroFast GmbH,Germany,EUROPEAN,Facial Cleanser 150ml,PCA,C,4.84,44.9,Germany,1100.0,0.1,0.12121,13.3331,0.013333,0.060059,2025-03,4,UK SRS 2026,DEFRA GHG Conversion Factors 2025,0.602,80.2653,66.9322
PO-000413,PRD-00022,SUP-002,WH-002,234,2.62,613.08,2025-04-29,2025-05-06,2025-05-06,7,ROAD,127.76,False,DELIVERED,EuroFast GmbH,Germany,EUROPEAN,Facial Cleanser 150ml,PCA,C,4.84,44.9,Germany,1100.0,0.1,0.12776,14.0536,0.014054,0.060058,2025-05,4,UK SRS 2026,DEFRA GHG Conversion Factors 2025,0.602,84.6027,70.5491
PO-000414,PRD-00022,SUP-002,WH-003,258,2.74,706.92,2025-06-25,2025-07-02,2025-07-03,7,ROAD,140.87,False,DELIVERED,EuroFast GmbH,Germany,EUROPEAN,Facial Cleanser 150ml,PCA,C,4.84,44.9,Germany,1100.0,0.1,0.14087,15.4957,0.015496,0.060061,2025-07,4,UK SRS 2026,DEFRA GHG Conversion Factors 2025,0.602,93.2841,77.7884
PO-000415,PRD-00022,SUP-002,WH-003,258,2.64,681.12,2025-08-25,2025-09-01,2025-09-01,7,ROAD,140.87,False,DELIVERED,EuroFast GmbH,Germany,EUROPEAN,Facial Cleanser 150ml,PCA,C,4.84,44.9,Germany,1100.0,0.1,0.14087,15.4957,0.015496,0.060061,2025-09,4,UK SRS 2026,DEFRA GHG Conversion Factors 2025,0.602,93.2841,77.7884
PO-000416,PRD-00022,SUP-002,WH-002,270,2.77,747.9,2025-10-26,2025-11-03,2025-11-03,8,ROAD,147.42,False,DELIVERED,EuroFast GmbH,Germany,EUROPEAN,Facial Cleanser 150ml,PCA,C,4.84,44.9,Germany,1100.0,0.1,0.14742,16.2162,0.016216,0.06006,2025-11,4,UK SRS 2026,DEFRA GHG Conversion Factors 2025,0.602,97.6215,81.4053
PO-000418,PRD-00023,SUP-005,WH-003,240,4.15,996.0,2024-01-23,2024-02-02,2024-02-04,10,ROAD,52.32,False,DELIVERED,NordicSupply AS,Sweden,EUROPEAN,Lip Balm SPF15,PCA,B,7.47,43.2,Sweden,1400.0,0.1,0.05232,7.3248,0.007325,0.03052,2024-02,4,UK SRS 2026,DEFRA GHG Conversion Factors 2025,0.602,44.0953,36.7705
PO-000419,PRD-00023,SUP-005,WH-003,288,4.12,1186.56,2024-03-04,2024-03-15,2024-03-15,11,ROAD,62.78,False,DELIVERED,NordicSupply AS,Sweden,EUROPEAN,Lip Balm SPF15,PCA,B,7.47,43.2,Sweden,1400.0,0.1,0.06278,8.7892,0.008789,0.030518,2024-03,4,UK SRS 2026,DEFRA GHG Conversion Factors 2025,0.602,52.911,44.1218
PO-000420,PRD-00023,SUP-005,WH-001,288,4.4,1267.2,2024-04-18,2024-04-27,2024-04-29,9,ROAD,62.78,False,DELIVERED,NordicSupply AS,Sweden,EUROPEAN,Lip Balm SPF15,PCA,B,7.47,43.2,Sweden,1400.0,0.1,0.06278,8.7892,0.008789,0.030518,2024-04,4,UK SRS 2026,DEFRA GHG Conversion Factors 2025,0.602,52.911,44.1218
PO-000421,PRD-00023,SUP-005,WH-003,288,4.2,1209.6,2024-05-28,2024-06-05,2024-06-05,8,ROAD,62.78,False,DELIVERED,NordicSupply AS,Sweden,EUROPEAN,Lip Balm SPF15,PCA,B,7.47,43.2,Sweden,1400.0,0.1,0.06278,8.7892,0.008789,0.030518,2024-06,4,UK SRS 2026,DEFRA GHG Conversion Factors 2025,0.602,52.911,44.1218
PO-000422,PRD-00023,SUP-005,WH-002,336,4.25,1428.0,2024-07-13,2024-07-24,2024-07-27,11,ROAD,73.25,False,DELIVERED,NordicSupply AS,Sweden,EUROPEAN,Lip Balm SPF15,PCA,B,7.47,43.2,Sweden,1400.0,0.1,0.07325,10.255,0.010255,0.030521,2024-07,4,UK SRS 2026,DEFRA GHG Conversion Factors 2025,0.602,61.7351,51.4801
PO-000423,PRD-00023,SUP-005,WH-002,336,4.25,1428.0,2024-08-31,2024-09-10,2024-09-10,10,ROAD,73.25,False,DELIVERED,NordicSupply AS,Sweden,EUROPEAN,Lip Balm SPF15,PCA,B,7.47,43.2,Sweden,1400.0,0.1,0.07325,10.255,0.010255,0.030521,2024-09,4,UK SRS 2026,DEFRA GHG Conversion Factors 2025,0.602,61.7351,51.4801
PO-000424,PRD-00023,SUP-005,WH-002,336,4.46,1498.56,2024-10-13,2024-10-21,2024-10-22,8,ROAD,73.25,False,DELIVERED,NordicSupply AS,Sweden,EUROPEAN,Lip Balm SPF15,PCA,B,7.47,43.2,Sweden,1400.0,0.1,0.07325,10.255,0.010255,0.030521,2024-10,4,UK SRS 2026,DEFRA GHG Conversion Factors 2025,0.602,61.7351,51.4801
PO-000425,PRD-00023,SUP-005,WH-001,384,4.25,1632.0,2024-11-27,2024-12-07,2024-12-06,10,ROAD,83.71,False,DELIVERED,NordicSupply AS,Sweden,EUROPEAN,Lip Balm SPF15,PCA,B,7.47,43.2,Sweden,1400.0,0.1,0.08370999999999999,11.7194,0.011719,0.030519,2024-12,4,UK SRS 2026,DEFRA GHG Conversion Factors 2025,0.602,70.5508,58.8314
PO-000426,PRD-00023,SUP-005,WH-001,240,4.18,1003.2,2025-01-09,2025-01-17,2025-01-18,8,ROAD,52.32,False,DELIVERED,NordicSupply AS,Sweden,EUROPEAN,Lip Balm SPF15,PCA,B,7.47,43.2,Sweden,1400.0,0.1,0.05232,7.3248,0.007325,0.03052,2025-01,4,UK SRS 2026,DEFRA GHG Conversion Factors 2025,0.602,44.0953,36.7705
PO-000427,PRD-00023,SUP-005,WH-002,240,4.32,1036.8,2025-02-18,2025-03-01,2025-02-28,11,ROAD,52.32,False,DELIVERED,NordicSupply AS,Sweden,EUROPEAN,Lip Balm SPF15,PCA,B,7.47,43.2,Sweden,1400.0,0.1,0.05232,7.3248,0.007325,0.03052,2025-02,4,UK SRS 2026,DEFRA GHG Conversion Factors 2025,0.602,44.0953,36.7705
PO-000428,PRD-00023,SUP-005,WH-001,288,4.32,1244.16,2025-04-02,2025-04-10,2025-04-12,8,ROAD,62.78,False,DELIVERED,NordicSupply AS,Sweden,EUROPEAN,Lip Balm SPF15,PCA,B,7.47,43.2,Sweden,1400.0,0.1,0.06278,8.7892,0.008789,0.030518,2025-04,4,UK SRS 2026,DEFRA GHG Conversion Factors 2025,0.602,52.911,44.1218
PO-000429,PRD-00023,SUP-005,WH-001,288,4.25,1224.0,2025-05-19,2025-05-28,2025-05-27,9,ROAD,62.78,False,DELIVERED,NordicSupply AS,Sweden,EUROPEAN,Lip Balm SPF15,PCA,B,7.47,43.2,Sweden,1400.0,0.1,0.06278,8.7892,0.008789,0.030518,2025-05,4,UK SRS 2026,DEFRA GHG Conversion Factors 2025,0.602,52.911,44.1218
PO-000430,PRD-00023,SUP-005,WH-001,336,4.33,1454.88,2025-07-02,2025-07-13,2025-07-14,11,ROAD,73.25,False,DELIVERED,NordicSupply AS,Sweden,EUROPEAN,Lip Balm SPF15,PCA,B,7.47,43.2,Sweden,1400.0,0.1,0.07325,10.255,0.010255,0.030521,2025-07,4,UK SRS 2026,DEFRA GHG Conversion Factors 2025,0.602,61.7351,51.4801
PO-000431,PRD-00023,SUP-005,WH-001,336,4.37,1468.32,2025-08-17,2025-08-28,2025-08-29,11,ROAD,73.25,False,DELIVERED,NordicSupply AS,Sweden,EUROPEAN,Lip Balm SPF15,PCA,B,7.47,43.2,Sweden,1400.0,0.1,0.07325,10.255,0.010255,0.030521,2025-08,4,UK SRS 2026,DEFRA GHG Conversion Factors 2025,0.602,61.7351,51.4801
PO-000432,PRD-00023,SUP-005,WH-003,336,4.22,1417.92,2025-10-05,2025-10-16,2025-10-18,11,ROAD,73.25,False,DELIVERED,NordicSupply AS,Sweden,EUROPEAN,Lip Balm SPF15,PCA,B,7.47,43.2,Sweden,1400.0,0.1,0.07325,10.255,0.010255,0.030521,2025-10,4,UK SRS 2026,DEFRA GHG Conversion Factors 2025,0.602,61.7351,51.4801
PO-000433,PRD-00023,SUP-005,WH-002,384,4.12,1582.08,2025-11-14,2025-11-27,2025-11-28,13,ROAD,83.71,False,DELIVERED,NordicSupply AS,Sweden,EUROPEAN,Lip Balm SPF15,PCA,B,7.47,43.2,Sweden,1400.0,0.1,0.08370999999999999,11.7194,0.011719,0.030519,2025-11,4,UK SRS 2026,DEFRA GHG Conversion Factors 2025,0.602,70.5508,58.8314
PO-000435,PRD-00024,SUP-005,WH-001,180,6.04,1087.2,2024-01-30,2024-02-08,2024-02-07,9,ROAD,64.44,False,DELIVERED,NordicSupply AS,Sweden,EUROPEAN,Hand Sanitiser 500ml,PCA,B,9.48,35.7,Sweden,1400.0,0.1,0.06444,9.0216,0.009022,0.05012,2024-02,4,UK SRS 2026,DEFRA GHG Conversion Factors 2025,0.602,54.31,45.2884
PO-000436,PRD-00024,SUP-005,WH-001,216,6.2,1339.2,2024-03-12,2024-03-20,2024-03-20,8,ROAD,77.33,False,DELIVERED,NordicSupply AS,Sweden,EUROPEAN,Hand Sanitiser 500ml,PCA,B,9.48,35.7,Sweden,1400.0,0.1,0.07733,10.8262,0.010826,0.050121,2024-03,4,UK SRS 2026,DEFRA GHG Conversion Factors 2025,0.602,65.1737,54.3475
PO-000437,PRD-00024,SUP-005,WH-002,228,6.09,1388.52,2024-04-26,2024-05-05,2024-05-04,9,ROAD,81.62,False,DELIVERED,NordicSupply AS,Sweden,EUROPEAN,Hand Sanitiser 500ml,PCA,B,9.48,35.7,Sweden,1400.0,0.1,0.08162,11.4268,0.011427,0.050118,2024-05,4,UK SRS 2026,DEFRA GHG Conversion Factors 2025,0.602,68.7893,57.3625
PO-000438,PRD-00024,SUP-005,WH-001,252,6.01,1514.52,2024-06-06,2024-06-20,2024-06-23,14,ROAD,90.22,False,DELIVERED,NordicSupply AS,Sweden,EUROPEAN,Hand Sanitiser 500ml,PCA,B,9.48,35.7,Sweden,1400.0,0.1,0.09022,12.6308,0.012631,0.050122,2024-06,4,UK SRS 2026,DEFRA GHG Conversion Factors 2025,0.602,76.0374,63.4066
PO-000439,PRD-00024,SUP-005,WH-003,264,6.15,1623.6,2024-07-25,2024-08-06,2024-08-05,12,ROAD,94.51,False,DELIVERED,NordicSupply AS,Sweden,EUROPEAN,Hand Sanitiser 500ml,PCA,B,9.48,35.7,Sweden,1400.0,0.1,0.09451000000000001,13.2314,0.013231,0.050119,2024-08,4,UK SRS 2026,DEFRA GHG Conversion Factors 2025,0.602,79.653,66.4216
PO-000440,PRD-00024,SUP-005,WH-001,240,5.76,1382.4,2024-09-06,2024-09-14,2024-09-17,8,ROAD,85.92,False,DELIVERED,NordicSupply AS,Sweden,EUROPEAN,Hand Sanitiser 500ml,PCA,B,9.48,35.7,Sweden,1400.0,0.1,0.08592,12.0288,0.012029,0.05012,2024-09,4,UK SRS 2026,DEFRA GHG Conversion Factors 2025,0.602,72.4134,60.3846
PO-000441,PRD-00024,SUP-005,WH-003,264,6.06,1599.84,2024-10-24,2024-11-01,2024-11-01,8,ROAD,94.51,False,DELIVERED,NordicSupply AS,Sweden,EUROPEAN,Hand Sanitiser 500ml,PCA,B,9.48,35.7,Sweden,1400.0,0.1,0.09451000000000001,13.2314,0.013231,0.050119,2024-11,4,UK SRS 2026,DEFRA GHG Conversion Factors 2025,0.602,79.653,66.4216
PO-000442,PRD-00024,SUP-005,WH-001,354,6.01,2127.54,2024-12-09,2024-12-19,2024-12-18,10,ROAD,126.73,False,DELIVERED,NordicSupply AS,Sweden,EUROPEAN,Hand Sanitiser 500ml,PCA,B,9.48,35.7,Sweden,1400.0,0.1,0.12673,17.7422,0.017742,0.050119,2024-12,4,UK SRS 2026,DEFRA GHG Conversion Factors 2025,0.602,106.808,89.0658
PO-000443,PRD-00024,SUP-005,WH-003,180,6.12,1101.6,2025-01-23,2025-02-02,2025-02-01,10,ROAD,64.44,False,DELIVERED,NordicSupply AS,Sweden,EUROPEAN,Hand Sanitiser 500ml,PCA,B,9.48,35.7,Sweden,1400.0,0.1,0.06444,9.0216,0.009022,0.05012,2025-02,4,UK SRS 2026,DEFRA GHG Conversion Factors 2025,0.602,54.31,45.2884
PO-000444,PRD-00024,SUP-005,WH-003,216,6.35,1371.6,2025-03-06,2025-03-14,2025-03-14,8,ROAD,77.33,False,DELIVERED,NordicSupply AS,Sweden,EUROPEAN,Hand Sanitiser 500ml,PCA,B,9.48,35.7,Sweden,1400.0,0.1,0.07733,10.8262,0.010826,0.050121,2025-03,4,UK SRS 2026,DEFRA GHG Conversion Factors 2025,0.602,65.1737,54.3475
PO-000445,PRD-00024,SUP-005,WH-001,228,6.1,1390.8,2025-04-23,2025-05-02,2025-05-04,9,ROAD,81.62,False,DELIVERED,NordicSupply AS,Sweden,EUROPEAN,Hand Sanitiser 500ml,PCA,B,9.48,35.7,Sweden,1400.0,0.1,0.08162,11.4268,0.011427,0.050118,2025-05,4,UK SRS 2026,DEFRA GHG Conversion Factors 2025,0.602,68.7893,57.3625
PO-000446,PRD-00024,SUP-005,WH-002,252,6.16,1552.32,2025-06-09,2025-06-23,2025-06-26,14,ROAD,90.22,False,DELIVERED,NordicSupply AS,Sweden,EUROPEAN,Hand Sanitiser 500ml,PCA,B,9.48,35.7,Sweden,1400.0,0.1,0.09022,12.6308,0.012631,0.050122,2025-06,4,UK SRS 2026,DEFRA GHG Conversion Factors 2025,0.602,76.0374,63.4066
PO-000447,PRD-00024,SUP-005,WH-003,264,6.1,1610.4,2025-07-26,2025-08-05,2025-08-06,10,ROAD,94.51,False,DELIVERED,NordicSupply AS,Sweden,EUROPEAN,Hand Sanitiser 500ml,PCA,B,9.48,35.7,Sweden,1400.0,0.1,0.09451000000000001,13.2314,0.013231,0.050119,2025-08,4,UK SRS 2026,DEFRA GHG Conversion Factors 2025,0.602,79.653,66.4216
PO-000448,PRD-00024,SUP-005,WH-002,240,6.01,1442.4,2025-09-04,2025-09-13,2025-09-13,9,ROAD,85.92,False,DELIVERED,NordicSupply AS,Sweden,EUROPEAN,Hand Sanitiser 500ml,PCA,B,9.48,35.7,Sweden,1400.0,0.1,0.08592,12.0288,0.012029,0.05012,2025-09,4,UK SRS 2026,DEFRA GHG Conversion Factors 2025,0.602,72.4134,60.3846
PO-000449,PRD-00024,SUP-005,WH-002,264,6.02,1589.28,2025-10-20,2025-10-31,2025-11-01,11,ROAD,94.51,False,DELIVERED,NordicSupply AS,Sweden,EUROPEAN,Hand Sanitiser 500ml,PCA,B,9.48,35.7,Sweden,1400.0,0.1,0.09451000000000001,13.2314,0.013231,0.050119,2025-11,4,UK SRS 2026,DEFRA GHG Conversion Factors 2025,0.602,79.653,66.4216
PO-000450,PRD-00024,SUP-005,WH-002,354,6.17,2184.18,2025-12-09,2025-12-17,2025-12-17,8,ROAD,126.73,False,DELIVERED,NordicSupply AS,Sweden,EUROPEAN,Hand Sanitiser 500ml,PCA,B,9.48,35.7,Sweden,1400.0,0.1,0.12673,17.7422,0.017742,0.050119,2025-12,4,UK SRS 2026,DEFRA GHG Conversion Factors 2025,0.602,106.808,89.0658
PO-000451,PRD-00025,SUP-003,WH-003,144,8.13,1170.72,2024-01-09,2024-02-01,2024-01-31,23,SEA,41.33,False,DELIVERED,AsiaSource Co,China,INTERCONTINENTAL,Toothpaste Whitening 100ml,PCA,A,12.59,34.4,China,19500.0,0.016,0.04133,12.895,0.012895,0.089549,2024-01,4,UK SRS 2026,DEFRA GHG Conversion Factors 2025,0.602,485.1729,472.2779
PO-000452,PRD-00025,SUP-003,WH-002,192,8.14,1562.88,2024-02-05,2024-03-11,2024-03-13,35,SEA,55.1,False,DELIVERED,AsiaSource Co,China,INTERCONTINENTAL,Toothpaste Whitening 100ml,PCA,A,12.59,34.4,China,19500.0,0.016,0.0551,17.1912,0.017191,0.089537,2024-03,4,UK SRS 2026,DEFRA GHG Conversion Factors 2025,0.602,646.8189,629.6277
PO-000453,PRD-00025,SUP-003,WH-002,192,8.15,1564.8,2024-03-05,2024-04-02,2024-04-04,28,SEA,55.1,False,DELIVERED,AsiaSource Co,China,INTERCONTINENTAL,Toothpaste Whitening 100ml,PCA,A,12.59,34.4,China,19500.0,0.016,0.0551,17.1912,0.017191,0.089537,2024-04,4,UK SRS 2026,DEFRA GHG Conversion Factors 2025,0.602,646.8189,629.6277
PO-000454,PRD-00025,SUP-003,WH-001,192,8.17,1568.64,2024-04-05,2024-05-03,2024-05-05,28,SEA,55.1,False,DELIVERED,AsiaSource Co,China,INTERCONTINENTAL,Toothpaste Whitening 100ml,PCA,A,12.59,34.4,China,19500.0,0.016,0.0551,17.1912,0.017191,0.089537,2024-05,4,UK SRS 2026,DEFRA GHG Conversion Factors 2025,0.602,646.8189,629.6277
PO-000455,PRD-00025,SUP-003,WH-003,192,8.33,1599.36,2024-05-03,2024-06-07,2024-06-06,35,SEA,55.1,False,DELIVERED,AsiaSource Co,China,INTERCONTINENTAL,Toothpaste Whitening 100ml,PCA,A,12.59,34.4,China,19500.0,0.016,0.0551,17.1912,0.017191,0.089537,2024-06,4,UK SRS 2026,DEFRA GHG Conversion Factors 2025,0.602,646.8189,629.6277
PO-000456,PRD-00025,SUP-003,WH-003,240,8.11,1946.4,2024-06-02,2024-06-21,2024-06-22,19,SEA,68.88,False,DELIVERED,AsiaSource Co,China,INTERCONTINENTAL,Toothpaste Whitening 100ml,PCA,A,12.59,34.4,China,19500.0,0.016,0.06888,21.4906,0.021491,0.089544,2024-06,4,UK SRS 2026,DEFRA GHG Conversion Factors 2025,0.602,808.5823,787.0917
PO-000457,PRD-00025,SUP-003,WH-001,240,8.56,2054.4,2024-07-03,2024-07-28,2024-07-30,25,SEA,68.88,False,DELIVERED,AsiaSource Co,China,INTERCONTINENTAL,Toothpaste Whitening 100ml,PCA,A,12.59,34.4,China,19500.0,0.016,0.06888,21.4906,0.021491,0.089544,2024-07,4,UK SRS 2026,DEFRA GHG Conversion Factors 2025,0.602,808.5823,787.0917
PO-000458,PRD-00025,SUP-003,WH-002,240,8.37,2008.8,2024-08-06,2024-08-26,2024-08-27,20,SEA,68.88,False,DELIVERED,AsiaSource Co,China,INTERCONTINENTAL,Toothpaste Whitening 100ml,PCA,A,12.59,34.4,China,19500.0,0.016,0.06888,21.4906,0.021491,0.089544,2024-08,4,UK SRS 2026,DEFRA GHG Conversion Factors 2025,0.602,808.5823,787.0917
PO-000459,PRD-00025,SUP-003,WH-001,192,8.25,1584.0,2024-09-04,2024-09-29,2024-09-29,25,SEA,55.1,False,DELIVERED,AsiaSource Co,China,INTERCONTINENTAL,Toothpaste Whitening 100ml,PCA,A,12.59,34.4,China,19500.0,0.016,0.0551,17.1912,0.017191,0.089537,2024-09,4,UK SRS 2026,DEFRA GHG Conversion Factors 2025,0.602,646.8189,629.6277
PO-000460,PRD-00025,SUP-003,WH-001,240,7.99,1917.6,2024-10-07,2024-11-03,2024-11-06,27,SEA,68.88,False,DELIVERED,AsiaSource Co,China,INTERCONTINENTAL,Toothpaste Whitening 100ml,PCA,A,12.59,34.4,China,19500.0,0.016,0.06888,21.4906,0.021491,0.089544,2024-11,4,UK SRS 2026,DEFRA GHG Conversion Factors 2025,0.602,808.5823,787.0917
PO-000461,PRD-00025,SUP-003,WH-002,288,8.09,2329.92,2024-11-07,2024-11-30,2024-12-02,23,SEA,82.66,False,DELIVERED,AsiaSource Co,China,INTERCONTINENTAL,Toothpaste Whitening 100ml,PCA,A,12.59,34.4,China,19500.0,0.016,0.08266,25.7899,0.02579,0.089548,2024-12,4,UK SRS 2026,DEFRA GHG Conversion Factors 2025,0.602,970.3457,944.5558
PO-000462,PRD-00025,SUP-003,WH-002,336,8.27,2778.72,2024-12-03,2025-01-18,2025-01-21,46,SEA,96.43,False,DELIVERED,AsiaSource Co,China,INTERCONTINENTAL,Toothpaste Whitening 100ml,PCA,A,12.59,34.4,China,19500.0,0.016,0.09643,30.0862,0.030086,0.089542,2025-01,4,UK SRS 2026,DEFRA GHG Conversion Factors 2025,0.602,1131.9918,1101.9056
PO-000463,PRD-00025,SUP-003,WH-003,144,8.15,1173.6,2025-01-01,2025-01-21,2025-01-23,20,SEA,41.33,False,DELIVERED,AsiaSource Co,China,INTERCONTINENTAL,Toothpaste Whitening 100ml,PCA,A,12.59,34.4,China,19500.0,0.016,0.04133,12.895,0.012895,0.089549,2025-01,4,UK SRS 2026,DEFRA GHG Conversion Factors 2025,0.602,485.1729,472.2779
PO-000464,PRD-00025,SUP-003,WH-001,144,8.23,1185.12,2025-01-30,2025-02-26,2025-02-25,27,SEA,41.33,False,DELIVERED,AsiaSource Co,China,INTERCONTINENTAL,Toothpaste Whitening 100ml,PCA,A,12.59,34.4,China,19500.0,0.016,0.04133,12.895,0.012895,0.089549,2025-02,4,UK SRS 2026,DEFRA GHG Conversion Factors 2025,0.602,485.1729,472.2779
PO-000465,PRD-00025,SUP-003,WH-002,192,8.3,1593.6,2025-03-03,2025-03-31,2025-04-01,28,SEA,55.1,False,DELIVERED,AsiaSource Co,China,INTERCONTINENTAL,Toothpaste Whitening 100ml,PCA,A,12.59,34.4,China,19500.0,0.016,0.0551,17.1912,0.017191,0.089537,2025-04,4,UK SRS 2026,DEFRA GHG Conversion Factors 2025,0.602,646.8189,629.6277
PO-000466,PRD-00025,SUP-003,WH-002,192,8.05,1545.6,2025-04-05,2025-05-02,2025-05-02,27,SEA,55.1,False,DELIVERED,AsiaSource Co,China,INTERCONTINENTAL,Toothpaste Whitening 100ml,PCA,A,12.59,34.4,China,19500.0,0.016,0.0551,17.1912,0.017191,0.089537,2025-05,4,UK SRS 2026,DEFRA GHG Conversion Factors 2025,0.602,646.8189,629.6277
PO-000467,PRD-00025,SUP-003,WH-002,192,8.24,1582.08,2025-05-06,2025-06-01,2025-05-31,26,SEA,55.1,False,DELIVERED,AsiaSource Co,China,INTERCONTINENTAL,Toothpaste Whitening 100ml,PCA,A,12.59,34.4,China,19500.0,0.016,0.0551,17.1912,0.017191,0.089537,2025-05,4,UK SRS 2026,DEFRA GHG Conversion Factors 2025,0.602,646.8189,629.6277
PO-000468,PRD-00025,SUP-003,WH-002,240,8.3,1992.0,2025-06-05,2025-06-30,2025-07-03,25,SEA,68.88,False,DELIVERED,AsiaSource Co,China,INTERCONTINENTAL,Toothpaste Whitening 100ml,PCA,A,12.59,34.4,China,19500.0,0.016,0.06888,21.4906,0.021491,0.089544,2025-07,4,UK SRS 2026,DEFRA GHG Conversion Factors 2025,0.602,808.5823,787.0917
PO-000469,PRD-00025,SUP-003,WH-001,240,8.41,2018.4,2025-07-05,2025-08-26,2025-08-29,52,SEA,68.88,False,DELIVERED,AsiaSource Co,China,INTERCONTINENTAL,Toothpaste Whitening 100ml,PCA,A,12.59,34.4,China,19500.0,0.016,0.06888,21.4906,0.021491,0.089544,2025-08,4,UK SRS 2026,DEFRA GHG Conversion Factors 2025,0.602,808.5823,787.0917
PO-000470,PRD-00025,SUP-003,WH-001,240,8.12,1948.8,2025-08-06,2025-09-01,2025-09-01,26,SEA,68.88,False,DELIVERED,AsiaSource Co,China,INTERCONTINENTAL,Toothpaste Whitening 100ml,PCA,A,12.59,34.4,China,19500.0,0.016,0.06888,21.4906,0.021491,0.089544,2025-09,4,UK SRS 2026,DEFRA GHG Conversion Factors 2025,0.602,808.5823,787.0917
PO-000471,PRD-00025,SUP-003,WH-003,192,7.99,1534.08,2025-09-10,2025-09-28,2025-09-28,18,SEA,55.1,False,DELIVERED,AsiaSource Co,China,INTERCONTINENTAL,Toothpaste Whitening 100ml,PCA,A,12.59,34.4,China,19500.0,0.016,0.0551,17.1912,0.017191,0.089537,2025-09,4,UK SRS 2026,DEFRA GHG Conversion Factors 2025,0.602,646.8189,629.6277
PO-000472,PRD-00025,SUP-003,WH-001,240,8.19,1965.6,2025-10-11,2025-11-06,2025-11-06,26,SEA,68.88,False,DELIVERED,AsiaSource Co,China,INTERCONTINENTAL,Toothpaste Whitening 100ml,PCA,A,12.59,34.4,China,19500.0,0.016,0.06888,21.4906,0.021491,0.089544,2025-11,4,UK SRS 2026,DEFRA GHG Conversion Factors 2025,0.602,808.5823,787.0917
PO-000473,PRD-00025,SUP-003,WH-002,288,8.22,2367.36,2025-11-14,2025-12-03,2025-12-05,19,SEA,82.66,False,DELIVERED,AsiaSource Co,China,INTERCONTINENTAL,Toothpaste Whitening 100ml,PCA,A,12.59,34.4,China,19500.0,0.016,0.08266,25.7899,0.02579,0.089548,2025-12,4,UK SRS 2026,DEFRA GHG Conversion Factors 2025,0.602,970.3457,944.5558
PO-000475,PRD-00026,SUP-002,WH-003,120,11.59,1390.8,2024-01-04,2024-01-16,2024-01-19,12,ROAD,25.92,False,DELIVERED,EuroFast GmbH,Germany,EUROPEAN,Mouthwash Fresh Mint 500ml,PCA,A,16.41,27.1,Germany,1100.0,0.1,0.025920000000000002,2.8512,0.002851,0.02376,2024-01,4,UK SRS 2026,DEFRA GHG Conversion Factors 2025,0.602,17.1642,14.313
PO-000476,PRD-00026,SUP-002,WH-001,120,12.03,1443.6,2024-02-05,2024-02-13,2024-02-12,8,ROAD,25.92,False,DELIVERED,EuroFast GmbH,Germany,EUROPEAN,Mouthwash Fresh Mint 500ml,PCA,A,16.41,27.1,Germany,1100.0,0.1,0.025920000000000002,2.8512,0.002851,0.02376,2024-02,4,UK SRS 2026,DEFRA GHG Conversion Factors 2025,0.602,17.1642,14.313
PO-000477,PRD-00026,SUP-002,WH-001,144,11.52,1658.88,2024-03-03,2024-03-11,2024-03-11,8,ROAD,31.1,False,DELIVERED,EuroFast GmbH,Germany,EUROPEAN,Mouthwash Fresh Mint 500ml,PCA,A,16.41,27.1,Germany,1100.0,0.1,0.031100000000000003,3.421,0.003421,0.023757,2024-03,4,UK SRS 2026,DEFRA GHG Conversion Factors 2025,0.602,20.5944,17.1734
PO-000478,PRD-00026,SUP-002,WH-001,144,11.99,1726.56,2024-03-28,2024-04-07,2024-04-06,10,ROAD,31.1,False,DELIVERED,EuroFast GmbH,Germany,EUROPEAN,Mouthwash Fresh Mint 500ml,PCA,A,16.41,27.1,Germany,1100.0,0.1,0.031100000000000003,3.421,0.003421,0.023757,2024-04,4,UK SRS 2026,DEFRA GHG Conversion Factors 2025,0.602,20.5944,17.1734
PO-000479,PRD-00026,SUP-002,WH-003,168,12.23,2054.64,2024-05-02,2024-05-10,2024-05-12,8,ROAD,36.29,False,DELIVERED,EuroFast GmbH,Germany,EUROPEAN,Mouthwash Fresh Mint 500ml,PCA,A,16.41,27.1,Germany,1100.0,0.1,0.036289999999999996,3.9919,0.003992,0.023761,2024-05,4,UK SRS 2026,DEFRA GHG Conversion Factors 2025,0.602,24.0312,20.0393
PO-000480,PRD-00026,SUP-002,WH-002,168,11.68,1962.24,2024-05-29,2024-06-08,2024-06-11,10,ROAD,36.29,False,DELIVERED,EuroFast GmbH,Germany,EUROPEAN,Mouthwash Fresh Mint 500ml,PCA,A,16.41,27.1,Germany,1100.0,0.1,0.036289999999999996,3.9919,0.003992,0.023761,2024-06,4,UK SRS 2026,DEFRA GHG Conversion Factors 2025,0.602,24.0312,20.0393
PO-000481,PRD-00026,SUP-002,WH-003,168,12.03,2021.04,2024-06-27,2024-07-07,2024-07-09,10,ROAD,36.29,False,DELIVERED,EuroFast GmbH,Germany,EUROPEAN,Mouthwash Fresh Mint 500ml,PCA,A,16.41,27.1,Germany,1100.0,0.1,0.036289999999999996,3.9919,0.003992,0.023761,2024-07,4,UK SRS 2026,DEFRA GHG Conversion Factors 2025,0.602,24.0312,20.0393
PO-000482,PRD-00026,SUP-002,WH-002,192,11.51,2209.92,2024-07-24,2024-08-05,2024-08-05,12,ROAD,41.47,False,DELIVERED,EuroFast GmbH,Germany,EUROPEAN,Mouthwash Fresh Mint 500ml,PCA,A,16.41,27.1,Germany,1100.0,0.1,0.04147,4.5617,0.004562,0.023759,2024-08,4,UK SRS 2026,DEFRA GHG Conversion Factors 2025,0.602,27.4614,22.8997
PO-000483,PRD-00026,SUP-002,WH-002,168,12.06,2026.08,2024-08-22,2024-09-01,2024-09-03,10,ROAD,36.29,False,DELIVERED,EuroFast GmbH,Germany,EUROPEAN,Mouthwash Fresh Mint 500ml,PCA,A,16.41,27.1,Germany,1100.0,0.1,0.036289999999999996,3.9919,0.003992,0.023761,2024-09,4,UK SRS 2026,DEFRA GHG Conversion Factors 2025,0.602,24.0312,20.0393
PO-000484,PRD-00026,SUP-002,WH-001,168,11.81,1984.08,2024-09-20,2024-10-01,2024-10-02,11,ROAD,36.29,False,DELIVERED,EuroFast GmbH,Germany,EUROPEAN,Mouthwash Fresh Mint 500ml,PCA,A,16.41,27.1,Germany,1100.0,0.1,0.036289999999999996,3.9919,0.003992,0.023761,2024-10,4,UK SRS 2026,DEFRA GHG Conversion Factors 2025,0.602,24.0312,20.0393
PO-000485,PRD-00026,SUP-002,WH-002,192,11.98,2300.16,2024-10-17,2024-10-24,2024-10-23,7,ROAD,41.47,False,DELIVERED,EuroFast GmbH,Germany,EUROPEAN,Mouthwash Fresh Mint 500ml,PCA,A,16.41,27.1,Germany,1100.0,0.1,0.04147,4.5617,0.004562,0.023759,2024-10,4,UK SRS 2026,DEFRA GHG Conversion Factors 2025,0.602,27.4614,22.8997
PO-000486,PRD-00026,SUP-002,WH-003,216,11.74,2535.84,2024-11-18,2024-11-28,2024-11-30,10,ROAD,46.66,False,DELIVERED,EuroFast GmbH,Germany,EUROPEAN,Mouthwash Fresh Mint 500ml,PCA,A,16.41,27.1,Germany,1100.0,0.1,0.04665999999999999,5.1326,0.005133,0.023762,2024-11,4,UK SRS 2026,DEFRA GHG Conversion Factors 2025,0.602,30.8983,25.7657
PO-000487,PRD-00026,SUP-002,WH-003,240,11.73,2815.2,2024-12-15,2024-12-24,2024-12-23,9,ROAD,51.84,False,DELIVERED,EuroFast GmbH,Germany,EUROPEAN,Mouthwash Fresh Mint 500ml,PCA,A,16.41,27.1,Germany,1100.0,0.1,0.051840000000000004,5.7024,0.005702,0.02376,2024-12,4,UK SRS 2026,DEFRA GHG Conversion Factors 2025,0.602,34.3284,28.626
PO-000488,PRD-00026,SUP-002,WH-002,120,11.96,1435.2,2025-01-14,2025-01-21,2025-01-21,7,ROAD,25.92,False,DELIVERED,EuroFast GmbH,Germany,EUROPEAN,Mouthwash Fresh Mint 500ml,PCA,A,16.41,27.1,Germany,1100.0,0.1,0.025920000000000002,2.8512,0.002851,0.02376,2025-01,4,UK SRS 2026,DEFRA GHG Conversion Factors 2025,0.602,17.1642,14.313
PO-000489,PRD-00026,SUP-002,WH-003,120,11.92,1430.4,2025-02-12,2025-02-21,2025-02-24,9,ROAD,25.92,False,DELIVERED,EuroFast GmbH,Germany,EUROPEAN,Mouthwash Fresh Mint 500ml,PCA,A,16.41,27.1,Germany,1100.0,0.1,0.025920000000000002,2.8512,0.002851,0.02376,2025-02,4,UK SRS 2026,DEFRA GHG Conversion Factors 2025,0.602,17.1642,14.313
PO-000490,PRD-00026,SUP-002,WH-001,144,11.75,1692.0,2025-03-15,2025-03-24,2025-03-25,9,ROAD,31.1,False,DELIVERED,EuroFast GmbH,Germany,EUROPEAN,Mouthwash Fresh Mint 500ml,PCA,A,16.41,27.1,Germany,1100.0,0.1,0.031100000000000003,3.421,0.003421,0.023757,2025-03,4,UK SRS 2026,DEFRA GHG Conversion Factors 2025,0.602,20.5944,17.1734
PO-000491,PRD-00026,SUP-002,WH-003,144,11.91,1715.04,2025-04-10,2025-04-19,2025-04-22,9,ROAD,31.1,False,DELIVERED,EuroFast GmbH,Germany,EUROPEAN,Mouthwash Fresh Mint 500ml,PCA,A,16.41,27.1,Germany,1100.0,0.1,0.031100000000000003,3.421,0.003421,0.023757,2025-04,4,UK SRS 2026,DEFRA GHG Conversion Factors 2025,0.602,20.5944,17.1734
PO-000492,PRD-00026,SUP-002,WH-001,168,12.19,2047.92,2025-05-05,2025-05-15,2025-05-15,10,ROAD,36.29,False,DELIVERED,EuroFast GmbH,Germany,EUROPEAN,Mouthwash Fresh Mint 500ml,PCA,A,16.41,27.1,Germany,1100.0,0.1,0.036289999999999996,3.9919,0.003992,0.023761,2025-05,4,UK SRS 2026,DEFRA GHG Conversion Factors 2025,0.602,24.0312,20.0393
PO-000493,PRD-00026,SUP-002,WH-003,168,11.94,2005.92,2025-05-31,2025-06-09,2025-06-11,9,ROAD,36.29,False,DELIVERED,EuroFast GmbH,Germany,EUROPEAN,Mouthwash Fresh Mint 500ml,PCA,A,16.41,27.1,Germany,1100.0,0.1,0.036289999999999996,3.9919,0.003992,0.023761,2025-06,4,UK SRS 2026,DEFRA GHG Conversion Factors 2025,0.602,24.0312,20.0393
PO-000494,PRD-00026,SUP-002,WH-001,192,11.65,2236.8,2025-07-01,2025-07-08,2025-07-11,7,ROAD,41.47,False,DELIVERED,EuroFast GmbH,Germany,EUROPEAN,Mouthwash Fresh Mint 500ml,PCA,A,16.41,27.1,Germany,1100.0,0.1,0.04147,4.5617,0.004562,0.023759,2025-07,4,UK SRS 2026,DEFRA GHG Conversion Factors 2025,0.602,27.4614,22.8997
PO-000495,PRD-00026,SUP-002,WH-001,192,11.88,2280.96,2025-07-28,2025-08-04,2025-08-03,7,ROAD,41.47,False,DELIVERED,EuroFast GmbH,Germany,EUROPEAN,Mouthwash Fresh Mint 500ml,PCA,A,16.41,27.1,Germany,1100.0,0.1,0.04147,4.5617,0.004562,0.023759,2025-08,4,UK SRS 2026,DEFRA GHG Conversion Factors 2025,0.602,27.4614,22.8997
PO-000496,PRD-00026,SUP-002,WH-001,168,11.87,1994.16,2025-08-30,2025-09-08,2025-09-07,9,ROAD,36.29,False,DELIVERED,EuroFast GmbH,Germany,EUROPEAN,Mouthwash Fresh Mint 500ml,PCA,A,16.41,27.1,Germany,1100.0,0.1,0.036289999999999996,3.9919,0.003992,0.023761,2025-09,4,UK SRS 2026,DEFRA GHG Conversion Factors 2025,0.602,24.0312,20.0393
PO-000497,PRD-00026,SUP-002,WH-001,192,11.83,2271.36,2025-10-03,2025-10-11,2025-10-13,8,ROAD,41.47,False,DELIVERED,EuroFast GmbH,Germany,EUROPEAN,Mouthwash Fresh Mint 500ml,PCA,A,16.41,27.1,Germany,1100.0,0.1,0.04147,4.5617,0.004562,0.023759,2025-10,4,UK SRS 2026,DEFRA GHG Conversion Factors 2025,0.602,27.4614,22.8997
PO-000498,PRD-00026,SUP-002,WH-003,216,11.6,2505.6,2025-11-02,2025-11-10,2025-11-10,8,ROAD,46.66,False,DELIVERED,EuroFast GmbH,Germany,EUROPEAN,Mouthwash Fresh Mint 500ml,PCA,A,16.41,27.1,Germany,1100.0,0.1,0.04665999999999999,5.1326,0.005133,0.023762,2025-11,4,UK SRS 2026,DEFRA GHG Conversion Factors 2025,0.602,30.8983,25.7657
PO-000499,PRD-00026,SUP-002,WH-002,240,11.88,2851.2,2025-12-06,2025-12-17,2025-12-16,11,ROAD,51.84,False,DELIVERED,EuroFast GmbH,Germany,EUROPEAN,Mouthwash Fresh Mint 500ml,PCA,A,16.41,27.1,Germany,1100.0,0.1,0.051840000000000004,5.7024,0.005702,0.02376,2025-12,4,UK SRS 2026,DEFRA GHG Conversion Factors 2025,0.602,34.3284,28.626
PO-000500,PRD-00027,SUP-003,WH-002,108,11.17,1206.36,2024-01-06,2024-02-02,2024-02-03,27,SEA,31.86,False,DELIVERED,AsiaSource Co,China,INTERCONTINENTAL,Cotton Buds 200-Pack,PCA,A,18.57,40.0,China,19500.0,0.016,0.03186,9.9403,0.00994,0.09204,2024-02,4,UK SRS 2026,DEFRA GHG Conversion Factors 2025,0.602,374.0045,364.0642
PO-000501,PRD-00027,SUP-003,WH-001,120,11.27,1352.4,2024-02-09,2024-03-05,2024-03-07,25,SEA,35.4,False,DELIVERED,AsiaSource Co,China,INTERCONTINENTAL,Cotton Buds 200-Pack,PCA,A,18.57,40.0,China,19500.0,0.016,0.0354,11.0448,0.011045,0.09204,2024-03,4,UK SRS 2026,DEFRA GHG Conversion Factors 2025,0.602,415.5606,404.5158
PO-000502,PRD-00027,SUP-003,WH-002,132,11.3,1491.6,2024-03-12,2024-04-02,2024-04-02,21,SEA,38.94,False,DELIVERED,AsiaSource Co,China,INTERCONTINENTAL,Cotton Buds 200-Pack,PCA,A,18.57,40.0,China,19500.0,0.016,0.038939999999999995,12.1493,0.012149,0.09204,2024-04,4,UK SRS 2026,DEFRA GHG Conversion Factors 2025,0.602,457.1167,444.9674
PO-000503,PRD-00027,SUP-003,WH-003,144,11.14,1604.16,2024-04-11,2024-05-02,2024-05-01,21,SEA,42.48,False,DELIVERED,AsiaSource Co,China,INTERCONTINENTAL,Cotton Buds 200-Pack,PCA,A,18.57,40.0,China,19500.0,0.016,0.04248,13.2538,0.013254,0.09204,2024-05,4,UK SRS 2026,DEFRA GHG Conversion Factors 2025,0.602,498.6727,485.4189
PO-000504,PRD-00027,SUP-003,WH-002,144,11.13,1602.72,2024-05-12,2024-06-02,2024-06-03,21,SEA,42.48,False,DELIVERED,AsiaSource Co,China,INTERCONTINENTAL,Cotton Buds 200-Pack,PCA,A,18.57,40.0,China,19500.0,0.016,0.04248,13.2538,0.013254,0.09204,2024-06,4,UK SRS 2026,DEFRA GHG Conversion Factors 2025,0.602,498.6727,485.4189
PO-000505,PRD-00027,SUP-003,WH-001,156,11.18,1744.08,2024-06-06,2024-07-02,2024-07-01,26,SEA,46.02,False,DELIVERED,AsiaSource Co,China,INTERCONTINENTAL,Cotton Buds 200-Pack,PCA,A,18.57,40.0,China,19500.0,0.016,0.046020000000000005,14.3582,0.014358,0.09204,2024-07,4,UK SRS 2026,DEFRA GHG Conversion Factors 2025,0.602,540.2288,525.8706
PO-000506,PRD-00027,SUP-003,WH-002,156,11.28,1759.68,2024-07-05,2024-08-08,2024-08-09,34,SEA,46.02,False,DELIVERED,AsiaSource Co,China,INTERCONTINENTAL,Cotton Buds 200-Pack,PCA,A,18.57,40.0,China,19500.0,0.016,0.046020000000000005,14.3582,0.014358,0.09204,2024-08,4,UK SRS 2026,DEFRA GHG Conversion Factors 2025,0.602,540.2288,525.8706
PO-000507,PRD-00027,SUP-003,WH-002,156,11.09,1730.04,2024-07-30,2024-08-23,2024-08-26,24,SEA,46.02,False,DELIVERED,AsiaSource Co,China,INTERCONTINENTAL,Cotton Buds 200-Pack,PCA,A,18.57,40.0,China,19500.0,0.016,0.046020000000000005,14.3582,0.014358,0.09204,2024-08,4,UK SRS 2026,DEFRA GHG Conversion Factors 2025,0.602,540.2288,525.8706
PO-000508,PRD-00027,SUP-003,WH-002,156,11.28,1759.68,2024-08-29,2024-09-20,2024-09-23,22,SEA,46.02,False,DELIVERED,AsiaSource Co,China,INTERCONTINENTAL,Cotton Buds 200-Pack,PCA,A,18.57,40.0,China,19500.0,0.016,0.046020000000000005,14.3582,0.014358,0.09204,2024-09,4,UK SRS 2026,DEFRA GHG Conversion Factors 2025,0.602,540.2288,525.8706
PO-000509,PRD-00027,SUP-003,WH-001,144,10.95,1576.8,2024-09-28,2024-10-24,2024-10-23,26,SEA,42.48,False,DELIVERED,AsiaSource Co,China,INTERCONTINENTAL,Cotton Buds 200-Pack,PCA,A,18.57,40.0,China,19500.0,0.016,0.04248,13.2538,0.013254,0.09204,2024-10,4,UK SRS 2026,DEFRA GHG Conversion Factors 2025,0.602,498.6727,485.4189
PO-000510,PRD-00027,SUP-003,WH-002,156,11.53,1798.68,2024-10-30,2024-11-26,2024-11-29,27,SEA,46.02,False,DELIVERED,AsiaSource Co,China,INTERCONTINENTAL,Cotton Buds 200-Pack,PCA,A,18.57,40.0,China,19500.0,0.016,0.046020000000000005,14.3582,0.014358,0.09204,2024-11,4,UK SRS 2026,DEFRA GHG Conversion Factors 2025,0.602,540.2288,525.8706
PO-000511,PRD-00027,SUP-003,WH-001,192,11.67,2240.64,2024-11-25,2024-12-15,2024-12-18,20,SEA,56.64,False,DELIVERED,AsiaSource Co,China,INTERCONTINENTAL,Cotton Buds 200-Pack,PCA,A,18.57,40.0,China,19500.0,0.016,0.05664,17.6717,0.017672,0.09204,2024-12,4,UK SRS 2026,DEFRA GHG Conversion Factors 2025,0.602,664.897,647.2253
PO-000512,PRD-00027,SUP-003,WH-002,216,11.38,2458.08,2024-12-20,2025-02-02,2025-02-01,44,SEA,63.72,False,DELIVERED,AsiaSource Co,China,INTERCONTINENTAL,Cotton Buds 200-Pack,PCA,A,18.57,40.0,China,19500.0,0.016,0.06372,19.8806,0.019881,0.09204,2025-02,4,UK SRS 2026,DEFRA GHG Conversion Factors 2025,0.602,748.0091,728.1285
PO-000513,PRD-00027,SUP-003,WH-003,108,11.21,1210.68,2025-01-20,2025-03-02,2025-03-01,41,SEA,31.86,False,DELIVERED,AsiaSource Co,China,INTERCONTINENTAL,Cotton Buds 200-Pack,PCA,A,18.57,40.0,China,19500.0,0.016,0.03186,9.9403,0.00994,0.09204,2025-03,4,UK SRS 2026,DEFRA GHG Conversion Factors 2025,0.602,374.0045,364.0642
PO-000514,PRD-00027,SUP-003,WH-003,120,11.41,1369.2,2025-02-17,2025-03-12,2025-03-15,23,SEA,35.4,False,DELIVERED,AsiaSource Co,China,INTERCONTINENTAL,Cotton Buds 200-Pack,PCA,A,18.57,40.0,China,19500.0,0.016,0.0354,11.0448,0.011045,0.09204,2025-03,4,UK SRS 2026,DEFRA GHG Conversion Factors 2025,0.602,415.5606,404.5158
PO-000515,PRD-00027,SUP-003,WH-002,132,10.83,1429.56,2025-03-15,2025-04-03,2025-04-06,19,SEA,38.94,False,DELIVERED,AsiaSource Co,China,INTERCONTINENTAL,Cotton Buds 200-Pack,PCA,A,18.57,40.0,China,19500.0,0.016,0.038939999999999995,12.1493,0.012149,0.09204,2025-04,4,UK SRS 2026,DEFRA GHG Conversion Factors 2025,0.602,457.1167,444.9674
PO-000516,PRD-00027,SUP-003,WH-001,144,11.24,1618.56,2025-04-10,2025-05-07,2025-05-06,27,SEA,42.48,False,DELIVERED,AsiaSource Co,China,INTERCONTINENTAL,Cotton Buds 200-Pack,PCA,A,18.57,40.0,China,19500.0,0.016,0.04248,13.2538,0.013254,0.09204,2025-05,4,UK SRS 2026,DEFRA GHG Conversion Factors 2025,0.602,498.6727,485.4189
PO-000517,PRD-00027,SUP-003,WH-003,144,11.31,1628.64,2025-05-05,2025-06-14,2025-06-15,40,SEA,42.48,False,DELIVERED,AsiaSource Co,China,INTERCONTINENTAL,Cotton Buds 200-Pack,PCA,A,18.57,40.0,China,19500.0,0.016,0.04248,13.2538,0.013254,0.09204,2025-06,4,UK SRS 2026,DEFRA GHG Conversion Factors 2025,0.602,498.6727,485.4189
PO-000518,PRD-00027,SUP-003,WH-002,156,10.64,1659.84,2025-06-03,2025-06-23,2025-06-24,20,SEA,46.02,False,DELIVERED,AsiaSource Co,China,INTERCONTINENTAL,Cotton Buds 200-Pack,PCA,A,18.57,40.0,China,19500.0,0.016,0.046020000000000005,14.3582,0.014358,0.09204,2025-06,4,UK SRS 2026,DEFRA GHG Conversion Factors 2025,0.602,540.2288,525.8706
PO-000519,PRD-00027,SUP-003,WH-002,156,11.07,1726.92,2025-06-29,2025-07-17,2025-07-18,18,SEA,46.02,False,DELIVERED,AsiaSource Co,China,INTERCONTINENTAL,Cotton Buds 200-Pack,PCA,A,18.57,40.0,China,19500.0,0.016,0.046020000000000005,14.3582,0.014358,0.09204,2025-07,4,UK SRS 2026,DEFRA GHG Conversion Factors 2025,0.602,540.2288,525.8706
PO-000520,PRD-00027,SUP-003,WH-003,156,11.27,1758.12,2025-07-29,2025-08-17,2025-08-17,19,SEA,46.02,False,DELIVERED,AsiaSource Co,China,INTERCONTINENTAL,Cotton Buds 200-Pack,PCA,A,18.57,40.0,China,19500.0,0.016,0.046020000000000005,14.3582,0.014358,0.09204,2025-08,4,UK SRS 2026,DEFRA GHG Conversion Factors 2025,0.602,540.2288,525.8706
PO-000521,PRD-00027,SUP-003,WH-001,144,11.41,1643.04,2025-09-02,2025-10-01,2025-09-30,29,SEA,42.48,False,DELIVERED,AsiaSource Co,China,INTERCONTINENTAL,Cotton Buds 200-Pack,PCA,A,18.57,40.0,China,19500.0,0.016,0.04248,13.2538,0.013254,0.09204,2025-09,4,UK SRS 2026,DEFRA GHG Conversion Factors 2025,0.602,498.6727,485.4189
PO-000522,PRD-00027,SUP-003,WH-003,156,10.94,1706.64,2025-10-07,2025-10-31,2025-11-01,24,SEA,46.02,False,DELIVERED,AsiaSource Co,China,INTERCONTINENTAL,Cotton Buds 200-Pack,PCA,A,18.57,40.0,China,19500.0,0.016,0.046020000000000005,14.3582,0.014358,0.09204,2025-11,4,UK SRS 2026,DEFRA GHG Conversion Factors 2025,0.602,540.2288,525.8706
PO-000523,PRD-00027,SUP-003,WH-001,192,11.28,2165.76,2025-11-01,2025-11-24,2025-11-27,23,SEA,56.64,False,DELIVERED,AsiaSource Co,China,INTERCONTINENTAL,Cotton Buds 200-Pack,PCA,A,18.57,40.0,China,19500.0,0.016,0.05664,17.6717,0.017672,0.09204,2025-11,4,UK SRS 2026,DEFRA GHG Conversion Factors 2025,0.602,664.897,647.2253
PO-000524,PRD-00027,SUP-003,WH-003,216,11.38,2458.08,2025-12-06,2025-12-28,2025-12-31,22,SEA,63.72,False,DELIVERED,AsiaSource Co,China,INTERCONTINENTAL,Cotton Buds 200-Pack,PCA,A,18.57,40.0,China,19500.0,0.016,0.06372,19.8806,0.019881,0.09204,2025-12,4,UK SRS 2026,DEFRA GHG Conversion Factors 2025,0.602,748.0091,728.1285
PO-000525,PRD-00028,SUP-005,WH-002,192,7.89,1514.88,2024-01-20,2024-01-30,2024-01-29,10,ROAD,354.82,False,DELIVERED,NordicSupply AS,Sweden,EUROPEAN,Premium Ground Coffee 250g,FBV,A,10.48,26.1,Sweden,1400.0,0.1,0.35481999999999997,49.6748,0.049675,0.258723,2024-01,4,UK SRS 2026,DEFRA GHG Conversion Factors 2025,0.602,299.0423,249.3675
PO-000526,PRD-00028,SUP-005,WH-001,192,7.6,1459.2,2024-02-23,2024-03-03,2024-03-03,9,ROAD,354.82,False,DELIVERED,NordicSupply AS,Sweden,EUROPEAN,Premium Ground Coffee 250g,FBV,A,10.48,26.1,Sweden,1400.0,0.1,0.35481999999999997,49.6748,0.049675,0.258723,2024-03,4,UK SRS 2026,DEFRA GHG Conversion Factors 2025,0.602,299.0423,249.3675
PO-000527,PRD-00028,SUP-005,WH-003,240,7.64,1833.6,2024-03-23,2024-04-02,2024-04-04,10,ROAD,443.52,False,DELIVERED,NordicSupply AS,Sweden,EUROPEAN,Premium Ground Coffee 250g,FBV,A,10.48,26.1,Sweden,1400.0,0.1,0.44351999999999997,62.0928,0.062093,0.25872,2024-04,4,UK SRS 2026,DEFRA GHG Conversion Factors 2025,0.602,373.7987,311.7059
PO-000528,PRD-00028,SUP-005,WH-003,240,7.78,1867.2,2024-04-20,2024-04-29,2024-05-01,9,ROAD,443.52,False,DELIVERED,NordicSupply AS,Sweden,EUROPEAN,Premium Ground Coffee 250g,FBV,A,10.48,26.1,Sweden,1400.0,0.1,0.44351999999999997,62.0928,0.062093,0.25872,2024-05,4,UK SRS 2026,DEFRA GHG Conversion Factors 2025,0.602,373.7987,311.7059
PO-000529,PRD-00028,SUP-005,WH-002,240,7.73,1855.2,2024-05-24,2024-06-02,2024-06-05,9,ROAD,443.52,False,DELIVERED,NordicSupply AS,Sweden,EUROPEAN,Premium Ground Coffee 250g,FBV,A,10.48,26.1,Sweden,1400.0,0.1,0.44351999999999997,62.0928,0.062093,0.25872,2024-06,4,UK SRS 2026,DEFRA GHG Conversion Factors 2025,0.602,373.7987,311.7059
PO-000530,PRD-00028,SUP-005,WH-002,288,8.02,2309.76,2024-06-19,2024-06-27,2024-06-28,8,ROAD,532.22,False,DELIVERED,NordicSupply AS,Sweden,EUROPEAN,Premium Ground Coffee 250g,FBV,A,10.48,26.1,Sweden,1400.0,0.1,0.53222,74.5108,0.074511,0.258718,2024-06,4,UK SRS 2026,DEFRA GHG Conversion Factors 2025,0.602,448.555,374.0442
PO-000531,PRD-00028,SUP-005,WH-002,288,7.72,2223.36,2024-07-16,2024-07-27,2024-07-28,11,ROAD,532.22,False,DELIVERED,NordicSupply AS,Sweden,EUROPEAN,Premium Ground Coffee 250g,FBV,A,10.48,26.1,Sweden,1400.0,0.1,0.53222,74.5108,0.074511,0.258718,2024-07,4,UK SRS 2026,DEFRA GHG Conversion Factors 2025,0.602,448.555,374.0442
PO-000532,PRD-00028,SUP-005,WH-003,288,8.21,2364.48,2024-08-18,2024-09-04,2024-09-07,17,ROAD,532.22,False,DELIVERED,NordicSupply AS,Sweden,EUROPEAN,Premium Ground Coffee 250g,FBV,A,10.48,26.1,Sweden,1400.0,0.1,0.53222,74.5108,0.074511,0.258718,2024-09,4,UK SRS 2026,DEFRA GHG Conversion Factors 2025,0.602,448.555,374.0442
PO-000533,PRD-00028,SUP-005,WH-002,240,7.98,1915.2,2024-09-12,2024-09-25,2024-09-28,13,ROAD,443.52,False,DELIVERED,NordicSupply AS,Sweden,EUROPEAN,Premium Ground Coffee 250g,FBV,A,10.48,26.1,Sweden,1400.0,0.1,0.44351999999999997,62.0928,0.062093,0.25872,2024-09,4,UK SRS 2026,DEFRA GHG Conversion Factors 2025,0.602,373.7987,311.7059
PO-000534,PRD-00028,SUP-005,WH-002,288,8.0,2304.0,2024-10-13,2024-10-24,2024-10-24,11,ROAD,532.22,False,DELIVERED,NordicSupply AS,Sweden,EUROPEAN,Premium Ground Coffee 250g,FBV,A,10.48,26.1,Sweden,1400.0,0.1,0.53222,74.5108,0.074511,0.258718,2024-10,4,UK SRS 2026,DEFRA GHG Conversion Factors 2025,0.602,448.555,374.0442
PO-000535,PRD-00028,SUP-005,WH-002,336,7.87,2644.32,2024-11-09,2024-11-17,2024-11-18,8,ROAD,620.93,False,DELIVERED,NordicSupply AS,Sweden,EUROPEAN,Premium Ground Coffee 250g,FBV,A,10.48,26.1,Sweden,1400.0,0.1,0.62093,86.9302,0.08693,0.258721,2024-11,4,UK SRS 2026,DEFRA GHG Conversion Factors 2025,0.602,523.3198,436.3896
PO-000536,PRD-00028,SUP-005,WH-003,384,7.75,2976.0,2024-12-05,2024-12-15,2024-12-17,10,ROAD,709.63,False,DELIVERED,NordicSupply AS,Sweden,EUROPEAN,Premium Ground Coffee 250g,FBV,A,10.48,26.1,Sweden,1400.0,0.1,0.70963,99.3482,0.099348,0.258719,2024-12,4,UK SRS 2026,DEFRA GHG Conversion Factors 2025,0.602,598.0762,498.728
PO-000537,PRD-00028,SUP-005,WH-002,192,7.78,1493.76,2025-01-02,2025-01-13,2025-01-14,11,ROAD,354.82,False,DELIVERED,NordicSupply AS,Sweden,EUROPEAN,Premium Ground Coffee 250g,FBV,A,10.48,26.1,Sweden,1400.0,0.1,0.35481999999999997,49.6748,0.049675,0.258723,2025-01,4,UK SRS 2026,DEFRA GHG Conversion Factors 2025,0.602,299.0423,249.3675
PO-000538,PRD-00028,SUP-005,WH-002,192,7.73,1484.16,2025-01-28,2025-02-05,2025-02-07,8,ROAD,354.82,False,DELIVERED,NordicSupply AS,Sweden,EUROPEAN,Premium Ground Coffee 250g,FBV,A,10.48,26.1,Sweden,1400.0,0.1,0.35481999999999997,49.6748,0.049675,0.258723,2025-02,4,UK SRS 2026,DEFRA GHG Conversion Factors 2025,0.602,299.0423,249.3675
PO-000539,PRD-00028,SUP-005,WH-001,192,7.53,1445.76,2025-02-22,2025-03-03,2025-03-04,9,ROAD,354.82,False,DELIVERED,NordicSupply AS,Sweden,EUROPEAN,Premium Ground Coffee 250g,FBV,A,10.48,26.1,Sweden,1400.0,0.1,0.35481999999999997,49.6748,0.049675,0.258723,2025-03,4,UK SRS 2026,DEFRA GHG Conversion Factors 2025,0.602,299.0423,249.3675
PO-000540,PRD-00028,SUP-005,WH-003,240,7.54,1809.6,2025-03-25,2025-04-03,2025-04-06,9,ROAD,443.52,False,DELIVERED,NordicSupply AS,Sweden,EUROPEAN,Premium Ground Coffee 250g,FBV,A,10.48,26.1,Sweden,1400.0,0.1,0.44351999999999997,62.0928,0.062093,0.25872,2025-04,4,UK SRS 2026,DEFRA GHG Conversion Factors 2025,0.602,373.7987,311.7059
PO-000541,PRD-00028,SUP-005,WH-003,240,7.83,1879.2,2025-04-29,2025-05-08,2025-05-09,9,ROAD,443.52,False,DELIVERED,NordicSupply AS,Sweden,EUROPEAN,Premium Ground Coffee 250g,FBV,A,10.48,26.1,Sweden,1400.0,0.1,0.44351999999999997,62.0928,0.062093,0.25872,2025-05,4,UK SRS 2026,DEFRA GHG Conversion Factors 2025,0.602,373.7987,311.7059
PO-000542,PRD-00028,SUP-005,WH-003,240,7.73,1855.2,2025-05-27,2025-06-04,2025-06-06,8,ROAD,443.52,False,DELIVERED,NordicSupply AS,Sweden,EUROPEAN,Premium Ground Coffee 250g,FBV,A,10.48,26.1,Sweden,1400.0,0.1,0.44351999999999997,62.0928,0.062093,0.25872,2025-06,4,UK SRS 2026,DEFRA GHG Conversion Factors 2025,0.602,373.7987,311.7059
PO-000543,PRD-00028,SUP-005,WH-003,288,7.86,2263.68,2025-06-22,2025-06-30,2025-06-30,8,ROAD,532.22,False,DELIVERED,NordicSupply AS,Sweden,EUROPEAN,Premium Ground Coffee 250g,FBV,A,10.48,26.1,Sweden,1400.0,0.1,0.53222,74.5108,0.074511,0.258718,2025-06,4,UK SRS 2026,DEFRA GHG Conversion Factors 2025,0.602,448.555,374.0442
PO-000544,PRD-00028,SUP-005,WH-002,288,7.65,2203.2,2025-07-17,2025-07-28,2025-07-30,11,ROAD,532.22,False,DELIVERED,NordicSupply AS,Sweden,EUROPEAN,Premium Ground Coffee 250g,FBV,A,10.48,26.1,Sweden,1400.0,0.1,0.53222,74.5108,0.074511,0.258718,2025-07,4,UK SRS 2026,DEFRA GHG Conversion Factors 2025,0.602,448.555,374.0442
PO-000545,PRD-00028,SUP-005,WH-003,288,7.88,2269.44,2025-08-18,2025-08-28,2025-08-31,10,ROAD,532.22,False,DELIVERED,NordicSupply AS,Sweden,EUROPEAN,Premium Ground Coffee 250g,FBV,A,10.48,26.1,Sweden,1400.0,0.1,0.53222,74.5108,0.074511,0.258718,2025-08,4,UK SRS 2026,DEFRA GHG Conversion Factors 2025,0.602,448.555,374.0442
PO-000546,PRD-00028,SUP-005,WH-001,240,7.83,1879.2,2025-09-22,2025-09-30,2025-10-03,8,ROAD,443.52,False,DELIVERED,NordicSupply AS,Sweden,EUROPEAN,Premium Ground Coffee 250g,FBV,A,10.48,26.1,Sweden,1400.0,0.1,0.44351999999999997,62.0928,0.062093,0.25872,2025-10,4,UK SRS 2026,DEFRA GHG Conversion Factors 2025,0.602,373.7987,311.7059
PO-000547,PRD-00028,SUP-005,WH-001,288,7.95,2289.6,2025-10-25,2025-11-09,2025-11-10,15,ROAD,532.22,False,DELIVERED,NordicSupply AS,Sweden,EUROPEAN,Premium Ground Coffee 250g,FBV,A,10.48,26.1,Sweden,1400.0,0.1,0.53222,74.5108,0.074511,0.258718,2025-11,4,UK SRS 2026,DEFRA GHG Conversion Factors 2025,0.602,448.555,374.0442
PO-000548,PRD-00028,SUP-005,WH-001,336,7.59,2550.24,2025-11-27,2025-12-07,2025-12-06,10,ROAD,620.93,False,DELIVERED,NordicSupply AS,Sweden,EUROPEAN,Premium Ground Coffee 250g,FBV,A,10.48,26.1,Sweden,1400.0,0.1,0.62093,86.9302,0.08693,0.258721,2025-12,4,UK SRS 2026,DEFRA GHG Conversion Factors 2025,0.602,523.3198,436.3896
PO-000549,PRD-00029,SUP-002,WH-003,192,3.66,702.72,2024-01-21,2024-01-30,2024-02-01,9,ROAD,118.66,False,DELIVERED,EuroFast GmbH,Germany,EUROPEAN,English Breakfast Tea 80-Pack,FBV,C,4.48,17.5,Germany,1100.0,0.1,0.11866,13.0526,0.013053,0.067982,2024-02,4,UK SRS 2026,DEFRA GHG Conversion Factors 2025,0.602,78.5767,65.5241
PO-000550,PRD-00029,SUP-002,WH-001,240,3.71,890.4,2024-03-26,2024-04-05,2024-04-05,10,ROAD,148.32,False,DELIVERED,EuroFast GmbH,Germany,EUROPEAN,English Breakfast Tea 80-Pack,FBV,C,4.48,17.5,Germany,1100.0,0.1,0.14831999999999998,16.3152,0.016315,0.06798,2024-04,4,UK SRS 2026,DEFRA GHG Conversion Factors 2025,0.602,98.2175,81.9023
PO-000551,PRD-00029,SUP-002,WH-003,264,3.88,1024.32,2024-05-24,2024-05-31,2024-06-03,7,ROAD,163.15,False,DELIVERED,EuroFast GmbH,Germany,EUROPEAN,English Breakfast Tea 80-Pack,FBV,C,4.48,17.5,Germany,1100.0,0.1,0.16315000000000002,17.9465,0.017946,0.067979,2024-06,4,UK SRS 2026,DEFRA GHG Conversion Factors 2025,0.602,108.0379,90.0914
PO-000552,PRD-00029,SUP-002,WH-001,288,3.67,1056.96,2024-07-23,2024-08-01,2024-08-03,9,ROAD,177.98,False,DELIVERED,EuroFast GmbH,Germany,EUROPEAN,English Breakfast Tea 80-Pack,FBV,C,4.48,17.5,Germany,1100.0,0.1,0.17798,19.5778,0.019578,0.067978,2024-08,4,UK SRS 2026,DEFRA GHG Conversion Factors 2025,0.602,117.8584,98.2806
PO-000553,PRD-00029,SUP-002,WH-002,264,3.7,976.8,2024-09-24,2024-10-01,2024-10-03,7,ROAD,163.15,False,DELIVERED,EuroFast GmbH,Germany,EUROPEAN,English Breakfast Tea 80-Pack,FBV,C,4.48,17.5,Germany,1100.0,0.1,0.16315000000000002,17.9465,0.017946,0.067979,2024-10,4,UK SRS 2026,DEFRA GHG Conversion Factors 2025,0.602,108.0379,90.0914
PO-000554,PRD-00029,SUP-002,WH-002,360,3.64,1310.4,2024-11-24,2024-12-02,2024-12-01,8,ROAD,222.48,False,DELIVERED,EuroFast GmbH,Germany,EUROPEAN,English Breakfast Tea 80-Pack,FBV,C,4.48,17.5,Germany,1100.0,0.1,0.22247999999999998,24.4728,0.024473,0.06798,2024-12,4,UK SRS 2026,DEFRA GHG Conversion Factors 2025,0.602,147.3263,122.8535
PO-000555,PRD-00029,SUP-002,WH-003,192,3.66,702.72,2025-01-20,2025-01-27,2025-01-28,7,ROAD,118.66,False,DELIVERED,EuroFast GmbH,Germany,EUROPEAN,English Breakfast Tea 80-Pack,FBV,C,4.48,17.5,Germany,1100.0,0.1,0.11866,13.0526,0.013053,0.067982,2025-01,4,UK SRS 2026,DEFRA GHG Conversion Factors 2025,0.602,78.5767,65.5241
PO-000556,PRD-00029,SUP-002,WH-001,240,3.81,914.4,2025-03-22,2025-03-31,2025-03-30,9,ROAD,148.32,False,DELIVERED,EuroFast GmbH,Germany,EUROPEAN,English Breakfast Tea 80-Pack,FBV,C,4.48,17.5,Germany,1100.0,0.1,0.14831999999999998,16.3152,0.016315,0.06798,2025-03,4,UK SRS 2026,DEFRA GHG Conversion Factors 2025,0.602,98.2175,81.9023
PO-000557,PRD-00029,SUP-002,WH-001,264,3.74,987.36,2025-05-18,2025-05-26,2025-05-25,8,ROAD,163.15,False,DELIVERED,EuroFast GmbH,Germany,EUROPEAN,English Breakfast Tea 80-Pack,FBV,C,4.48,17.5,Germany,1100.0,0.1,0.16315000000000002,17.9465,0.017946,0.067979,2025-05,4,UK SRS 2026,DEFRA GHG Conversion Factors 2025,0.602,108.0379,90.0914
PO-000558,PRD-00029,SUP-002,WH-002,288,3.52,1013.76,2025-07-20,2025-07-31,2025-08-03,11,ROAD,177.98,False,DELIVERED,EuroFast GmbH,Germany,EUROPEAN,English Breakfast Tea 80-Pack,FBV,C,4.48,17.5,Germany,1100.0,0.1,0.17798,19.5778,0.019578,0.067978,2025-08,4,UK SRS 2026,DEFRA GHG Conversion Factors 2025,0.602,117.8584,98.2806
PO-000559,PRD-00029,SUP-002,WH-003,264,3.62,955.68,2025-09-15,2025-09-22,2025-09-23,7,ROAD,163.15,False,DELIVERED,EuroFast GmbH,Germany,EUROPEAN,English Breakfast Tea 80-Pack,FBV,C,4.48,17.5,Germany,1100.0,0.1,0.16315000000000002,17.9465,0.017946,0.067979,2025-09,4,UK SRS 2026,DEFRA GHG Conversion Factors 2025,0.602,108.0379,90.0914
PO-000560,PRD-00029,SUP-002,WH-003,360,3.6,1296.0,2025-11-09,2025-11-19,2025-11-20,10,ROAD,222.48,False,DELIVERED,EuroFast GmbH,Germany,EUROPEAN,English Breakfast Tea 80-Pack,FBV,C,4.48,17.5,Germany,1100.0,0.1,0.22247999999999998,24.4728,0.024473,0.06798,2025-11,4,UK SRS 2026,DEFRA GHG Conversion Factors 2025,0.602,147.3263,122.8535
PO-000561,PRD-00030,SUP-001,WH-003,192,7.45,1430.4,2024-01-25,2024-01-28,2024-01-30,3,ROAD,70.66,False,DELIVERED,BritGoods Ltd,United Kingdom,DOMESTIC,Instant Hot Chocolate 400g,FBV,A,10.13,27.8,United Kingdom,250.0,0.1,0.07066,1.7665,0.001766,0.009201,2024-01,4,UK SRS 2026,DEFRA GHG Conversion Factors 2025,0.602,10.6343,8.8678
PO-000562,PRD-00030,SUP-001,WH-003,216,7.24,1563.84,2024-02-20,2024-02-23,2024-02-25,3,ROAD,79.49,False,DELIVERED,BritGoods Ltd,United Kingdom,DOMESTIC,Instant Hot Chocolate 400g,FBV,A,10.13,27.8,United Kingdom,250.0,0.1,0.07948999999999999,1.9872,0.001987,0.0092,2024-02,4,UK SRS 2026,DEFRA GHG Conversion Factors 2025,0.602,11.9632,9.976
PO-000563,PRD-00030,SUP-001,WH-003,240,7.15,1716.0,2024-03-24,2024-03-27,2024-03-28,3,ROAD,88.32,False,DELIVERED,BritGoods Ltd,United Kingdom,DOMESTIC,Instant Hot Chocolate 400g,FBV,A,10.13,27.8,United Kingdom,250.0,0.1,0.08832,2.208,0.002208,0.0092,2024-03,4,UK SRS 2026,DEFRA GHG Conversion Factors 2025,0.602,13.2922,11.0842
PO-000564,PRD-00030,SUP-001,WH-003,264,7.45,1966.8,2024-04-27,2024-05-01,2024-05-03,4,ROAD,97.15,False,DELIVERED,BritGoods Ltd,United Kingdom,DOMESTIC,Instant Hot Chocolate 400g,FBV,A,10.13,27.8,United Kingdom,250.0,0.1,0.09715,2.4288,0.002429,0.0092,2024-05,4,UK SRS 2026,DEFRA GHG Conversion Factors 2025,0.602,14.6211,12.1923
PO-000565,PRD-00030,SUP-001,WH-003,264,7.04,1858.56,2024-05-23,2024-05-28,2024-05-30,5,ROAD,97.15,False,DELIVERED,BritGoods Ltd,United Kingdom,DOMESTIC,Instant Hot Chocolate 400g,FBV,A,10.13,27.8,United Kingdom,250.0,0.1,0.09715,2.4288,0.002429,0.0092,2024-05,4,UK SRS 2026,DEFRA GHG Conversion Factors 2025,0.602,14.6211,12.1923
PO-000566,PRD-00030,SUP-001,WH-002,288,7.49,2157.12,2024-06-27,2024-07-01,2024-07-03,4,ROAD,105.98,False,DELIVERED,BritGoods Ltd,United Kingdom,DOMESTIC,Instant Hot Chocolate 400g,FBV,A,10.13,27.8,United Kingdom,250.0,0.1,0.10598,2.6495,0.00265,0.0092,2024-07,4,UK SRS 2026,DEFRA GHG Conversion Factors 2025,0.602,15.95,13.3005
PO-000567,PRD-00030,SUP-001,WH-002,288,7.34,2113.92,2024-07-28,2024-08-01,2024-08-02,4,ROAD,105.98,False,DELIVERED,BritGoods Ltd,United Kingdom,DOMESTIC,Instant Hot Chocolate 400g,FBV,A,10.13,27.8,United Kingdom,250.0,0.1,0.10598,2.6495,0.00265,0.0092,2024-08,4,UK SRS 2026,DEFRA GHG Conversion Factors 2025,0.602,15.95,13.3005
PO-000568,PRD-00030,SUP-001,WH-003,288,7.22,2079.36,2024-08-26,2024-08-29,2024-08-29,3,ROAD,105.98,False,DELIVERED,BritGoods Ltd,United Kingdom,DOMESTIC,Instant Hot Chocolate 400g,FBV,A,10.13,27.8,United Kingdom,250.0,0.1,0.10598,2.6495,0.00265,0.0092,2024-08,4,UK SRS 2026,DEFRA GHG Conversion Factors 2025,0.602,15.95,13.3005
PO-000569,PRD-00030,SUP-001,WH-002,264,7.59,2003.76,2024-09-30,2024-10-03,2024-10-05,3,ROAD,97.15,False,DELIVERED,BritGoods Ltd,United Kingdom,DOMESTIC,Instant Hot Chocolate 400g,FBV,A,10.13,27.8,United Kingdom,250.0,0.1,0.09715,2.4288,0.002429,0.0092,2024-10,4,UK SRS 2026,DEFRA GHG Conversion Factors 2025,0.602,14.6211,12.1923
PO-000570,PRD-00030,SUP-001,WH-003,288,7.47,2151.36,2024-10-25,2024-10-28,2024-10-30,3,ROAD,105.98,False,DELIVERED,BritGoods Ltd,United Kingdom,DOMESTIC,Instant Hot Chocolate 400g,FBV,A,10.13,27.8,United Kingdom,250.0,0.1,0.10598,2.6495,0.00265,0.0092,2024-10,4,UK SRS 2026,DEFRA GHG Conversion Factors 2025,0.602,15.95,13.3005
PO-000571,PRD-00030,SUP-001,WH-001,360,7.37,2653.2,2024-11-24,2024-11-27,2024-11-29,3,ROAD,132.48,False,DELIVERED,BritGoods Ltd,United Kingdom,DOMESTIC,Instant Hot Chocolate 400g,FBV,A,10.13,27.8,United Kingdom,250.0,0.1,0.13248,3.312,0.003312,0.0092,2024-11,4,UK SRS 2026,DEFRA GHG Conversion Factors 2025,0.602,19.9382,16.6262
PO-000572,PRD-00030,SUP-001,WH-002,408,7.08,2888.64,2024-12-23,2024-12-27,2024-12-30,4,ROAD,150.14,False,DELIVERED,BritGoods Ltd,United Kingdom,DOMESTIC,Instant Hot Chocolate 400g,FBV,A,10.13,27.8,United Kingdom,250.0,0.1,0.15014,3.7535,0.003754,0.0092,2024-12,4,UK SRS 2026,DEFRA GHG Conversion Factors 2025,0.602,22.5961,18.8426
PO-000573,PRD-00030,SUP-001,WH-003,192,7.2,1382.4,2025-01-18,2025-01-23,2025-01-24,5,ROAD,70.66,False,DELIVERED,BritGoods Ltd,United Kingdom,DOMESTIC,Instant Hot Chocolate 400g,FBV,A,10.13,27.8,United Kingdom,250.0,0.1,0.07066,1.7665,0.001766,0.009201,2025-01,4,UK SRS 2026,DEFRA GHG Conversion Factors 2025,0.602,10.6343,8.8678
PO-000574,PRD-00030,SUP-001,WH-001,216,7.26,1568.16,2025-02-15,2025-02-18,2025-02-19,3,ROAD,79.49,False,DELIVERED,BritGoods Ltd,United Kingdom,DOMESTIC,Instant Hot Chocolate 400g,FBV,A,10.13,27.8,United Kingdom,250.0,0.1,0.07948999999999999,1.9872,0.001987,0.0092,2025-02,4,UK SRS 2026,DEFRA GHG Conversion Factors 2025,0.602,11.9632,9.976
PO-000575,PRD-00030,SUP-001,WH-003,240,7.26,1742.4,2025-03-15,2025-03-18,2025-03-17,3,ROAD,88.32,False,DELIVERED,BritGoods Ltd,United Kingdom,DOMESTIC,Instant Hot Chocolate 400g,FBV,A,10.13,27.8,United Kingdom,250.0,0.1,0.08832,2.208,0.002208,0.0092,2025-03,4,UK SRS 2026,DEFRA GHG Conversion Factors 2025,0.602,13.2922,11.0842
PO-000576,PRD-00030,SUP-001,WH-003,264,7.28,1921.92,2025-04-10,2025-04-15,2025-04-15,5,ROAD,97.15,False,DELIVERED,BritGoods Ltd,United Kingdom,DOMESTIC,Instant Hot Chocolate 400g,FBV,A,10.13,27.8,United Kingdom,250.0,0.1,0.09715,2.4288,0.002429,0.0092,2025-04,4,UK SRS 2026,DEFRA GHG Conversion Factors 2025,0.602,14.6211,12.1923
PO-000577,PRD-00030,SUP-001,WH-002,264,7.53,1987.92,2025-05-05,2025-05-08,2025-05-09,3,ROAD,97.15,False,DELIVERED,BritGoods Ltd,United Kingdom,DOMESTIC,Instant Hot Chocolate 400g,FBV,A,10.13,27.8,United Kingdom,250.0,0.1,0.09715,2.4288,0.002429,0.0092,2025-05,4,UK SRS 2026,DEFRA GHG Conversion Factors 2025,0.602,14.6211,12.1923
PO-000578,PRD-00030,SUP-001,WH-001,288,7.18,2067.84,2025-06-04,2025-06-10,2025-06-13,6,ROAD,105.98,False,DELIVERED,BritGoods Ltd,United Kingdom,DOMESTIC,Instant Hot Chocolate 400g,FBV,A,10.13,27.8,United Kingdom,250.0,0.1,0.10598,2.6495,0.00265,0.0092,2025-06,4,UK SRS 2026,DEFRA GHG Conversion Factors 2025,0.602,15.95,13.3005
PO-000579,PRD-00030,SUP-001,WH-003,288,7.37,2122.56,2025-07-06,2025-07-09,2025-07-11,3,ROAD,105.98,False,DELIVERED,BritGoods Ltd,United Kingdom,DOMESTIC,Instant Hot Chocolate 400g,FBV,A,10.13,27.8,United Kingdom,250.0,0.1,0.10598,2.6495,0.00265,0.0092,2025-07,4,UK SRS 2026,DEFRA GHG Conversion Factors 2025,0.602,15.95,13.3005
PO-000580,PRD-00030,SUP-001,WH-002,288,7.32,2108.16,2025-08-05,2025-08-08,2025-08-09,3,ROAD,105.98,False,DELIVERED,BritGoods Ltd,United Kingdom,DOMESTIC,Instant Hot Chocolate 400g,FBV,A,10.13,27.8,United Kingdom,250.0,0.1,0.10598,2.6495,0.00265,0.0092,2025-08,4,UK SRS 2026,DEFRA GHG Conversion Factors 2025,0.602,15.95,13.3005
PO-000581,PRD-00030,SUP-001,WH-002,264,7.52,1985.28,2025-09-08,2025-09-11,2025-09-10,3,ROAD,97.15,False,DELIVERED,BritGoods Ltd,United Kingdom,DOMESTIC,Instant Hot Chocolate 400g,FBV,A,10.13,27.8,United Kingdom,250.0,0.1,0.09715,2.4288,0.002429,0.0092,2025-09,4,UK SRS 2026,DEFRA GHG Conversion Factors 2025,0.602,14.6211,12.1923
PO-000582,PRD-00030,SUP-001,WH-003,288,7.39,2128.32,2025-10-12,2025-10-15,2025-10-15,3,ROAD,105.98,False,DELIVERED,BritGoods Ltd,United Kingdom,DOMESTIC,Instant Hot Chocolate 400g,FBV,A,10.13,27.8,United Kingdom,250.0,0.1,0.10598,2.6495,0.00265,0.0092,2025-10,4,UK SRS 2026,DEFRA GHG Conversion Factors 2025,0.602,15.95,13.3005
PO-000583,PRD-00030,SUP-001,WH-001,360,7.53,2710.8,2025-11-09,2025-11-14,2025-11-17,5,ROAD,132.48,False,DELIVERED,BritGoods Ltd,United Kingdom,DOMESTIC,Instant Hot Chocolate 400g,FBV,A,10.13,27.8,United Kingdom,250.0,0.1,0.13248,3.312,0.003312,0.0092,2025-11,4,UK SRS 2026,DEFRA GHG Conversion Factors 2025,0.602,19.9382,16.6262
PO-000584,PRD-00030,SUP-001,WH-002,408,7.22,2945.76,2025-12-06,2025-12-10,2025-12-12,4,ROAD,150.14,False,DELIVERED,BritGoods Ltd,United Kingdom,DOMESTIC,Instant Hot Chocolate 400g,FBV,A,10.13,27.8,United Kingdom,250.0,0.1,0.15014,3.7535,0.003754,0.0092,2025-12,4,UK SRS 2026,DEFRA GHG Conversion Factors 2025,0.602,22.5961,18.8426
PO-000585,PRD-00031,SUP-005,WH-001,216,5.61,1211.76,2024-01-25,2024-02-03,2024-02-04,9,ROAD,321.62,False,DELIVERED,NordicSupply AS,Sweden,EUROPEAN,Organic Honey 340g,FBV,B,7.77,29.5,Sweden,1400.0,0.1,0.32162,45.0268,0.045027,0.208457,2024-02,4,UK SRS 2026,DEFRA GHG Conversion Factors 2025,0.602,271.0613,226.0345
PO-000586,PRD-00031,SUP-005,WH-002,264,5.68,1499.52,2024-03-10,2024-03-22,2024-03-21,12,ROAD,393.1,False,DELIVERED,NordicSupply AS,Sweden,EUROPEAN,Organic Honey 340g,FBV,B,7.77,29.5,Sweden,1400.0,0.1,0.3931,55.034,0.055034,0.208462,2024-03,4,UK SRS 2026,DEFRA GHG Conversion Factors 2025,0.602,331.3047,276.2707
PO-000587,PRD-00031,SUP-005,WH-002,264,5.48,1446.72,2024-04-28,2024-05-07,2024-05-10,9,ROAD,393.1,False,DELIVERED,NordicSupply AS,Sweden,EUROPEAN,Organic Honey 340g,FBV,B,7.77,29.5,Sweden,1400.0,0.1,0.3931,55.034,0.055034,0.208462,2024-05,4,UK SRS 2026,DEFRA GHG Conversion Factors 2025,0.602,331.3047,276.2707
PO-000588,PRD-00031,SUP-005,WH-003,312,5.49,1712.88,2024-06-10,2024-06-21,2024-06-23,11,ROAD,464.57,False,DELIVERED,NordicSupply AS,Sweden,EUROPEAN,Organic Honey 340g,FBV,B,7.77,29.5,Sweden,1400.0,0.1,0.46457,65.0398,0.06504,0.208461,2024-06,4,UK SRS 2026,DEFRA GHG Conversion Factors 2025,0.602,391.5396,326.4998
PO-000589,PRD-00031,SUP-005,WH-002,312,5.63,1756.56,2024-07-24,2024-08-06,2024-08-07,13,ROAD,464.57,False,DELIVERED,NordicSupply AS,Sweden,EUROPEAN,Organic Honey 340g,FBV,B,7.77,29.5,Sweden,1400.0,0.1,0.46457,65.0398,0.06504,0.208461,2024-08,4,UK SRS 2026,DEFRA GHG Conversion Factors 2025,0.602,391.5396,326.4998
PO-000590,PRD-00031,SUP-005,WH-001,288,5.46,1572.48,2024-09-05,2024-09-17,2024-09-16,12,ROAD,428.83,False,DELIVERED,NordicSupply AS,Sweden,EUROPEAN,Organic Honey 340g,FBV,B,7.77,29.5,Sweden,1400.0,0.1,0.42883,60.0362,0.060036,0.208459,2024-09,4,UK SRS 2026,DEFRA GHG Conversion Factors 2025,0.602,361.4179,301.3817
PO-000591,PRD-00031,SUP-005,WH-002,312,5.47,1706.64,2024-10-19,2024-10-29,2024-11-01,10,ROAD,464.57,False,DELIVERED,NordicSupply AS,Sweden,EUROPEAN,Organic Honey 340g,FBV,B,7.77,29.5,Sweden,1400.0,0.1,0.46457,65.0398,0.06504,0.208461,2024-11,4,UK SRS 2026,DEFRA GHG Conversion Factors 2025,0.602,391.5396,326.4998
PO-000592,PRD-00031,SUP-005,WH-003,432,5.68,2453.76,2024-12-05,2024-12-16,2024-12-16,11,ROAD,643.25,False,DELIVERED,NordicSupply AS,Sweden,EUROPEAN,Organic Honey 340g,FBV,B,7.77,29.5,Sweden,1400.0,0.1,0.64325,90.055,0.090055,0.208461,2024-12,4,UK SRS 2026,DEFRA GHG Conversion Factors 2025,0.602,542.1311,452.0761
PO-000593,PRD-00031,SUP-005,WH-002,216,5.37,1159.92,2025-01-21,2025-02-01,2025-01-31,11,ROAD,321.62,False,DELIVERED,NordicSupply AS,Sweden,EUROPEAN,Organic Honey 340g,FBV,B,7.77,29.5,Sweden,1400.0,0.1,0.32162,45.0268,0.045027,0.208457,2025-01,4,UK SRS 2026,DEFRA GHG Conversion Factors 2025,0.602,271.0613,226.0345
PO-000594,PRD-00031,SUP-005,WH-002,264,5.45,1438.8,2025-03-05,2025-03-14,2025-03-17,9,ROAD,393.1,False,DELIVERED,NordicSupply AS,Sweden,EUROPEAN,Organic Honey 340g,FBV,B,7.77,29.5,Sweden,1400.0,0.1,0.3931,55.034,0.055034,0.208462,2025-03,4,UK SRS 2026,DEFRA GHG Conversion Factors 2025,0.602,331.3047,276.2707
PO-000595,PRD-00031,SUP-005,WH-002,264,5.57,1470.48,2025-04-18,2025-04-30,2025-04-30,12,ROAD,393.1,False,DELIVERED,NordicSupply AS,Sweden,EUROPEAN,Organic Honey 340g,FBV,B,7.77,29.5,Sweden,1400.0,0.1,0.3931,55.034,0.055034,0.208462,2025-04,4,UK SRS 2026,DEFRA GHG Conversion Factors 2025,0.602,331.3047,276.2707
PO-000596,PRD-00031,SUP-005,WH-001,288,5.43,1563.84,2025-05-31,2025-06-12,2025-06-13,12,ROAD,428.83,False,DELIVERED,NordicSupply AS,Sweden,EUROPEAN,Organic Honey 340g,FBV,B,7.77,29.5,Sweden,1400.0,0.1,0.42883,60.0362,0.060036,0.208459,2025-06,4,UK SRS 2026,DEFRA GHG Conversion Factors 2025,0.602,361.4179,301.3817
PO-000597,PRD-00031,SUP-005,WH-003,312,5.45,1700.4,2025-07-13,2025-07-21,2025-07-20,8,ROAD,464.57,False,DELIVERED,NordicSupply AS,Sweden,EUROPEAN,Organic Honey 340g,FBV,B,7.77,29.5,Sweden,1400.0,0.1,0.46457,65.0398,0.06504,0.208461,2025-07,4,UK SRS 2026,DEFRA GHG Conversion Factors 2025,0.602,391.5396,326.4998
PO-000598,PRD-00031,SUP-005,WH-003,312,5.62,1753.44,2025-08-25,2025-09-05,2025-09-04,11,ROAD,464.57,False,DELIVERED,NordicSupply AS,Sweden,EUROPEAN,Organic Honey 340g,FBV,B,7.77,29.5,Sweden,1400.0,0.1,0.46457,65.0398,0.06504,0.208461,2025-09,4,UK SRS 2026,DEFRA GHG Conversion Factors 2025,0.602,391.5396,326.4998
PO-000599,PRD-00031,SUP-005,WH-002,312,5.58,1740.96,2025-10-08,2025-10-19,2025-10-20,11,ROAD,464.57,False,DELIVERED,NordicSupply AS,Sweden,EUROPEAN,Organic Honey 340g,FBV,B,7.77,29.5,Sweden,1400.0,0.1,0.46457,65.0398,0.06504,0.208461,2025-10,4,UK SRS 2026,DEFRA GHG Conversion Factors 2025,0.602,391.5396,326.4998
PO-000600,PRD-00031,SUP-005,WH-001,384,5.45,2092.8,2025-11-21,2025-11-30,2025-12-01,9,ROAD,571.78,False,DELIVERED,NordicSupply AS,Sweden,EUROPEAN,Organic Honey 340g,FBV,B,7.77,29.5,Sweden,1400.0,0.1,0.57178,80.0492,0.080049,0.208461,2025-12,4,UK SRS 2026,DEFRA GHG Conversion Factors 2025,0.602,481.8962,401.847
PO-000601,PRD-00032,SUP-005,WH-001,432,1.59,686.88,2024-01-31,2024-02-10,2024-02-12,10,ROAD,844.13,False,DELIVERED,NordicSupply AS,Sweden,EUROPEAN,Extra Virgin Olive Oil 500ml,FBV,C,2.11,24.0,Sweden,1400.0,0.1,0.84413,118.1782,0.118178,0.273561,2024-02,4,UK SRS 2026,DEFRA GHG Conversion Factors 2025,0.602,711.4328,593.2546
PO-000602,PRD-00032,SUP-005,WH-002,528,1.61,850.08,2024-04-05,2024-04-16,2024-04-16,11,ROAD,1031.71,False,DELIVERED,NordicSupply AS,Sweden,EUROPEAN,Extra Virgin Olive Oil 500ml,FBV,C,2.11,24.0,Sweden,1400.0,0.1,1.0317100000000001,144.4394,0.144439,0.273559,2024-04,4,UK SRS 2026,DEFRA GHG Conversion Factors 2025,0.602,869.5252,725.0858
PO-000603,PRD-00032,SUP-005,WH-003,576,1.58,910.08,2024-06-01,2024-06-15,2024-06-16,14,ROAD,1125.5,False,DELIVERED,NordicSupply AS,Sweden,EUROPEAN,Extra Virgin Olive Oil 500ml,FBV,C,2.11,24.0,Sweden,1400.0,0.1,1.1255,157.57,0.15757,0.273559,2024-06,4,UK SRS 2026,DEFRA GHG Conversion Factors 2025,0.602,948.5714,791.0014
PO-000604,PRD-00032,SUP-005,WH-001,624,1.58,985.92,2024-07-28,2024-08-10,2024-08-09,13,ROAD,1219.3,False,DELIVERED,NordicSupply AS,Sweden,EUROPEAN,Extra Virgin Olive Oil 500ml,FBV,C,2.11,24.0,Sweden,1400.0,0.1,1.2193,170.702,0.170702,0.273561,2024-08,4,UK SRS 2026,DEFRA GHG Conversion Factors 2025,0.602,1027.626,856.924
PO-000605,PRD-00032,SUP-005,WH-001,624,1.57,979.68,2024-10-01,2024-10-13,2024-10-15,12,ROAD,1219.3,False,DELIVERED,NordicSupply AS,Sweden,EUROPEAN,Extra Virgin Olive Oil 500ml,FBV,C,2.11,24.0,Sweden,1400.0,0.1,1.2193,170.702,0.170702,0.273561,2024-10,4,UK SRS 2026,DEFRA GHG Conversion Factors 2025,0.602,1027.626,856.924
PO-000606,PRD-00032,SUP-005,WH-002,864,1.59,1373.76,2024-12-01,2024-12-11,2024-12-14,10,ROAD,1688.26,False,DELIVERED,NordicSupply AS,Sweden,EUROPEAN,Extra Virgin Olive Oil 500ml,FBV,C,2.11,24.0,Sweden,1400.0,0.1,1.68826,236.3564,0.236356,0.273561,2024-12,4,UK SRS 2026,DEFRA GHG Conversion Factors 2025,0.602,1422.8655,1186.5091
PO-000607,PRD-00032,SUP-005,WH-001,432,1.6,691.2,2025-02-02,2025-02-14,2025-02-17,12,ROAD,844.13,False,DELIVERED,NordicSupply AS,Sweden,EUROPEAN,Extra Virgin Olive Oil 500ml,FBV,C,2.11,24.0,Sweden,1400.0,0.1,0.84413,118.1782,0.118178,0.273561,2025-02,4,UK SRS 2026,DEFRA GHG Conversion Factors 2025,0.602,711.4328,593.2546
PO-000608,PRD-00032,SUP-005,WH-001,528,1.59,839.52,2025-03-31,2025-04-09,2025-04-08,9,ROAD,1031.71,False,DELIVERED,NordicSupply AS,Sweden,EUROPEAN,Extra Virgin Olive Oil 500ml,FBV,C,2.11,24.0,Sweden,1400.0,0.1,1.0317100000000001,144.4394,0.144439,0.273559,2025-04,4,UK SRS 2026,DEFRA GHG Conversion Factors 2025,0.602,869.5252,725.0858
PO-000609,PRD-00032,SUP-005,WH-002,576,1.68,967.68,2025-05-30,2025-06-10,2025-06-12,11,ROAD,1125.5,False,DELIVERED,NordicSupply AS,Sweden,EUROPEAN,Extra Virgin Olive Oil 500ml,FBV,C,2.11,24.0,Sweden,1400.0,0.1,1.1255,157.57,0.15757,0.273559,2025-06,4,UK SRS 2026,DEFRA GHG Conversion Factors 2025,0.602,948.5714,791.0014
PO-000610,PRD-00032,SUP-005,WH-002,576,1.58,910.08,2025-08-02,2025-08-10,2025-08-09,8,ROAD,1125.5,False,DELIVERED,NordicSupply AS,Sweden,EUROPEAN,Extra Virgin Olive Oil 500ml,FBV,C,2.11,24.0,Sweden,1400.0,0.1,1.1255,157.57,0.15757,0.273559,2025-08,4,UK SRS 2026,DEFRA GHG Conversion Factors 2025,0.602,948.5714,791.0014
PO-000611,PRD-00032,SUP-005,WH-001,624,1.51,942.24,2025-10-01,2025-10-13,2025-10-16,12,ROAD,1219.3,False,DELIVERED,NordicSupply AS,Sweden,EUROPEAN,Extra Virgin Olive Oil 500ml,FBV,C,2.11,24.0,Sweden,1400.0,0.1,1.2193,170.702,0.170702,0.273561,2025-10,4,UK SRS 2026,DEFRA GHG Conversion Factors 2025,0.602,1027.626,856.924
PO-000612,PRD-00032,SUP-005,WH-002,768,1.57,1205.76,2025-11-25,2025-12-11,2025-12-10,16,ROAD,1500.67,False,DELIVERED,NordicSupply AS,Sweden,EUROPEAN,Extra Virgin Olive Oil 500ml,FBV,C,2.11,24.0,Sweden,1400.0,0.1,1.5006700000000002,210.0938,0.210094,0.27356,2025-12,4,UK SRS 2026,DEFRA GHG Conversion Factors 2025,0.602,1264.7647,1054.6709
PO-000613,PRD-00033,SUP-001,WH-002,200,8.09,1618.0,2024-01-10,2024-01-15,2024-01-16,5,ROAD,360.6,False,DELIVERED,BritGoods Ltd,United Kingdom,DOMESTIC,Apple Cider Vinegar 500ml,FBV,A,11.21,24.2,United Kingdom,250.0,0.1,0.36060000000000003,9.015,0.009015,0.045075,2024-01,4,UK SRS 2026,DEFRA GHG Conversion Factors 2025,0.602,54.2703,45.2553
PO-000614,PRD-00033,SUP-001,WH-003,200,8.4,1680.0,2024-02-09,2024-02-12,2024-02-12,3,ROAD,360.6,False,DELIVERED,BritGoods Ltd,United Kingdom,DOMESTIC,Apple Cider Vinegar 500ml,FBV,A,11.21,24.2,United Kingdom,250.0,0.1,0.36060000000000003,9.015,0.009015,0.045075,2024-02,4,UK SRS 2026,DEFRA GHG Conversion Factors 2025,0.602,54.2703,45.2553
PO-000615,PRD-00033,SUP-001,WH-003,200,8.7,1740.0,2024-03-07,2024-03-11,2024-03-12,4,ROAD,360.6,False,DELIVERED,BritGoods Ltd,United Kingdom,DOMESTIC,Apple Cider Vinegar 500ml,FBV,A,11.21,24.2,United Kingdom,250.0,0.1,0.36060000000000003,9.015,0.009015,0.045075,2024-03,4,UK SRS 2026,DEFRA GHG Conversion Factors 2025,0.602,54.2703,45.2553
PO-000616,PRD-00033,SUP-001,WH-001,200,8.56,1712.0,2024-04-09,2024-04-13,2024-04-13,4,ROAD,360.6,False,DELIVERED,BritGoods Ltd,United Kingdom,DOMESTIC,Apple Cider Vinegar 500ml,FBV,A,11.21,24.2,United Kingdom,250.0,0.1,0.36060000000000003,9.015,0.009015,0.045075,2024-04,4,UK SRS 2026,DEFRA GHG Conversion Factors 2025,0.602,54.2703,45.2553
PO-000617,PRD-00033,SUP-001,WH-002,200,8.43,1686.0,2024-05-06,2024-05-09,2024-05-10,3,ROAD,360.6,False,DELIVERED,BritGoods Ltd,United Kingdom,DOMESTIC,Apple Cider Vinegar 500ml,FBV,A,11.21,24.2,United Kingdom,250.0,0.1,0.36060000000000003,9.015,0.009015,0.045075,2024-05,4,UK SRS 2026,DEFRA GHG Conversion Factors 2025,0.602,54.2703,45.2553
PO-000618,PRD-00033,SUP-001,WH-003,300,8.57,2571.0,2024-06-09,2024-06-15,2024-06-18,6,ROAD,540.9,False,DELIVERED,BritGoods Ltd,United Kingdom,DOMESTIC,Apple Cider Vinegar 500ml,FBV,A,11.21,24.2,United Kingdom,250.0,0.1,0.5408999999999999,13.5225,0.013523,0.045075,2024-06,4,UK SRS 2026,DEFRA GHG Conversion Factors 2025,0.602,81.4054,67.8829
PO-000619,PRD-00033,SUP-001,WH-003,300,8.58,2574.0,2024-07-12,2024-07-16,2024-07-16,4,ROAD,540.9,False,DELIVERED,BritGoods Ltd,United Kingdom,DOMESTIC,Apple Cider Vinegar 500ml,FBV,A,11.21,24.2,United Kingdom,250.0,0.1,0.5408999999999999,13.5225,0.013523,0.045075,2024-07,4,UK SRS 2026,DEFRA GHG Conversion Factors 2025,0.602,81.4054,67.8829
PO-000620,PRD-00033,SUP-001,WH-003,300,8.54,2562.0,2024-08-10,2024-08-13,2024-08-14,3,ROAD,540.9,False,DELIVERED,BritGoods Ltd,United Kingdom,DOMESTIC,Apple Cider Vinegar 500ml,FBV,A,11.21,24.2,United Kingdom,250.0,0.1,0.5408999999999999,13.5225,0.013523,0.045075,2024-08,4,UK SRS 2026,DEFRA GHG Conversion Factors 2025,0.602,81.4054,67.8829
PO-000621,PRD-00033,SUP-001,WH-003,200,8.85,1770.0,2024-09-04,2024-09-07,2024-09-06,3,ROAD,360.6,False,DELIVERED,BritGoods Ltd,United Kingdom,DOMESTIC,Apple Cider Vinegar 500ml,FBV,A,11.21,24.2,United Kingdom,250.0,0.1,0.36060000000000003,9.015,0.009015,0.045075,2024-09,4,UK SRS 2026,DEFRA GHG Conversion Factors 2025,0.602,54.2703,45.2553
PO-000622,PRD-00033,SUP-001,WH-002,300,8.48,2544.0,2024-10-01,2024-10-04,2024-10-06,3,ROAD,540.9,False,DELIVERED,BritGoods Ltd,United Kingdom,DOMESTIC,Apple Cider Vinegar 500ml,FBV,A,11.21,24.2,United Kingdom,250.0,0.1,0.5408999999999999,13.5225,0.013523,0.045075,2024-10,4,UK SRS 2026,DEFRA GHG Conversion Factors 2025,0.602,81.4054,67.8829
PO-000623,PRD-00033,SUP-001,WH-002,300,8.75,2625.0,2024-10-31,2024-11-04,2024-11-05,4,ROAD,540.9,False,DELIVERED,BritGoods Ltd,United Kingdom,DOMESTIC,Apple Cider Vinegar 500ml,FBV,A,11.21,24.2,United Kingdom,250.0,0.1,0.5408999999999999,13.5225,0.013523,0.045075,2024-11,4,UK SRS 2026,DEFRA GHG Conversion Factors 2025,0.602,81.4054,67.8829
PO-000624,PRD-00033,SUP-001,WH-002,400,8.4,3360.0,2024-12-03,2024-12-06,2024-12-07,3,ROAD,721.2,False,DELIVERED,BritGoods Ltd,United Kingdom,DOMESTIC,Apple Cider Vinegar 500ml,FBV,A,11.21,24.2,United Kingdom,250.0,0.1,0.7212000000000001,18.03,0.01803,0.045075,2024-12,4,UK SRS 2026,DEFRA GHG Conversion Factors 2025,0.602,108.5406,90.5106
PO-000625,PRD-00033,SUP-001,WH-001,200,8.69,1738.0,2025-01-04,2025-01-08,2025-01-09,4,ROAD,360.6,False,DELIVERED,BritGoods Ltd,United Kingdom,DOMESTIC,Apple Cider Vinegar 500ml,FBV,A,11.21,24.2,United Kingdom,250.0,0.1,0.36060000000000003,9.015,0.009015,0.045075,2025-01,4,UK SRS 2026,DEFRA GHG Conversion Factors 2025,0.602,54.2703,45.2553
PO-000626,PRD-00033,SUP-001,WH-002,200,8.39,1678.0,2025-02-07,2025-02-14,2025-02-17,7,ROAD,360.6,False,DELIVERED,BritGoods Ltd,United Kingdom,DOMESTIC,Apple Cider Vinegar 500ml,FBV,A,11.21,24.2,United Kingdom,250.0,0.1,0.36060000000000003,9.015,0.009015,0.045075,2025-02,4,UK SRS 2026,DEFRA GHG Conversion Factors 2025,0.602,54.2703,45.2553
PO-000627,PRD-00033,SUP-001,WH-003,200,8.89,1778.0,2025-03-09,2025-03-13,2025-03-13,4,ROAD,360.6,False,DELIVERED,BritGoods Ltd,United Kingdom,DOMESTIC,Apple Cider Vinegar 500ml,FBV,A,11.21,24.2,United Kingdom,250.0,0.1,0.36060000000000003,9.015,0.009015,0.045075,2025-03,4,UK SRS 2026,DEFRA GHG Conversion Factors 2025,0.602,54.2703,45.2553
PO-000628,PRD-00033,SUP-001,WH-003,200,8.32,1664.0,2025-04-12,2025-04-16,2025-04-19,4,ROAD,360.6,False,DELIVERED,BritGoods Ltd,United Kingdom,DOMESTIC,Apple Cider Vinegar 500ml,FBV,A,11.21,24.2,United Kingdom,250.0,0.1,0.36060000000000003,9.015,0.009015,0.045075,2025-04,4,UK SRS 2026,DEFRA GHG Conversion Factors 2025,0.602,54.2703,45.2553
PO-000629,PRD-00033,SUP-001,WH-003,200,8.52,1704.0,2025-05-08,2025-05-13,2025-05-13,5,ROAD,360.6,False,DELIVERED,BritGoods Ltd,United Kingdom,DOMESTIC,Apple Cider Vinegar 500ml,FBV,A,11.21,24.2,United Kingdom,250.0,0.1,0.36060000000000003,9.015,0.009015,0.045075,2025-05,4,UK SRS 2026,DEFRA GHG Conversion Factors 2025,0.602,54.2703,45.2553
PO-000630,PRD-00033,SUP-001,WH-003,300,8.64,2592.0,2025-06-08,2025-06-11,2025-06-11,3,ROAD,540.9,False,DELIVERED,BritGoods Ltd,United Kingdom,DOMESTIC,Apple Cider Vinegar 500ml,FBV,A,11.21,24.2,United Kingdom,250.0,0.1,0.5408999999999999,13.5225,0.013523,0.045075,2025-06,4,UK SRS 2026,DEFRA GHG Conversion Factors 2025,0.602,81.4054,67.8829
PO-000631,PRD-00033,SUP-001,WH-003,300,8.43,2529.0,2025-07-11,2025-07-16,2025-07-15,5,ROAD,540.9,False,DELIVERED,BritGoods Ltd,United Kingdom,DOMESTIC,Apple Cider Vinegar 500ml,FBV,A,11.21,24.2,United Kingdom,250.0,0.1,0.5408999999999999,13.5225,0.013523,0.045075,2025-07,4,UK SRS 2026,DEFRA GHG Conversion Factors 2025,0.602,81.4054,67.8829
PO-000632,PRD-00033,SUP-001,WH-002,300,8.24,2472.0,2025-08-08,2025-08-13,2025-08-13,5,ROAD,540.9,False,DELIVERED,BritGoods Ltd,United Kingdom,DOMESTIC,Apple Cider Vinegar 500ml,FBV,A,11.21,24.2,United Kingdom,250.0,0.1,0.5408999999999999,13.5225,0.013523,0.045075,2025-08,4,UK SRS 2026,DEFRA GHG Conversion Factors 2025,0.602,81.4054,67.8829
PO-000633,PRD-00033,SUP-001,WH-003,200,8.39,1678.0,2025-09-10,2025-09-17,2025-09-19,7,ROAD,360.6,False,DELIVERED,BritGoods Ltd,United Kingdom,DOMESTIC,Apple Cider Vinegar 500ml,FBV,A,11.21,24.2,United Kingdom,250.0,0.1,0.36060000000000003,9.015,0.009015,0.045075,2025-09,4,UK SRS 2026,DEFRA GHG Conversion Factors 2025,0.602,54.2703,45.2553
PO-000634,PRD-00033,SUP-001,WH-003,300,8.33,2499.0,2025-10-11,2025-10-16,2025-10-15,5,ROAD,540.9,False,DELIVERED,BritGoods Ltd,United Kingdom,DOMESTIC,Apple Cider Vinegar 500ml,FBV,A,11.21,24.2,United Kingdom,250.0,0.1,0.5408999999999999,13.5225,0.013523,0.045075,2025-10,4,UK SRS 2026,DEFRA GHG Conversion Factors 2025,0.602,81.4054,67.8829
PO-000635,PRD-00033,SUP-001,WH-002,300,8.64,2592.0,2025-11-15,2025-11-18,2025-11-20,3,ROAD,540.9,False,DELIVERED,BritGoods Ltd,United Kingdom,DOMESTIC,Apple Cider Vinegar 500ml,FBV,A,11.21,24.2,United Kingdom,250.0,0.1,0.5408999999999999,13.5225,0.013523,0.045075,2025-11,4,UK SRS 2026,DEFRA GHG Conversion Factors 2025,0.602,81.4054,67.8829
PO-000636,PRD-00033,SUP-001,WH-003,400,8.38,3352.0,2025-12-11,2025-12-16,2025-12-16,5,ROAD,721.2,False,DELIVERED,BritGoods Ltd,United Kingdom,DOMESTIC,Apple Cider Vinegar 500ml,FBV,A,11.21,24.2,United Kingdom,250.0,0.1,0.7212000000000001,18.03,0.01803,0.045075,2025-12,4,UK SRS 2026,DEFRA GHG Conversion Factors 2025,0.602,108.5406,90.5106
PO-000637,PRD-00034,SUP-006,WH-002,246,2.55,627.3,2024-01-26,2024-02-07,2024-02-07,12,ROAD,183.76,False,DELIVERED,MedTrade SRL,Italy,EUROPEAN,Protein Granola 500g,FBV,C,3.63,29.0,Italy,1800.0,0.1,0.18375999999999998,33.0768,0.033077,0.134459,2024-02,4,UK SRS 2026,DEFRA GHG Conversion Factors 2025,0.602,199.1223,166.0455
PO-000638,PRD-00034,SUP-006,WH-002,300,2.64,792.0,2024-03-28,2024-04-12,2024-04-12,15,ROAD,224.1,False,DELIVERED,MedTrade SRL,Italy,EUROPEAN,Protein Granola 500g,FBV,C,3.63,29.0,Italy,1800.0,0.1,0.2241,40.338,0.040338,0.13446,2024-04,4,UK SRS 2026,DEFRA GHG Conversion Factors 2025,0.602,242.8348,202.4968
PO-000639,PRD-00034,SUP-006,WH-001,330,2.62,864.6,2024-05-22,2024-06-02,2024-06-04,11,ROAD,246.51,False,DELIVERED,MedTrade SRL,Italy,EUROPEAN,Protein Granola 500g,FBV,C,3.63,29.0,Italy,1800.0,0.1,0.24650999999999998,44.3718,0.044372,0.13446,2024-06,4,UK SRS 2026,DEFRA GHG Conversion Factors 2025,0.602,267.1182,222.7464
PO-000640,PRD-00034,SUP-006,WH-001,360,2.54,914.4,2024-07-16,2024-07-29,2024-08-01,13,ROAD,268.92,False,DELIVERED,MedTrade SRL,Italy,EUROPEAN,Protein Granola 500g,FBV,C,3.63,29.0,Italy,1800.0,0.1,0.26892,48.4056,0.048406,0.13446,2024-08,4,UK SRS 2026,DEFRA GHG Conversion Factors 2025,0.602,291.4017,242.9961
PO-000641,PRD-00034,SUP-006,WH-002,330,2.58,851.4,2024-09-17,2024-09-27,2024-09-27,10,ROAD,246.51,False,DELIVERED,MedTrade SRL,Italy,EUROPEAN,Protein Granola 500g,FBV,C,3.63,29.0,Italy,1800.0,0.1,0.24650999999999998,44.3718,0.044372,0.13446,2024-09,4,UK SRS 2026,DEFRA GHG Conversion Factors 2025,0.602,267.1182,222.7464
PO-000642,PRD-00034,SUP-006,WH-002,444,2.58,1145.52,2024-11-18,2024-12-01,2024-12-03,13,ROAD,331.67,False,DELIVERED,MedTrade SRL,Italy,EUROPEAN,Protein Granola 500g,FBV,C,3.63,29.0,Italy,1800.0,0.1,0.33167,59.7006,0.059701,0.134461,2024-12,4,UK SRS 2026,DEFRA GHG Conversion Factors 2025,0.602,359.3976,299.697
PO-000643,PRD-00034,SUP-006,WH-002,246,2.5,615.0,2025-01-16,2025-01-26,2025-01-28,10,ROAD,183.76,False,DELIVERED,MedTrade SRL,Italy,EUROPEAN,Protein Granola 500g,FBV,C,3.63,29.0,Italy,1800.0,0.1,0.18375999999999998,33.0768,0.033077,0.134459,2025-01,4,UK SRS 2026,DEFRA GHG Conversion Factors 2025,0.602,199.1223,166.0455
PO-000644,PRD-00034,SUP-006,WH-001,300,2.65,795.0,2025-03-15,2025-04-02,2025-04-05,18,ROAD,224.1,False,DELIVERED,MedTrade SRL,Italy,EUROPEAN,Protein Granola 500g,FBV,C,3.63,29.0,Italy,1800.0,0.1,0.2241,40.338,0.040338,0.13446,2025-04,4,UK SRS 2026,DEFRA GHG Conversion Factors 2025,0.602,242.8348,202.4968
PO-000645,PRD-00034,SUP-006,WH-002,330,2.54,838.2,2025-05-13,2025-05-29,2025-05-28,16,ROAD,246.51,False,DELIVERED,MedTrade SRL,Italy,EUROPEAN,Protein Granola 500g,FBV,C,3.63,29.0,Italy,1800.0,0.1,0.24650999999999998,44.3718,0.044372,0.13446,2025-05,4,UK SRS 2026,DEFRA GHG Conversion Factors 2025,0.602,267.1182,222.7464
PO-000646,PRD-00034,SUP-006,WH-001,360,2.5,900.0,2025-07-08,2025-07-22,2025-07-24,14,ROAD,268.92,False,DELIVERED,MedTrade SRL,Italy,EUROPEAN,Protein Granola 500g,FBV,C,3.63,29.0,Italy,1800.0,0.1,0.26892,48.4056,0.048406,0.13446,2025-07,4,UK SRS 2026,DEFRA GHG Conversion Factors 2025,0.602,291.4017,242.9961
PO-000647,PRD-00034,SUP-006,WH-001,330,2.56,844.8,2025-09-05,2025-09-18,2025-09-18,13,ROAD,246.51,False,DELIVERED,MedTrade SRL,Italy,EUROPEAN,Protein Granola 500g,FBV,C,3.63,29.0,Italy,1800.0,0.1,0.24650999999999998,44.3718,0.044372,0.13446,2025-09,4,UK SRS 2026,DEFRA GHG Conversion Factors 2025,0.602,267.1182,222.7464
PO-000648,PRD-00034,SUP-006,WH-002,444,2.53,1123.32,2025-11-04,2025-11-16,2025-11-15,12,ROAD,331.67,False,DELIVERED,MedTrade SRL,Italy,EUROPEAN,Protein Granola 500g,FBV,C,3.63,29.0,Italy,1800.0,0.1,0.33167,59.7006,0.059701,0.134461,2025-11,4,UK SRS 2026,DEFRA GHG Conversion Factors 2025,0.602,359.3976,299.697
PO-000650,PRD-00035,SUP-006,WH-003,168,8.93,1500.24,2024-01-16,2024-01-30,2024-01-31,14,ROAD,131.54,False,DELIVERED,MedTrade SRL,Italy,EUROPEAN,Mixed Nuts 200g,FBV,A,11.29,21.5,Italy,1800.0,0.1,0.13154,23.6772,0.023677,0.140936,2024-01,4,UK SRS 2026,DEFRA GHG Conversion Factors 2025,0.602,142.5367,118.8595
PO-000651,PRD-00035,SUP-006,WH-002,192,8.58,1647.36,2024-02-12,2024-02-25,2024-02-24,13,ROAD,150.34,False,DELIVERED,MedTrade SRL,Italy,EUROPEAN,Mixed Nuts 200g,FBV,A,11.29,21.5,Italy,1800.0,0.1,0.15034,27.0612,0.027061,0.140944,2024-02,4,UK SRS 2026,DEFRA GHG Conversion Factors 2025,0.602,162.9084,135.8472
PO-000652,PRD-00035,SUP-006,WH-003,216,9.17,1980.72,2024-03-16,2024-03-30,2024-03-29,14,ROAD,169.13,False,DELIVERED,MedTrade SRL,Italy,EUROPEAN,Mixed Nuts 200g,FBV,A,11.29,21.5,Italy,1800.0,0.1,0.16913,30.4434,0.030443,0.140942,2024-03,4,UK SRS 2026,DEFRA GHG Conversion Factors 2025,0.602,183.2693,152.8259
PO-000653,PRD-00035,SUP-006,WH-003,216,8.77,1894.32,2024-04-18,2024-05-01,2024-05-04,13,ROAD,169.13,False,DELIVERED,MedTrade SRL,Italy,EUROPEAN,Mixed Nuts 200g,FBV,A,11.29,21.5,Italy,1800.0,0.1,0.16913,30.4434,0.030443,0.140942,2024-05,4,UK SRS 2026,DEFRA GHG Conversion Factors 2025,0.602,183.2693,152.8259
PO-000654,PRD-00035,SUP-006,WH-003,240,8.84,2121.6,2024-05-16,2024-05-27,2024-05-27,11,ROAD,187.92,False,DELIVERED,MedTrade SRL,Italy,EUROPEAN,Mixed Nuts 200g,FBV,A,11.29,21.5,Italy,1800.0,0.1,0.18791999999999998,33.8256,0.033826,0.14094,2024-05,4,UK SRS 2026,DEFRA GHG Conversion Factors 2025,0.602,203.6301,169.8045
PO-000655,PRD-00035,SUP-006,WH-002,240,8.82,2116.8,2024-06-19,2024-06-29,2024-07-01,10,ROAD,187.92,False,DELIVERED,MedTrade SRL,Italy,EUROPEAN,Mixed Nuts 200g,FBV,A,11.29,21.5,Italy,1800.0,0.1,0.18791999999999998,33.8256,0.033826,0.14094,2024-07,4,UK SRS 2026,DEFRA GHG Conversion Factors 2025,0.602,203.6301,169.8045
PO-000656,PRD-00035,SUP-006,WH-001,264,8.77,2315.28,2024-07-14,2024-07-24,2024-07-24,10,ROAD,206.71,False,DELIVERED,MedTrade SRL,Italy,EUROPEAN,Mixed Nuts 200g,FBV,A,11.29,21.5,Italy,1800.0,0.1,0.20671,37.2078,0.037208,0.140939,2024-07,4,UK SRS 2026,DEFRA GHG Conversion Factors 2025,0.602,223.991,186.7832
PO-000657,PRD-00035,SUP-006,WH-002,240,8.93,2143.2,2024-08-15,2024-08-30,2024-08-29,15,ROAD,187.92,False,DELIVERED,MedTrade SRL,Italy,EUROPEAN,Mixed Nuts 200g,FBV,A,11.29,21.5,Italy,1800.0,0.1,0.18791999999999998,33.8256,0.033826,0.14094,2024-08,4,UK SRS 2026,DEFRA GHG Conversion Factors 2025,0.602,203.6301,169.8045
PO-000658,PRD-00035,SUP-006,WH-002,240,8.95,2148.0,2024-09-09,2024-09-19,2024-09-22,10,ROAD,187.92,False,DELIVERED,MedTrade SRL,Italy,EUROPEAN,Mixed Nuts 200g,FBV,A,11.29,21.5,Italy,1800.0,0.1,0.18791999999999998,33.8256,0.033826,0.14094,2024-09,4,UK SRS 2026,DEFRA GHG Conversion Factors 2025,0.602,203.6301,169.8045
PO-000659,PRD-00035,SUP-006,WH-002,264,9.2,2428.8,2024-10-11,2024-10-24,2024-10-25,13,ROAD,206.71,False,DELIVERED,MedTrade SRL,Italy,EUROPEAN,Mixed Nuts 200g,FBV,A,11.29,21.5,Italy,1800.0,0.1,0.20671,37.2078,0.037208,0.140939,2024-10,4,UK SRS 2026,DEFRA GHG Conversion Factors 2025,0.602,223.991,186.7832
PO-000660,PRD-00035,SUP-006,WH-001,312,9.04,2820.48,2024-11-12,2024-11-23,2024-11-26,11,ROAD,244.3,False,DELIVERED,MedTrade SRL,Italy,EUROPEAN,Mixed Nuts 200g,FBV,A,11.29,21.5,Italy,1800.0,0.1,0.24430000000000002,43.974,0.043974,0.140942,2024-11,4,UK SRS 2026,DEFRA GHG Conversion Factors 2025,0.602,264.7235,220.7495
PO-000661,PRD-00035,SUP-006,WH-003,360,9.01,3243.6,2024-12-14,2024-12-27,2024-12-30,13,ROAD,281.88,False,DELIVERED,MedTrade SRL,Italy,EUROPEAN,Mixed Nuts 200g,FBV,A,11.29,21.5,Italy,1800.0,0.1,0.28188,50.7384,0.050738,0.14094,2024-12,4,UK SRS 2026,DEFRA GHG Conversion Factors 2025,0.602,305.4452,254.7068
PO-000662,PRD-00035,SUP-006,WH-003,168,8.97,1506.96,2025-01-09,2025-01-24,2025-01-26,15,ROAD,131.54,False,DELIVERED,MedTrade SRL,Italy,EUROPEAN,Mixed Nuts 200g,FBV,A,11.29,21.5,Italy,1800.0,0.1,0.13154,23.6772,0.023677,0.140936,2025-01,4,UK SRS 2026,DEFRA GHG Conversion Factors 2025,0.602,142.5367,118.8595
PO-000663,PRD-00035,SUP-006,WH-002,192,9.23,1772.16,2025-02-09,2025-02-22,2025-02-22,13,ROAD,150.34,False,DELIVERED,MedTrade SRL,Italy,EUROPEAN,Mixed Nuts 200g,FBV,A,11.29,21.5,Italy,1800.0,0.1,0.15034,27.0612,0.027061,0.140944,2025-02,4,UK SRS 2026,DEFRA GHG Conversion Factors 2025,0.602,162.9084,135.8472
PO-000664,PRD-00035,SUP-006,WH-003,216,8.64,1866.24,2025-03-08,2025-03-20,2025-03-21,12,ROAD,169.13,False,DELIVERED,MedTrade SRL,Italy,EUROPEAN,Mixed Nuts 200g,FBV,A,11.29,21.5,Italy,1800.0,0.1,0.16913,30.4434,0.030443,0.140942,2025-03,4,UK SRS 2026,DEFRA GHG Conversion Factors 2025,0.602,183.2693,152.8259
PO-000665,PRD-00035,SUP-006,WH-001,216,8.89,1920.24,2025-04-11,2025-04-26,2025-04-28,15,ROAD,169.13,False,DELIVERED,MedTrade SRL,Italy,EUROPEAN,Mixed Nuts 200g,FBV,A,11.29,21.5,Italy,1800.0,0.1,0.16913,30.4434,0.030443,0.140942,2025-04,4,UK SRS 2026,DEFRA GHG Conversion Factors 2025,0.602,183.2693,152.8259
PO-000666,PRD-00035,SUP-006,WH-001,240,8.78,2107.2,2025-05-08,2025-05-22,2025-05-25,14,ROAD,187.92,False,DELIVERED,MedTrade SRL,Italy,EUROPEAN,Mixed Nuts 200g,FBV,A,11.29,21.5,Italy,1800.0,0.1,0.18791999999999998,33.8256,0.033826,0.14094,2025-05,4,UK SRS 2026,DEFRA GHG Conversion Factors 2025,0.602,203.6301,169.8045
PO-000667,PRD-00035,SUP-006,WH-002,240,8.9,2136.0,2025-06-09,2025-06-23,2025-06-25,14,ROAD,187.92,False,DELIVERED,MedTrade SRL,Italy,EUROPEAN,Mixed Nuts 200g,FBV,A,11.29,21.5,Italy,1800.0,0.1,0.18791999999999998,33.8256,0.033826,0.14094,2025-06,4,UK SRS 2026,DEFRA GHG Conversion Factors 2025,0.602,203.6301,169.8045
PO-000668,PRD-00035,SUP-006,WH-002,264,8.62,2275.68,2025-07-05,2025-07-18,2025-07-19,13,ROAD,206.71,False,DELIVERED,MedTrade SRL,Italy,EUROPEAN,Mixed Nuts 200g,FBV,A,11.29,21.5,Italy,1800.0,0.1,0.20671,37.2078,0.037208,0.140939,2025-07,4,UK SRS 2026,DEFRA GHG Conversion Factors 2025,0.602,223.991,186.7832
PO-000669,PRD-00035,SUP-006,WH-003,240,9.18,2203.2,2025-08-06,2025-08-17,2025-08-17,11,ROAD,187.92,False,DELIVERED,MedTrade SRL,Italy,EUROPEAN,Mixed Nuts 200g,FBV,A,11.29,21.5,Italy,1800.0,0.1,0.18791999999999998,33.8256,0.033826,0.14094,2025-08,4,UK SRS 2026,DEFRA GHG Conversion Factors 2025,0.602,203.6301,169.8045
PO-000670,PRD-00035,SUP-006,WH-002,240,8.72,2092.8,2025-09-03,2025-09-14,2025-09-14,11,ROAD,187.92,False,DELIVERED,MedTrade SRL,Italy,EUROPEAN,Mixed Nuts 200g,FBV,A,11.29,21.5,Italy,1800.0,0.1,0.18791999999999998,33.8256,0.033826,0.14094,2025-09,4,UK SRS 2026,DEFRA GHG Conversion Factors 2025,0.602,203.6301,169.8045
PO-000671,PRD-00035,SUP-006,WH-001,264,8.86,2339.04,2025-10-08,2025-10-18,2025-10-18,10,ROAD,206.71,False,DELIVERED,MedTrade SRL,Italy,EUROPEAN,Mixed Nuts 200g,FBV,A,11.29,21.5,Italy,1800.0,0.1,0.20671,37.2078,0.037208,0.140939,2025-10,4,UK SRS 2026,DEFRA GHG Conversion Factors 2025,0.602,223.991,186.7832
PO-000672,PRD-00035,SUP-006,WH-003,312,8.92,2783.04,2025-11-06,2025-11-21,2025-11-20,15,ROAD,244.3,False,DELIVERED,MedTrade SRL,Italy,EUROPEAN,Mixed Nuts 200g,FBV,A,11.29,21.5,Italy,1800.0,0.1,0.24430000000000002,43.974,0.043974,0.140942,2025-11,4,UK SRS 2026,DEFRA GHG Conversion Factors 2025,0.602,264.7235,220.7495
PO-000673,PRD-00035,SUP-006,WH-001,360,9.39,3380.4,2025-12-02,2025-12-13,2025-12-16,11,ROAD,281.88,False,DELIVERED,MedTrade SRL,Italy,EUROPEAN,Mixed Nuts 200g,FBV,A,11.29,21.5,Italy,1800.0,0.1,0.28188,50.7384,0.050738,0.14094,2025-12,4,UK SRS 2026,DEFRA GHG Conversion Factors 2025,0.602,305.4452,254.7068
PO-000675,PRD-00036,SUP-002,WH-003,204,6.22,1268.88,2024-01-11,2024-01-19,2024-01-20,8,ROAD,284.17,False,DELIVERED,EuroFast GmbH,Germany,EUROPEAN,Herbal Tea Variety 40-Pack,FBV,B,8.24,24.6,Germany,1100.0,0.1,0.28417000000000003,31.2587,0.031259,0.153229,2024-01,4,UK SRS 2026,DEFRA GHG Conversion Factors 2025,0.602,188.1774,156.9187
PO-000676,PRD-00036,SUP-002,WH-001,216,6.17,1332.72,2024-02-21,2024-02-29,2024-02-29,8,ROAD,300.89,False,DELIVERED,EuroFast GmbH,Germany,EUROPEAN,Herbal Tea Variety 40-Pack,FBV,B,8.24,24.6,Germany,1100.0,0.1,0.30089,33.0979,0.033098,0.153231,2024-02,4,UK SRS 2026,DEFRA GHG Conversion Factors 2025,0.602,199.2494,166.1515
PO-000677,PRD-00036,SUP-002,WH-001,258,6.16,1589.28,2024-04-07,2024-04-15,2024-04-17,8,ROAD,359.39,False,DELIVERED,EuroFast GmbH,Germany,EUROPEAN,Herbal Tea Variety 40-Pack,FBV,B,8.24,24.6,Germany,1100.0,0.1,0.35939,39.5329,0.039533,0.153228,2024-04,4,UK SRS 2026,DEFRA GHG Conversion Factors 2025,0.602,237.9881,198.4552
PO-000678,PRD-00036,SUP-002,WH-002,276,6.06,1672.56,2024-05-24,2024-05-31,2024-06-01,7,ROAD,384.47,False,DELIVERED,EuroFast GmbH,Germany,EUROPEAN,Herbal Tea Variety 40-Pack,FBV,B,8.24,24.6,Germany,1100.0,0.1,0.38447000000000003,42.2917,0.042292,0.153231,2024-06,4,UK SRS 2026,DEFRA GHG Conversion Factors 2025,0.602,254.596,212.3043
PO-000679,PRD-00036,SUP-002,WH-002,300,6.35,1905.0,2024-07-13,2024-07-24,2024-07-23,11,ROAD,417.9,False,DELIVERED,EuroFast GmbH,Germany,EUROPEAN,Herbal Tea Variety 40-Pack,FBV,B,8.24,24.6,Germany,1100.0,0.1,0.4179,45.969,0.045969,0.15323,2024-07,4,UK SRS 2026,DEFRA GHG Conversion Factors 2025,0.602,276.7334,230.7644
PO-000680,PRD-00036,SUP-002,WH-002,288,6.34,1825.92,2024-08-25,2024-09-04,2024-09-06,10,ROAD,401.18,False,DELIVERED,EuroFast GmbH,Germany,EUROPEAN,Herbal Tea Variety 40-Pack,FBV,B,8.24,24.6,Germany,1100.0,0.1,0.40118,44.1298,0.04413,0.153228,2024-09,4,UK SRS 2026,DEFRA GHG Conversion Factors 2025,0.602,265.6614,221.5316
PO-000681,PRD-00036,SUP-002,WH-003,300,6.35,1905.0,2024-10-05,2024-10-13,2024-10-15,8,ROAD,417.9,False,DELIVERED,EuroFast GmbH,Germany,EUROPEAN,Herbal Tea Variety 40-Pack,FBV,B,8.24,24.6,Germany,1100.0,0.1,0.4179,45.969,0.045969,0.15323,2024-10,4,UK SRS 2026,DEFRA GHG Conversion Factors 2025,0.602,276.7334,230.7644
PO-000682,PRD-00036,SUP-002,WH-003,366,6.04,2210.64,2024-11-16,2024-11-25,2024-11-26,9,ROAD,509.84,False,DELIVERED,EuroFast GmbH,Germany,EUROPEAN,Herbal Tea Variety 40-Pack,FBV,B,8.24,24.6,Germany,1100.0,0.1,0.50984,56.0824,0.056082,0.153231,2024-11,4,UK SRS 2026,DEFRA GHG Conversion Factors 2025,0.602,337.616,281.5336
PO-000683,PRD-00036,SUP-002,WH-002,204,6.27,1279.08,2025-01-05,2025-01-15,2025-01-14,10,ROAD,284.17,False,DELIVERED,EuroFast GmbH,Germany,EUROPEAN,Herbal Tea Variety 40-Pack,FBV,B,8.24,24.6,Germany,1100.0,0.1,0.28417000000000003,31.2587,0.031259,0.153229,2025-01,4,UK SRS 2026,DEFRA GHG Conversion Factors 2025,0.602,188.1774,156.9187
PO-000684,PRD-00036,SUP-002,WH-003,216,6.01,1298.16,2025-02-18,2025-02-27,2025-02-27,9,ROAD,300.89,False,DELIVERED,EuroFast GmbH,Germany,EUROPEAN,Herbal Tea Variety 40-Pack,FBV,B,8.24,24.6,Germany,1100.0,0.1,0.30089,33.0979,0.033098,0.153231,2025-02,4,UK SRS 2026,DEFRA GHG Conversion Factors 2025,0.602,199.2494,166.1515
PO-000685,PRD-00036,SUP-002,WH-001,258,6.31,1627.98,2025-04-05,2025-04-13,2025-04-12,8,ROAD,359.39,False,DELIVERED,EuroFast GmbH,Germany,EUROPEAN,Herbal Tea Variety 40-Pack,FBV,B,8.24,24.6,Germany,1100.0,0.1,0.35939,39.5329,0.039533,0.153228,2025-04,4,UK SRS 2026,DEFRA GHG Conversion Factors 2025,0.602,237.9881,198.4552
PO-000686,PRD-00036,SUP-002,WH-002,276,6.09,1680.84,2025-05-17,2025-05-26,2025-05-26,9,ROAD,384.47,False,DELIVERED,EuroFast GmbH,Germany,EUROPEAN,Herbal Tea Variety 40-Pack,FBV,B,8.24,24.6,Germany,1100.0,0.1,0.38447000000000003,42.2917,0.042292,0.153231,2025-05,4,UK SRS 2026,DEFRA GHG Conversion Factors 2025,0.602,254.596,212.3043
PO-000687,PRD-00036,SUP-002,WH-003,300,6.31,1893.0,2025-07-02,2025-07-12,2025-07-14,10,ROAD,417.9,False,DELIVERED,EuroFast GmbH,Germany,EUROPEAN,Herbal Tea Variety 40-Pack,FBV,B,8.24,24.6,Germany,1100.0,0.1,0.4179,45.969,0.045969,0.15323,2025-07,4,UK SRS 2026,DEFRA GHG Conversion Factors 2025,0.602,276.7334,230.7644
PO-000688,PRD-00036,SUP-002,WH-003,288,6.34,1825.92,2025-08-18,2025-08-26,2025-08-28,8,ROAD,401.18,False,DELIVERED,EuroFast GmbH,Germany,EUROPEAN,Herbal Tea Variety 40-Pack,FBV,B,8.24,24.6,Germany,1100.0,0.1,0.40118,44.1298,0.04413,0.153228,2025-08,4,UK SRS 2026,DEFRA GHG Conversion Factors 2025,0.602,265.6614,221.5316
PO-000689,PRD-00036,SUP-002,WH-003,300,6.24,1872.0,2025-10-03,2025-10-11,2025-10-13,8,ROAD,417.9,False,DELIVERED,EuroFast GmbH,Germany,EUROPEAN,Herbal Tea Variety 40-Pack,FBV,B,8.24,24.6,Germany,1100.0,0.1,0.4179,45.969,0.045969,0.15323,2025-10,4,UK SRS 2026,DEFRA GHG Conversion Factors 2025,0.602,276.7334,230.7644
PO-000690,PRD-00036,SUP-002,WH-003,366,6.15,2250.9,2025-11-19,2025-11-29,2025-12-01,10,ROAD,509.84,False,DELIVERED,EuroFast GmbH,Germany,EUROPEAN,Herbal Tea Variety 40-Pack,FBV,B,8.24,24.6,Germany,1100.0,0.1,0.50984,56.0824,0.056082,0.153231,2025-12,4,UK SRS 2026,DEFRA GHG Conversion Factors 2025,0.602,337.616,281.5336
PO-000691,PRD-00037,SUP-006,WH-002,200,6.09,1218.0,2024-01-16,2024-01-30,2024-01-29,14,ROAD,370.6,False,DELIVERED,MedTrade SRL,Italy,EUROPEAN,Sparkling Water 12x500ml,FBV,B,7.77,22.0,Italy,1800.0,0.1,0.37060000000000004,66.708,0.066708,0.33354,2024-01,4,UK SRS 2026,DEFRA GHG Conversion Factors 2025,0.602,401.5822,334.8742
PO-000692,PRD-00037,SUP-006,WH-003,200,6.01,1202.0,2024-02-29,2024-03-16,2024-03-15,16,ROAD,370.6,False,DELIVERED,MedTrade SRL,Italy,EUROPEAN,Sparkling Water 12x500ml,FBV,B,7.77,22.0,Italy,1800.0,0.1,0.37060000000000004,66.708,0.066708,0.33354,2024-03,4,UK SRS 2026,DEFRA GHG Conversion Factors 2025,0.602,401.5822,334.8742
PO-000693,PRD-00037,SUP-006,WH-003,300,6.0,1800.0,2024-04-17,2024-04-29,2024-04-28,12,ROAD,555.9,False,DELIVERED,MedTrade SRL,Italy,EUROPEAN,Sparkling Water 12x500ml,FBV,B,7.77,22.0,Italy,1800.0,0.1,0.5559,100.062,0.100062,0.33354,2024-04,4,UK SRS 2026,DEFRA GHG Conversion Factors 2025,0.602,602.3732,502.3112
PO-000694,PRD-00037,SUP-006,WH-003,300,6.18,1854.0,2024-06-05,2024-06-16,2024-06-18,11,ROAD,555.9,False,DELIVERED,MedTrade SRL,Italy,EUROPEAN,Sparkling Water 12x500ml,FBV,B,7.77,22.0,Italy,1800.0,0.1,0.5559,100.062,0.100062,0.33354,2024-06,4,UK SRS 2026,DEFRA GHG Conversion Factors 2025,0.602,602.3732,502.3112
PO-000695,PRD-00037,SUP-006,WH-001,300,6.24,1872.0,2024-07-22,2024-08-01,2024-08-03,10,ROAD,555.9,False,DELIVERED,MedTrade SRL,Italy,EUROPEAN,Sparkling Water 12x500ml,FBV,B,7.77,22.0,Italy,1800.0,0.1,0.5559,100.062,0.100062,0.33354,2024-08,4,UK SRS 2026,DEFRA GHG Conversion Factors 2025,0.602,602.3732,502.3112
PO-000696,PRD-00037,SUP-006,WH-001,300,6.06,1818.0,2024-09-02,2024-09-14,2024-09-17,12,ROAD,555.9,False,DELIVERED,MedTrade SRL,Italy,EUROPEAN,Sparkling Water 12x500ml,FBV,B,7.77,22.0,Italy,1800.0,0.1,0.5559,100.062,0.100062,0.33354,2024-09,4,UK SRS 2026,DEFRA GHG Conversion Factors 2025,0.602,602.3732,502.3112
PO-000697,PRD-00037,SUP-006,WH-003,300,6.0,1800.0,2024-10-12,2024-10-23,2024-10-22,11,ROAD,555.9,False,DELIVERED,MedTrade SRL,Italy,EUROPEAN,Sparkling Water 12x500ml,FBV,B,7.77,22.0,Italy,1800.0,0.1,0.5559,100.062,0.100062,0.33354,2024-10,4,UK SRS 2026,DEFRA GHG Conversion Factors 2025,0.602,602.3732,502.3112
PO-000698,PRD-00037,SUP-006,WH-001,400,6.05,2420.0,2024-11-25,2024-12-08,2024-12-11,13,ROAD,741.2,False,DELIVERED,MedTrade SRL,Italy,EUROPEAN,Sparkling Water 12x500ml,FBV,B,7.77,22.0,Italy,1800.0,0.1,0.7412000000000001,133.416,0.133416,0.33354,2024-12,4,UK SRS 2026,DEFRA GHG Conversion Factors 2025,0.602,803.1643,669.7483
PO-000699,PRD-00037,SUP-006,WH-002,200,6.22,1244.0,2025-01-11,2025-01-27,2025-01-27,16,ROAD,370.6,False,DELIVERED,MedTrade SRL,Italy,EUROPEAN,Sparkling Water 12x500ml,FBV,B,7.77,22.0,Italy,1800.0,0.1,0.37060000000000004,66.708,0.066708,0.33354,2025-01,4,UK SRS 2026,DEFRA GHG Conversion Factors 2025,0.602,401.5822,334.8742
PO-000700,PRD-00037,SUP-006,WH-001,300,6.0,1800.0,2025-03-01,2025-03-17,2025-03-18,16,ROAD,555.9,False,DELIVERED,MedTrade SRL,Italy,EUROPEAN,Sparkling Water 12x500ml,FBV,B,7.77,22.0,Italy,1800.0,0.1,0.5559,100.062,0.100062,0.33354,2025-03,4,UK SRS 2026,DEFRA GHG Conversion Factors 2025,0.602,602.3732,502.3112
PO-000701,PRD-00037,SUP-006,WH-002,300,6.1,1830.0,2025-04-14,2025-04-24,2025-04-26,10,ROAD,555.9,False,DELIVERED,MedTrade SRL,Italy,EUROPEAN,Sparkling Water 12x500ml,FBV,B,7.77,22.0,Italy,1800.0,0.1,0.5559,100.062,0.100062,0.33354,2025-04,4,UK SRS 2026,DEFRA GHG Conversion Factors 2025,0.602,602.3732,502.3112
PO-000702,PRD-00037,SUP-006,WH-002,300,6.31,1893.0,2025-05-28,2025-06-18,2025-06-18,21,ROAD,555.9,False,DELIVERED,MedTrade SRL,Italy,EUROPEAN,Sparkling Water 12x500ml,FBV,B,7.77,22.0,Italy,1800.0,0.1,0.5559,100.062,0.100062,0.33354,2025-06,4,UK SRS 2026,DEFRA GHG Conversion Factors 2025,0.602,602.3732,502.3112
PO-000703,PRD-00037,SUP-006,WH-001,300,5.91,1773.0,2025-07-09,2025-07-19,2025-07-21,10,ROAD,555.9,False,DELIVERED,MedTrade SRL,Italy,EUROPEAN,Sparkling Water 12x500ml,FBV,B,7.77,22.0,Italy,1800.0,0.1,0.5559,100.062,0.100062,0.33354,2025-07,4,UK SRS 2026,DEFRA GHG Conversion Factors 2025,0.602,602.3732,502.3112
PO-000704,PRD-00037,SUP-006,WH-003,300,5.91,1773.0,2025-08-25,2025-09-04,2025-09-04,10,ROAD,555.9,False,DELIVERED,MedTrade SRL,Italy,EUROPEAN,Sparkling Water 12x500ml,FBV,B,7.77,22.0,Italy,1800.0,0.1,0.5559,100.062,0.100062,0.33354,2025-09,4,UK SRS 2026,DEFRA GHG Conversion Factors 2025,0.602,602.3732,502.3112
PO-000705,PRD-00037,SUP-006,WH-001,300,6.18,1854.0,2025-10-10,2025-10-22,2025-10-23,12,ROAD,555.9,False,DELIVERED,MedTrade SRL,Italy,EUROPEAN,Sparkling Water 12x500ml,FBV,B,7.77,22.0,Italy,1800.0,0.1,0.5559,100.062,0.100062,0.33354,2025-10,4,UK SRS 2026,DEFRA GHG Conversion Factors 2025,0.602,602.3732,502.3112
PO-000706,PRD-00037,SUP-006,WH-002,400,6.05,2420.0,2025-11-28,2025-12-12,2025-12-13,14,ROAD,741.2,False,DELIVERED,MedTrade SRL,Italy,EUROPEAN,Sparkling Water 12x500ml,FBV,B,7.77,22.0,Italy,1800.0,0.1,0.7412000000000001,133.416,0.133416,0.33354,2025-12,4,UK SRS 2026,DEFRA GHG Conversion Factors 2025,0.602,803.1643,669.7483
PO-000707,PRD-00038,SUP-007,WH-002,100,18.96,1896.0,2024-01-17,2024-02-03,2024-02-05,17,AIR,111.7,False,DELIVERED,USBrands Inc,United States,INTERCONTINENTAL,Luxury Bath Gift Set,SGF,A,33.52,43.5,United States,5500.0,0.602,0.11170000000000001,369.8387,0.369839,3.698387,2024-02,4,UK SRS 2026,DEFRA GHG Conversion Factors 2025,0.602,369.8387,0.0
PO-000708,PRD-00038,SUP-007,WH-002,100,18.98,1898.0,2024-02-12,2024-02-26,2024-02-28,14,AIR,111.7,False,DELIVERED,USBrands Inc,United States,INTERCONTINENTAL,Luxury Bath Gift Set,SGF,A,33.52,43.5,United States,5500.0,0.602,0.11170000000000001,369.8387,0.369839,3.698387,2024-02,4,UK SRS 2026,DEFRA GHG Conversion Factors 2025,0.602,369.8387,0.0
PO-000709,PRD-00038,SUP-007,WH-003,100,18.65,1865.0,2024-03-08,2024-03-23,2024-03-26,15,AIR,111.7,False,DELIVERED,USBrands Inc,United States,INTERCONTINENTAL,Luxury Bath Gift Set,SGF,A,33.52,43.5,United States,5500.0,0.602,0.11170000000000001,369.8387,0.369839,3.698387,2024-03,4,UK SRS 2026,DEFRA GHG Conversion Factors 2025,0.602,369.8387,0.0
PO-000710,PRD-00038,SUP-007,WH-001,100,19.24,1924.0,2024-04-11,2024-05-01,2024-05-04,20,AIR,111.7,False,DELIVERED,USBrands Inc,United States,INTERCONTINENTAL,Luxury Bath Gift Set,SGF,A,33.52,43.5,United States,5500.0,0.602,0.11170000000000001,369.8387,0.369839,3.698387,2024-05,4,UK SRS 2026,DEFRA GHG Conversion Factors 2025,0.602,369.8387,0.0
PO-000711,PRD-00038,SUP-007,WH-002,100,18.82,1882.0,2024-05-12,2024-06-01,2024-06-01,20,AIR,111.7,False,DELIVERED,USBrands Inc,United States,INTERCONTINENTAL,Luxury Bath Gift Set,SGF,A,33.52,43.5,United States,5500.0,0.602,0.11170000000000001,369.8387,0.369839,3.698387,2024-06,4,UK SRS 2026,DEFRA GHG Conversion Factors 2025,0.602,369.8387,0.0
PO-000712,PRD-00038,SUP-007,WH-001,100,19.11,1911.0,2024-06-08,2024-06-25,2024-06-25,17,AIR,111.7,False,DELIVERED,USBrands Inc,United States,INTERCONTINENTAL,Luxury Bath Gift Set,SGF,A,33.52,43.5,United States,5500.0,0.602,0.11170000000000001,369.8387,0.369839,3.698387,2024-06,4,UK SRS 2026,DEFRA GHG Conversion Factors 2025,0.602,369.8387,0.0
PO-000713,PRD-00038,SUP-007,WH-002,100,18.47,1847.0,2024-07-13,2024-07-30,2024-07-29,17,AIR,111.7,False,DELIVERED,USBrands Inc,United States,INTERCONTINENTAL,Luxury Bath Gift Set,SGF,A,33.52,43.5,United States,5500.0,0.602,0.11170000000000001,369.8387,0.369839,3.698387,2024-07,4,UK SRS 2026,DEFRA GHG Conversion Factors 2025,0.602,369.8387,0.0
PO-000714,PRD-00038,SUP-007,WH-002,100,18.76,1876.0,2024-08-15,2024-09-07,2024-09-09,23,AIR,111.7,False,DELIVERED,USBrands Inc,United States,INTERCONTINENTAL,Luxury Bath Gift Set,SGF,A,33.52,43.5,United States,5500.0,0.602,0.11170000000000001,369.8387,0.369839,3.698387,2024-09,4,UK SRS 2026,DEFRA GHG Conversion Factors 2025,0.602,369.8387,0.0
PO-000715,PRD-00038,SUP-007,WH-003,100,18.33,1833.0,2024-09-14,2024-09-28,2024-10-01,14,AIR,111.7,False,DELIVERED,USBrands Inc,United States,INTERCONTINENTAL,Luxury Bath Gift Set,SGF,A,33.52,43.5,United States,5500.0,0.602,0.11170000000000001,369.8387,0.369839,3.698387,2024-10,4,UK SRS 2026,DEFRA GHG Conversion Factors 2025,0.602,369.8387,0.0
PO-000716,PRD-00038,SUP-007,WH-003,100,19.39,1939.0,2024-10-11,2024-10-28,2024-10-29,17,AIR,111.7,False,DELIVERED,USBrands Inc,United States,INTERCONTINENTAL,Luxury Bath Gift Set,SGF,A,33.52,43.5,United States,5500.0,0.602,0.11170000000000001,369.8387,0.369839,3.698387,2024-10,4,UK SRS 2026,DEFRA GHG Conversion Factors 2025,0.602,369.8387,0.0
PO-000717,PRD-00038,SUP-007,WH-001,100,19.17,1917.0,2024-11-10,2024-12-04,2024-12-05,24,SEA,111.7,True,DELIVERED,USBrands Inc,United States,INTERCONTINENTAL,Luxury Bath Gift Set,SGF,A,33.52,43.5,United States,6800.0,0.016,0.11170000000000001,12.153,0.012153,0.12153,2024-12,4,UK SRS 2026,DEFRA GHG Conversion Factors 2025,0.602,457.2551,445.1021
PO-000718,PRD-00038,SUP-007,WH-002,100,18.98,1898.0,2024-12-15,2024-12-29,2024-12-29,14,AIR,111.7,False,DELIVERED,USBrands Inc,United States,INTERCONTINENTAL,Luxury Bath Gift Set,SGF,A,33.52,43.5,United States,5500.0,0.602,0.11170000000000001,369.8387,0.369839,3.698387,2024-12,4,UK SRS 2026,DEFRA GHG Conversion Factors 2025,0.602,369.8387,0.0
PO-000719,PRD-00038,SUP-007,WH-001,100,18.5,1850.0,2025-01-10,2025-02-03,2025-02-05,24,AIR,111.7,False,DELIVERED,USBrands Inc,United States,INTERCONTINENTAL,Luxury Bath Gift Set,SGF,A,33.52,43.5,United States,5500.0,0.602,0.11170000000000001,369.8387,0.369839,3.698387,2025-02,4,UK SRS 2026,DEFRA GHG Conversion Factors 2025,0.602,369.8387,0.0
PO-000720,PRD-00038,SUP-007,WH-003,100,18.74,1874.0,2025-02-08,2025-02-25,2025-02-25,17,AIR,111.7,False,DELIVERED,USBrands Inc,United States,INTERCONTINENTAL,Luxury Bath Gift Set,SGF,A,33.52,43.5,United States,5500.0,0.602,0.11170000000000001,369.8387,0.369839,3.698387,2025-02,4,UK SRS 2026,DEFRA GHG Conversion Factors 2025,0.602,369.8387,0.0
PO-000721,PRD-00038,SUP-007,WH-002,100,19.41,1941.0,2025-03-06,2025-04-03,2025-04-02,28,SEA,111.7,True,DELIVERED,USBrands Inc,United States,INTERCONTINENTAL,Luxury Bath Gift Set,SGF,A,33.52,43.5,United States,6800.0,0.016,0.11170000000000001,12.153,0.012153,0.12153,2025-04,4,UK SRS 2026,DEFRA GHG Conversion Factors 2025,0.602,457.2551,445.1021
PO-000722,PRD-00038,SUP-007,WH-002,100,19.67,1967.0,2025-04-08,2025-04-29,2025-05-02,21,AIR,111.7,False,DELIVERED,USBrands Inc,United States,INTERCONTINENTAL,Luxury Bath Gift Set,SGF,A,33.52,43.5,United States,5500.0,0.602,0.11170000000000001,369.8387,0.369839,3.698387,2025-05,4,UK SRS 2026,DEFRA GHG Conversion Factors 2025,0.602,369.8387,0.0
PO-000723,PRD-00038,SUP-007,WH-003,100,19.03,1903.0,2025-05-09,2025-05-28,2025-05-27,19,AIR,111.7,False,DELIVERED,USBrands Inc,United States,INTERCONTINENTAL,Luxury Bath Gift Set,SGF,A,33.52,43.5,United States,5500.0,0.602,0.11170000000000001,369.8387,0.369839,3.698387,2025-05,4,UK SRS 2026,DEFRA GHG Conversion Factors 2025,0.602,369.8387,0.0
PO-000724,PRD-00038,SUP-007,WH-002,100,18.9,1890.0,2025-06-09,2025-07-05,2025-07-04,26,SEA,111.7,True,DELIVERED,USBrands Inc,United States,INTERCONTINENTAL,Luxury Bath Gift Set,SGF,A,33.52,43.5,United States,6800.0,0.016,0.11170000000000001,12.153,0.012153,0.12153,2025-07,4,UK SRS 2026,DEFRA GHG Conversion Factors 2025,0.602,457.2551,445.1021
PO-000725,PRD-00038,SUP-007,WH-001,100,18.66,1866.0,2025-07-12,2025-08-17,2025-08-18,36,SEA,111.7,True,DELIVERED,USBrands Inc,United States,INTERCONTINENTAL,Luxury Bath Gift Set,SGF,A,33.52,43.5,United States,6800.0,0.016,0.11170000000000001,12.153,0.012153,0.12153,2025-08,4,UK SRS 2026,DEFRA GHG Conversion Factors 2025,0.602,457.2551,445.1021
PO-000726,PRD-00038,SUP-007,WH-001,100,18.12,1812.0,2025-08-10,2025-09-05,2025-09-05,26,AIR,111.7,False,DELIVERED,USBrands Inc,United States,INTERCONTINENTAL,Luxury Bath Gift Set,SGF,A,33.52,43.5,United States,5500.0,0.602,0.11170000000000001,369.8387,0.369839,3.698387,2025-09,4,UK SRS 2026,DEFRA GHG Conversion Factors 2025,0.602,369.8387,0.0
PO-000727,PRD-00038,SUP-007,WH-003,100,18.82,1882.0,2025-09-04,2025-09-18,2025-09-18,14,AIR,111.7,False,DELIVERED,USBrands Inc,United States,INTERCONTINENTAL,Luxury Bath Gift Set,SGF,A,33.52,43.5,United States,5500.0,0.602,0.11170000000000001,369.8387,0.369839,3.698387,2025-09,4,UK SRS 2026,DEFRA GHG Conversion Factors 2025,0.602,369.8387,0.0
PO-000728,PRD-00038,SUP-007,WH-002,100,18.89,1889.0,2025-10-08,2025-10-28,2025-10-30,20,AIR,111.7,False,DELIVERED,USBrands Inc,United States,INTERCONTINENTAL,Luxury Bath Gift Set,SGF,A,33.52,43.5,United States,5500.0,0.602,0.11170000000000001,369.8387,0.369839,3.698387,2025-10,4,UK SRS 2026,DEFRA GHG Conversion Factors 2025,0.602,369.8387,0.0
PO-000729,PRD-00038,SUP-007,WH-002,100,19.27,1927.0,2025-11-09,2025-11-25,2025-11-28,16,AIR,111.7,False,DELIVERED,USBrands Inc,United States,INTERCONTINENTAL,Luxury Bath Gift Set,SGF,A,33.52,43.5,United States,5500.0,0.602,0.11170000000000001,369.8387,0.369839,3.698387,2025-11,4,UK SRS 2026,DEFRA GHG Conversion Factors 2025,0.602,369.8387,0.0
PO-000731,PRD-00039,SUP-007,WH-001,48,28.48,1367.04,2024-01-02,2024-01-18,2024-01-18,16,AIR,34.51,False,DELIVERED,USBrands Inc,United States,INTERCONTINENTAL,Premium Scented Candle Set,SGF,A,43.03,36.1,United States,5500.0,0.602,0.03451,114.2626,0.114263,2.380471,2024-01,4,UK SRS 2026,DEFRA GHG Conversion Factors 2025,0.602,114.2626,0.0
PO-000732,PRD-00039,SUP-007,WH-001,48,27.32,1311.36,2024-01-27,2024-02-11,2024-02-11,15,AIR,34.51,False,DELIVERED,USBrands Inc,United States,INTERCONTINENTAL,Premium Scented Candle Set,SGF,A,43.03,36.1,United States,5500.0,0.602,0.03451,114.2626,0.114263,2.380471,2024-02,4,UK SRS 2026,DEFRA GHG Conversion Factors 2025,0.602,114.2626,0.0
PO-000733,PRD-00039,SUP-007,WH-002,48,27.96,1342.08,2024-02-27,2024-03-14,2024-03-15,16,AIR,34.51,False,DELIVERED,USBrands Inc,United States,INTERCONTINENTAL,Premium Scented Candle Set,SGF,A,43.03,36.1,United States,5500.0,0.602,0.03451,114.2626,0.114263,2.380471,2024-03,4,UK SRS 2026,DEFRA GHG Conversion Factors 2025,0.602,114.2626,0.0
PO-000734,PRD-00039,SUP-007,WH-002,48,27.56,1322.88,2024-03-30,2024-05-05,2024-05-07,36,AIR,34.51,False,DELIVERED,USBrands Inc,United States,INTERCONTINENTAL,Premium Scented Candle Set,SGF,A,43.03,36.1,United States,5500.0,0.602,0.03451,114.2626,0.114263,2.380471,2024-05,4,UK SRS 2026,DEFRA GHG Conversion Factors 2025,0.602,114.2626,0.0
PO-000735,PRD-00039,SUP-007,WH-003,48,27.22,1306.56,2024-04-26,2024-05-13,2024-05-16,17,AIR,34.51,False,DELIVERED,USBrands Inc,United States,INTERCONTINENTAL,Premium Scented Candle Set,SGF,A,43.03,36.1,United States,5500.0,0.602,0.03451,114.2626,0.114263,2.380471,2024-05,4,UK SRS 2026,DEFRA GHG Conversion Factors 2025,0.602,114.2626,0.0
PO-000736,PRD-00039,SUP-007,WH-001,72,27.02,1945.44,2024-05-28,2024-06-22,2024-06-22,25,AIR,51.77,False,DELIVERED,USBrands Inc,United States,INTERCONTINENTAL,Premium Scented Candle Set,SGF,A,43.03,36.1,United States,5500.0,0.602,0.051770000000000004,171.4105,0.171411,2.380701,2024-06,4,UK SRS 2026,DEFRA GHG Conversion Factors 2025,0.602,171.4105,0.0
PO-000737,PRD-00039,SUP-007,WH-001,72,28.22,2031.84,2024-06-26,2024-07-11,2024-07-11,15,AIR,51.77,False,DELIVERED,USBrands Inc,United States,INTERCONTINENTAL,Premium Scented Candle Set,SGF,A,43.03,36.1,United States,5500.0,0.602,0.051770000000000004,171.4105,0.171411,2.380701,2024-07,4,UK SRS 2026,DEFRA GHG Conversion Factors 2025,0.602,171.4105,0.0
PO-000738,PRD-00039,SUP-007,WH-002,72,27.01,1944.72,2024-07-22,2024-08-18,2024-08-17,27,AIR,51.77,False,DELIVERED,USBrands Inc,United States,INTERCONTINENTAL,Premium Scented Candle Set,SGF,A,43.03,36.1,United States,5500.0,0.602,0.051770000000000004,171.4105,0.171411,2.380701,2024-08,4,UK SRS 2026,DEFRA GHG Conversion Factors 2025,0.602,171.4105,0.0
PO-000739,PRD-00039,SUP-007,WH-001,72,27.09,1950.48,2024-08-20,2024-09-13,2024-09-15,24,SEA,51.77,True,DELIVERED,USBrands Inc,United States,INTERCONTINENTAL,Premium Scented Candle Set,SGF,A,43.03,36.1,United States,6800.0,0.016,0.051770000000000004,5.6326,0.005633,0.078231,2024-09,4,UK SRS 2026,DEFRA GHG Conversion Factors 2025,0.602,211.9257,206.2931
PO-000740,PRD-00039,SUP-007,WH-001,72,28.28,2036.16,2024-09-14,2024-10-01,2024-10-01,17,AIR,51.77,False,DELIVERED,USBrands Inc,United States,INTERCONTINENTAL,Premium Scented Candle Set,SGF,A,43.03,36.1,United States,5500.0,0.602,0.051770000000000004,171.4105,0.171411,2.380701,2024-10,4,UK SRS 2026,DEFRA GHG Conversion Factors 2025,0.602,171.4105,0.0
PO-000741,PRD-00039,SUP-007,WH-003,72,26.79,1928.88,2024-10-11,2024-10-25,2024-10-24,14,AIR,51.77,False,DELIVERED,USBrands Inc,United States,INTERCONTINENTAL,Premium Scented Candle Set,SGF,A,43.03,36.1,United States,5500.0,0.602,0.051770000000000004,171.4105,0.171411,2.380701,2024-10,4,UK SRS 2026,DEFRA GHG Conversion Factors 2025,0.602,171.4105,0.0
PO-000742,PRD-00039,SUP-007,WH-001,96,28.13,2700.48,2024-11-11,2024-12-09,2024-12-09,28,AIR,69.02,False,DELIVERED,USBrands Inc,United States,INTERCONTINENTAL,Premium Scented Candle Set,SGF,A,43.03,36.1,United States,5500.0,0.602,0.06902,228.5252,0.228525,2.380471,2024-12,4,UK SRS 2026,DEFRA GHG Conversion Factors 2025,0.602,228.5252,0.0
PO-000743,PRD-00039,SUP-007,WH-003,96,27.91,2679.36,2024-12-16,2025-01-09,2025-01-12,24,AIR,69.02,False,DELIVERED,USBrands Inc,United States,INTERCONTINENTAL,Premium Scented Candle Set,SGF,A,43.03,36.1,United States,5500.0,0.602,0.06902,228.5252,0.228525,2.380471,2025-01,4,UK SRS 2026,DEFRA GHG Conversion Factors 2025,0.602,228.5252,0.0
PO-000744,PRD-00039,SUP-007,WH-001,48,27.36,1313.28,2025-01-13,2025-01-29,2025-02-01,16,AIR,34.51,False,DELIVERED,USBrands Inc,United States,INTERCONTINENTAL,Premium Scented Candle Set,SGF,A,43.03,36.1,United States,5500.0,0.602,0.03451,114.2626,0.114263,2.380471,2025-02,4,UK SRS 2026,DEFRA GHG Conversion Factors 2025,0.602,114.2626,0.0
PO-000745,PRD-00039,SUP-007,WH-002,48,26.49,1271.52,2025-02-12,2025-03-06,2025-03-05,22,AIR,34.51,False,DELIVERED,USBrands Inc,United States,INTERCONTINENTAL,Premium Scented Candle Set,SGF,A,43.03,36.1,United States,5500.0,0.602,0.03451,114.2626,0.114263,2.380471,2025-03,4,UK SRS 2026,DEFRA GHG Conversion Factors 2025,0.602,114.2626,0.0
PO-000746,PRD-00039,SUP-007,WH-001,48,27.65,1327.2,2025-03-19,2025-04-10,2025-04-09,22,AIR,34.51,False,DELIVERED,USBrands Inc,United States,INTERCONTINENTAL,Premium Scented Candle Set,SGF,A,43.03,36.1,United States,5500.0,0.602,0.03451,114.2626,0.114263,2.380471,2025-04,4,UK SRS 2026,DEFRA GHG Conversion Factors 2025,0.602,114.2626,0.0
PO-000747,PRD-00039,SUP-007,WH-002,48,28.15,1351.2,2025-04-17,2025-05-05,2025-05-07,18,AIR,34.51,False,DELIVERED,USBrands Inc,United States,INTERCONTINENTAL,Premium Scented Candle Set,SGF,A,43.03,36.1,United States,5500.0,0.602,0.03451,114.2626,0.114263,2.380471,2025-05,4,UK SRS 2026,DEFRA GHG Conversion Factors 2025,0.602,114.2626,0.0
PO-000748,PRD-00039,SUP-007,WH-002,72,27.14,1954.08,2025-05-13,2025-05-31,2025-06-02,18,AIR,51.77,False,DELIVERED,USBrands Inc,United States,INTERCONTINENTAL,Premium Scented Candle Set,SGF,A,43.03,36.1,United States,5500.0,0.602,0.051770000000000004,171.4105,0.171411,2.380701,2025-06,4,UK SRS 2026,DEFRA GHG Conversion Factors 2025,0.602,171.4105,0.0
PO-000749,PRD-00039,SUP-007,WH-001,72,27.43,1974.96,2025-06-09,2025-07-04,2025-07-07,25,SEA,51.77,True,DELIVERED,USBrands Inc,United States,INTERCONTINENTAL,Premium Scented Candle Set,SGF,A,43.03,36.1,United States,6800.0,0.016,0.051770000000000004,5.6326,0.005633,0.078231,2025-07,4,UK SRS 2026,DEFRA GHG Conversion Factors 2025,0.602,211.9257,206.2931
PO-000750,PRD-00039,SUP-007,WH-003,72,27.5,1980.0,2025-07-05,2025-07-26,2025-07-28,21,AIR,51.77,False,DELIVERED,USBrands Inc,United States,INTERCONTINENTAL,Premium Scented Candle Set,SGF,A,43.03,36.1,United States,5500.0,0.602,0.051770000000000004,171.4105,0.171411,2.380701,2025-07,4,UK SRS 2026,DEFRA GHG Conversion Factors 2025,0.602,171.4105,0.0
PO-000751,PRD-00039,SUP-007,WH-003,72,27.51,1980.72,2025-08-01,2025-09-03,2025-09-04,33,SEA,51.77,True,DELIVERED,USBrands Inc,United States,INTERCONTINENTAL,Premium Scented Candle Set,SGF,A,43.03,36.1,United States,6800.0,0.016,0.051770000000000004,5.6326,0.005633,0.078231,2025-09,4,UK SRS 2026,DEFRA GHG Conversion Factors 2025,0.602,211.9257,206.2931
PO-000752,PRD-00039,SUP-007,WH-003,72,27.48,1978.56,2025-09-03,2025-09-22,2025-09-22,19,AIR,51.77,False,DELIVERED,USBrands Inc,United States,INTERCONTINENTAL,Premium Scented Candle Set,SGF,A,43.03,36.1,United States,5500.0,0.602,0.051770000000000004,171.4105,0.171411,2.380701,2025-09,4,UK SRS 2026,DEFRA GHG Conversion Factors 2025,0.602,171.4105,0.0
PO-000753,PRD-00039,SUP-007,WH-003,72,27.68,1992.96,2025-09-30,2025-10-22,2025-10-24,22,AIR,51.77,False,DELIVERED,USBrands Inc,United States,INTERCONTINENTAL,Premium Scented Candle Set,SGF,A,43.03,36.1,United States,5500.0,0.602,0.051770000000000004,171.4105,0.171411,2.380701,2025-10,4,UK SRS 2026,DEFRA GHG Conversion Factors 2025,0.602,171.4105,0.0
PO-000754,PRD-00039,SUP-007,WH-001,72,26.57,1913.04,2025-10-28,2025-11-14,2025-11-17,17,AIR,51.77,False,DELIVERED,USBrands Inc,United States,INTERCONTINENTAL,Premium Scented Candle Set,SGF,A,43.03,36.1,United States,5500.0,0.602,0.051770000000000004,171.4105,0.171411,2.380701,2025-11,4,UK SRS 2026,DEFRA GHG Conversion Factors 2025,0.602,171.4105,0.0
PO-000755,PRD-00039,SUP-007,WH-001,96,27.26,2616.96,2025-11-30,2025-12-27,2025-12-26,27,SEA,69.02,True,DELIVERED,USBrands Inc,United States,INTERCONTINENTAL,Premium Scented Candle Set,SGF,A,43.03,36.1,United States,6800.0,0.016,0.06902,7.5094,0.007509,0.078223,2025-12,4,UK SRS 2026,DEFRA GHG Conversion Factors 2025,0.602,282.5403,275.0309
PO-000756,PRD-00040,SUP-006,WH-002,144,6.37,917.28,2024-01-10,2024-01-23,2024-01-23,13,ROAD,159.12,False,DELIVERED,MedTrade SRL,Italy,EUROPEAN,Artisan Chocolate Selection Box,SGF,A,13.73,53.7,Italy,1800.0,0.1,0.15912,28.6416,0.028642,0.1989,2024-01,4,UK SRS 2026,DEFRA GHG Conversion Factors 2025,0.602,172.4224,143.7808
PO-000757,PRD-00040,SUP-006,WH-002,168,6.55,1100.4,2024-02-08,2024-02-20,2024-02-19,12,ROAD,185.64,False,DELIVERED,MedTrade SRL,Italy,EUROPEAN,Artisan Chocolate Selection Box,SGF,A,13.73,53.7,Italy,1800.0,0.1,0.18564,33.4152,0.033415,0.1989,2024-02,4,UK SRS 2026,DEFRA GHG Conversion Factors 2025,0.602,201.1595,167.7443
PO-000758,PRD-00040,SUP-006,WH-002,168,6.4,1075.2,2024-03-07,2024-03-17,2024-03-17,10,ROAD,185.64,False,DELIVERED,MedTrade SRL,Italy,EUROPEAN,Artisan Chocolate Selection Box,SGF,A,13.73,53.7,Italy,1800.0,0.1,0.18564,33.4152,0.033415,0.1989,2024-03,4,UK SRS 2026,DEFRA GHG Conversion Factors 2025,0.602,201.1595,167.7443
PO-000759,PRD-00040,SUP-006,WH-001,192,6.33,1215.36,2024-04-08,2024-04-20,2024-04-20,12,ROAD,212.16,False,DELIVERED,MedTrade SRL,Italy,EUROPEAN,Artisan Chocolate Selection Box,SGF,A,13.73,53.7,Italy,1800.0,0.1,0.21216,38.1888,0.038189,0.1989,2024-04,4,UK SRS 2026,DEFRA GHG Conversion Factors 2025,0.602,229.8966,191.7078
PO-000760,PRD-00040,SUP-006,WH-001,192,6.39,1226.88,2024-05-03,2024-05-13,2024-05-16,10,ROAD,212.16,False,DELIVERED,MedTrade SRL,Italy,EUROPEAN,Artisan Chocolate Selection Box,SGF,A,13.73,53.7,Italy,1800.0,0.1,0.21216,38.1888,0.038189,0.1989,2024-05,4,UK SRS 2026,DEFRA GHG Conversion Factors 2025,0.602,229.8966,191.7078
PO-000761,PRD-00040,SUP-006,WH-003,216,6.23,1345.68,2024-06-02,2024-06-16,2024-06-19,14,ROAD,238.68,False,DELIVERED,MedTrade SRL,Italy,EUROPEAN,Artisan Chocolate Selection Box,SGF,A,13.73,53.7,Italy,1800.0,0.1,0.23868,42.9624,0.042962,0.1989,2024-06,4,UK SRS 2026,DEFRA GHG Conversion Factors 2025,0.602,258.6336,215.6712
PO-000762,PRD-00040,SUP-006,WH-001,216,6.36,1373.76,2024-07-06,2024-07-20,2024-07-22,14,ROAD,238.68,False,DELIVERED,MedTrade SRL,Italy,EUROPEAN,Artisan Chocolate Selection Box,SGF,A,13.73,53.7,Italy,1800.0,0.1,0.23868,42.9624,0.042962,0.1989,2024-07,4,UK SRS 2026,DEFRA GHG Conversion Factors 2025,0.602,258.6336,215.6712
PO-000763,PRD-00040,SUP-006,WH-001,216,6.32,1365.12,2024-08-09,2024-08-22,2024-08-23,13,ROAD,238.68,False,DELIVERED,MedTrade SRL,Italy,EUROPEAN,Artisan Chocolate Selection Box,SGF,A,13.73,53.7,Italy,1800.0,0.1,0.23868,42.9624,0.042962,0.1989,2024-08,4,UK SRS 2026,DEFRA GHG Conversion Factors 2025,0.602,258.6336,215.6712
PO-000764,PRD-00040,SUP-006,WH-002,192,6.75,1296.0,2024-09-03,2024-09-13,2024-09-14,10,ROAD,212.16,False,DELIVERED,MedTrade SRL,Italy,EUROPEAN,Artisan Chocolate Selection Box,SGF,A,13.73,53.7,Italy,1800.0,0.1,0.21216,38.1888,0.038189,0.1989,2024-09,4,UK SRS 2026,DEFRA GHG Conversion Factors 2025,0.602,229.8966,191.7078
PO-000765,PRD-00040,SUP-006,WH-001,192,6.27,1203.84,2024-09-30,2024-10-17,2024-10-16,17,ROAD,212.16,False,DELIVERED,MedTrade SRL,Italy,EUROPEAN,Artisan Chocolate Selection Box,SGF,A,13.73,53.7,Italy,1800.0,0.1,0.21216,38.1888,0.038189,0.1989,2024-10,4,UK SRS 2026,DEFRA GHG Conversion Factors 2025,0.602,229.8966,191.7078
PO-000766,PRD-00040,SUP-006,WH-003,216,6.55,1414.8,2024-10-26,2024-11-05,2024-11-07,10,ROAD,238.68,False,DELIVERED,MedTrade SRL,Italy,EUROPEAN,Artisan Chocolate Selection Box,SGF,A,13.73,53.7,Italy,1800.0,0.1,0.23868,42.9624,0.042962,0.1989,2024-11,4,UK SRS 2026,DEFRA GHG Conversion Factors 2025,0.602,258.6336,215.6712
PO-000767,PRD-00040,SUP-006,WH-002,264,6.22,1642.08,2024-11-22,2024-12-06,2024-12-07,14,ROAD,291.72,False,DELIVERED,MedTrade SRL,Italy,EUROPEAN,Artisan Chocolate Selection Box,SGF,A,13.73,53.7,Italy,1800.0,0.1,0.29172000000000003,52.5096,0.05251,0.1989,2024-12,4,UK SRS 2026,DEFRA GHG Conversion Factors 2025,0.602,316.1078,263.5982
PO-000768,PRD-00040,SUP-006,WH-002,288,6.31,1817.28,2024-12-17,2024-12-29,2024-12-30,12,ROAD,318.24,False,DELIVERED,MedTrade SRL,Italy,EUROPEAN,Artisan Chocolate Selection Box,SGF,A,13.73,53.7,Italy,1800.0,0.1,0.31824,57.2832,0.057283,0.1989,2024-12,4,UK SRS 2026,DEFRA GHG Conversion Factors 2025,0.602,344.8449,287.5617
PO-000769,PRD-00040,SUP-006,WH-001,144,6.39,920.16,2025-01-18,2025-02-01,2025-02-03,14,ROAD,159.12,False,DELIVERED,MedTrade SRL,Italy,EUROPEAN,Artisan Chocolate Selection Box,SGF,A,13.73,53.7,Italy,1800.0,0.1,0.15912,28.6416,0.028642,0.1989,2025-02,4,UK SRS 2026,DEFRA GHG Conversion Factors 2025,0.602,172.4224,143.7808
PO-000770,PRD-00040,SUP-006,WH-003,168,6.36,1068.48,2025-02-13,2025-02-23,2025-02-22,10,ROAD,185.64,False,DELIVERED,MedTrade SRL,Italy,EUROPEAN,Artisan Chocolate Selection Box,SGF,A,13.73,53.7,Italy,1800.0,0.1,0.18564,33.4152,0.033415,0.1989,2025-02,4,UK SRS 2026,DEFRA GHG Conversion Factors 2025,0.602,201.1595,167.7443
PO-000771,PRD-00040,SUP-006,WH-003,168,6.41,1076.88,2025-03-11,2025-03-21,2025-03-23,10,ROAD,185.64,False,DELIVERED,MedTrade SRL,Italy,EUROPEAN,Artisan Chocolate Selection Box,SGF,A,13.73,53.7,Italy,1800.0,0.1,0.18564,33.4152,0.033415,0.1989,2025-03,4,UK SRS 2026,DEFRA GHG Conversion Factors 2025,0.602,201.1595,167.7443
PO-000772,PRD-00040,SUP-006,WH-003,192,6.3,1209.6,2025-04-09,2025-04-21,2025-04-22,12,ROAD,212.16,False,DELIVERED,MedTrade SRL,Italy,EUROPEAN,Artisan Chocolate Selection Box,SGF,A,13.73,53.7,Italy,1800.0,0.1,0.21216,38.1888,0.038189,0.1989,2025-04,4,UK SRS 2026,DEFRA GHG Conversion Factors 2025,0.602,229.8966,191.7078
PO-000773,PRD-00040,SUP-006,WH-003,192,6.32,1213.44,2025-05-14,2025-05-27,2025-05-28,13,ROAD,212.16,False,DELIVERED,MedTrade SRL,Italy,EUROPEAN,Artisan Chocolate Selection Box,SGF,A,13.73,53.7,Italy,1800.0,0.1,0.21216,38.1888,0.038189,0.1989,2025-05,4,UK SRS 2026,DEFRA GHG Conversion Factors 2025,0.602,229.8966,191.7078
PO-000774,PRD-00040,SUP-006,WH-001,216,6.42,1386.72,2025-06-09,2025-06-21,2025-06-23,12,ROAD,238.68,False,DELIVERED,MedTrade SRL,Italy,EUROPEAN,Artisan Chocolate Selection Box,SGF,A,13.73,53.7,Italy,1800.0,0.1,0.23868,42.9624,0.042962,0.1989,2025-06,4,UK SRS 2026,DEFRA GHG Conversion Factors 2025,0.602,258.6336,215.6712
PO-000775,PRD-00040,SUP-006,WH-001,216,6.45,1393.2,2025-07-12,2025-07-25,2025-07-26,13,ROAD,238.68,False,DELIVERED,MedTrade SRL,Italy,EUROPEAN,Artisan Chocolate Selection Box,SGF,A,13.73,53.7,Italy,1800.0,0.1,0.23868,42.9624,0.042962,0.1989,2025-07,4,UK SRS 2026,DEFRA GHG Conversion Factors 2025,0.602,258.6336,215.6712
PO-000776,PRD-00040,SUP-006,WH-002,216,6.38,1378.08,2025-08-15,2025-08-31,2025-09-03,16,ROAD,238.68,False,DELIVERED,MedTrade SRL,Italy,EUROPEAN,Artisan Chocolate Selection Box,SGF,A,13.73,53.7,Italy,1800.0,0.1,0.23868,42.9624,0.042962,0.1989,2025-09,4,UK SRS 2026,DEFRA GHG Conversion Factors 2025,0.602,258.6336,215.6712
PO-000777,PRD-00040,SUP-006,WH-002,192,6.44,1236.48,2025-09-12,2025-09-22,2025-09-25,10,ROAD,212.16,False,DELIVERED,MedTrade SRL,Italy,EUROPEAN,Artisan Chocolate Selection Box,SGF,A,13.73,53.7,Italy,1800.0,0.1,0.21216,38.1888,0.038189,0.1989,2025-09,4,UK SRS 2026,DEFRA GHG Conversion Factors 2025,0.602,229.8966,191.7078
PO-000778,PRD-00040,SUP-006,WH-003,216,6.42,1386.72,2025-10-16,2025-11-01,2025-10-31,16,ROAD,238.68,False,DELIVERED,MedTrade SRL,Italy,EUROPEAN,Artisan Chocolate Selection Box,SGF,A,13.73,53.7,Italy,1800.0,0.1,0.23868,42.9624,0.042962,0.1989,2025-10,4,UK SRS 2026,DEFRA GHG Conversion Factors 2025,0.602,258.6336,215.6712
PO-000779,PRD-00040,SUP-006,WH-002,264,6.38,1684.32,2025-11-10,2025-11-20,2025-11-19,10,ROAD,291.72,False,DELIVERED,MedTrade SRL,Italy,EUROPEAN,Artisan Chocolate Selection Box,SGF,A,13.73,53.7,Italy,1800.0,0.1,0.29172000000000003,52.5096,0.05251,0.1989,2025-11,4,UK SRS 2026,DEFRA GHG Conversion Factors 2025,0.602,316.1078,263.5982
PO-000780,PRD-00040,SUP-006,WH-003,288,6.33,1823.04,2025-12-12,2025-12-24,2025-12-27,12,ROAD,318.24,False,DELIVERED,MedTrade SRL,Italy,EUROPEAN,Artisan Chocolate Selection Box,SGF,A,13.73,53.7,Italy,1800.0,0.1,0.31824,57.2832,0.057283,0.1989,2025-12,4,UK SRS 2026,DEFRA GHG Conversion Factors 2025,0.602,344.8449,287.5617
PO-000781,PRD-00041,SUP-004,WH-002,48,17.89,858.72,2024-01-05,2024-02-02,2024-02-01,28,SEA,13.92,False,DELIVERED,IndiaManufact Pvt,India,INTERCONTINENTAL,Spa Pamper Set,SGF,A,33.78,46.6,India,11000.0,0.016,0.01392,2.4499,0.00245,0.05104,2024-02,4,UK SRS 2026,DEFRA GHG Conversion Factors 2025,0.602,92.1782,89.7283
PO-000782,PRD-00041,SUP-004,WH-003,48,18.08,867.84,2024-02-08,2024-03-25,2024-03-26,46,SEA,13.92,False,DELIVERED,IndiaManufact Pvt,India,INTERCONTINENTAL,Spa Pamper Set,SGF,A,33.78,46.6,India,11000.0,0.016,0.01392,2.4499,0.00245,0.05104,2024-03,4,UK SRS 2026,DEFRA GHG Conversion Factors 2025,0.602,92.1782,89.7283
PO-000783,PRD-00041,SUP-004,WH-003,48,17.62,845.76,2024-03-07,2024-04-04,2024-04-03,28,SEA,13.92,False,DELIVERED,IndiaManufact Pvt,India,INTERCONTINENTAL,Spa Pamper Set,SGF,A,33.78,46.6,India,11000.0,0.016,0.01392,2.4499,0.00245,0.05104,2024-04,4,UK SRS 2026,DEFRA GHG Conversion Factors 2025,0.602,92.1782,89.7283
PO-000784,PRD-00041,SUP-004,WH-002,96,17.99,1727.04,2024-04-02,2024-04-24,2024-04-26,22,SEA,27.84,False,DELIVERED,IndiaManufact Pvt,India,INTERCONTINENTAL,Spa Pamper Set,SGF,A,33.78,46.6,India,11000.0,0.016,0.02784,4.8998,0.0049,0.05104,2024-04,4,UK SRS 2026,DEFRA GHG Conversion Factors 2025,0.602,184.3565,179.4567
PO-000785,PRD-00041,SUP-004,WH-002,96,18.5,1776.0,2024-04-29,2024-06-06,2024-06-07,38,AIR,27.84,True,DELIVERED,IndiaManufact Pvt,India,INTERCONTINENTAL,Spa Pamper Set,SGF,A,33.78,46.6,India,6700.0,0.602,0.02784,112.2899,0.11229,1.169686,2024-06,4,UK SRS 2026,DEFRA GHG Conversion Factors 2025,0.602,112.2899,0.0
PO-000786,PRD-00041,SUP-004,WH-001,96,17.76,1704.96,2024-06-01,2024-06-27,2024-06-26,26,SEA,27.84,False,DELIVERED,IndiaManufact Pvt,India,INTERCONTINENTAL,Spa Pamper Set,SGF,A,33.78,46.6,India,11000.0,0.016,0.02784,4.8998,0.0049,0.05104,2024-06,4,UK SRS 2026,DEFRA GHG Conversion Factors 2025,0.602,184.3565,179.4567
PO-000787,PRD-00041,SUP-004,WH-001,96,17.71,1700.16,2024-06-30,2024-08-07,2024-08-08,38,SEA,27.84,False,DELIVERED,IndiaManufact Pvt,India,INTERCONTINENTAL,Spa Pamper Set,SGF,A,33.78,46.6,India,11000.0,0.016,0.02784,4.8998,0.0049,0.05104,2024-08,4,UK SRS 2026,DEFRA GHG Conversion Factors 2025,0.602,184.3565,179.4567
PO-000788,PRD-00041,SUP-004,WH-001,96,18.57,1782.72,2024-07-30,2024-09-05,2024-09-07,37,SEA,27.84,False,DELIVERED,IndiaManufact Pvt,India,INTERCONTINENTAL,Spa Pamper Set,SGF,A,33.78,46.6,India,11000.0,0.016,0.02784,4.8998,0.0049,0.05104,2024-09,4,UK SRS 2026,DEFRA GHG Conversion Factors 2025,0.602,184.3565,179.4567
PO-000789,PRD-00041,SUP-004,WH-002,96,17.96,1724.16,2024-08-29,2024-09-23,2024-09-25,25,SEA,27.84,False,DELIVERED,IndiaManufact Pvt,India,INTERCONTINENTAL,Spa Pamper Set,SGF,A,33.78,46.6,India,11000.0,0.016,0.02784,4.8998,0.0049,0.05104,2024-09,4,UK SRS 2026,DEFRA GHG Conversion Factors 2025,0.602,184.3565,179.4567
PO-000790,PRD-00041,SUP-004,WH-001,96,17.77,1705.92,2024-09-29,2024-10-19,2024-10-18,20,SEA,27.84,False,DELIVERED,IndiaManufact Pvt,India,INTERCONTINENTAL,Spa Pamper Set,SGF,A,33.78,46.6,India,11000.0,0.016,0.02784,4.8998,0.0049,0.05104,2024-10,4,UK SRS 2026,DEFRA GHG Conversion Factors 2025,0.602,184.3565,179.4567
PO-000791,PRD-00041,SUP-004,WH-003,96,17.76,1704.96,2024-10-25,2024-11-14,2024-11-13,20,SEA,27.84,False,DELIVERED,IndiaManufact Pvt,India,INTERCONTINENTAL,Spa Pamper Set,SGF,A,33.78,46.6,India,11000.0,0.016,0.02784,4.8998,0.0049,0.05104,2024-11,4,UK SRS 2026,DEFRA GHG Conversion Factors 2025,0.602,184.3565,179.4567
PO-000792,PRD-00041,SUP-004,WH-001,96,17.75,1704.0,2024-11-26,2024-12-16,2024-12-16,20,SEA,27.84,False,DELIVERED,IndiaManufact Pvt,India,INTERCONTINENTAL,Spa Pamper Set,SGF,A,33.78,46.6,India,11000.0,0.016,0.02784,4.8998,0.0049,0.05104,2024-12,4,UK SRS 2026,DEFRA GHG Conversion Factors 2025,0.602,184.3565,179.4567
PO-000793,PRD-00041,SUP-004,WH-003,96,17.66,1695.36,2024-12-28,2025-01-25,2025-01-24,28,SEA,27.84,False,DELIVERED,IndiaManufact Pvt,India,INTERCONTINENTAL,Spa Pamper Set,SGF,A,33.78,46.6,India,11000.0,0.016,0.02784,4.8998,0.0049,0.05104,2025-01,4,UK SRS 2026,DEFRA GHG Conversion Factors 2025,0.602,184.3565,179.4567
PO-000794,PRD-00041,SUP-004,WH-003,48,18.57,891.36,2025-02-01,2025-03-03,2025-03-05,30,SEA,13.92,False,DELIVERED,IndiaManufact Pvt,India,INTERCONTINENTAL,Spa Pamper Set,SGF,A,33.78,46.6,India,11000.0,0.016,0.01392,2.4499,0.00245,0.05104,2025-03,4,UK SRS 2026,DEFRA GHG Conversion Factors 2025,0.602,92.1782,89.7283
PO-000795,PRD-00041,SUP-004,WH-001,48,18.26,876.48,2025-02-27,2025-04-11,2025-04-13,43,SEA,13.92,False,DELIVERED,IndiaManufact Pvt,India,INTERCONTINENTAL,Spa Pamper Set,SGF,A,33.78,46.6,India,11000.0,0.016,0.01392,2.4499,0.00245,0.05104,2025-04,4,UK SRS 2026,DEFRA GHG Conversion Factors 2025,0.602,92.1782,89.7283
PO-000796,PRD-00041,SUP-004,WH-003,48,18.45,885.6,2025-03-31,2025-04-20,2025-04-21,20,SEA,13.92,False,DELIVERED,IndiaManufact Pvt,India,INTERCONTINENTAL,Spa Pamper Set,SGF,A,33.78,46.6,India,11000.0,0.016,0.01392,2.4499,0.00245,0.05104,2025-04,4,UK SRS 2026,DEFRA GHG Conversion Factors 2025,0.602,92.1782,89.7283
PO-000797,PRD-00041,SUP-004,WH-003,96,17.78,1706.88,2025-04-30,2025-05-28,2025-05-29,28,SEA,27.84,False,DELIVERED,IndiaManufact Pvt,India,INTERCONTINENTAL,Spa Pamper Set,SGF,A,33.78,46.6,India,11000.0,0.016,0.02784,4.8998,0.0049,0.05104,2025-05,4,UK SRS 2026,DEFRA GHG Conversion Factors 2025,0.602,184.3565,179.4567
PO-000798,PRD-00041,SUP-004,WH-003,96,18.15,1742.4,2025-05-25,2025-06-18,2025-06-18,24,SEA,27.84,False,DELIVERED,IndiaManufact Pvt,India,INTERCONTINENTAL,Spa Pamper Set,SGF,A,33.78,46.6,India,11000.0,0.016,0.02784,4.8998,0.0049,0.05104,2025-06,4,UK SRS 2026,DEFRA GHG Conversion Factors 2025,0.602,184.3565,179.4567
PO-000799,PRD-00041,SUP-004,WH-001,96,17.87,1715.52,2025-06-22,2025-07-20,2025-07-19,28,SEA,27.84,False,DELIVERED,IndiaManufact Pvt,India,INTERCONTINENTAL,Spa Pamper Set,SGF,A,33.78,46.6,India,11000.0,0.016,0.02784,4.8998,0.0049,0.05104,2025-07,4,UK SRS 2026,DEFRA GHG Conversion Factors 2025,0.602,184.3565,179.4567
PO-000800,PRD-00041,SUP-004,WH-003,96,18.19,1746.24,2025-07-26,2025-08-15,2025-08-14,20,SEA,27.84,False,DELIVERED,IndiaManufact Pvt,India,INTERCONTINENTAL,Spa Pamper Set,SGF,A,33.78,46.6,India,11000.0,0.016,0.02784,4.8998,0.0049,0.05104,2025-08,4,UK SRS 2026,DEFRA GHG Conversion Factors 2025,0.602,184.3565,179.4567
PO-000801,PRD-00041,SUP-004,WH-001,96,18.06,1733.76,2025-08-30,2025-10-01,2025-10-02,32,SEA,27.84,False,DELIVERED,IndiaManufact Pvt,India,INTERCONTINENTAL,Spa Pamper Set,SGF,A,33.78,46.6,India,11000.0,0.016,0.02784,4.8998,0.0049,0.05104,2025-10,4,UK SRS 2026,DEFRA GHG Conversion Factors 2025,0.602,184.3565,179.4567
PO-000802,PRD-00041,SUP-004,WH-002,96,17.78,1706.88,2025-10-04,2025-11-03,2025-11-06,30,SEA,27.84,False,DELIVERED,IndiaManufact Pvt,India,INTERCONTINENTAL,Spa Pamper Set,SGF,A,33.78,46.6,India,11000.0,0.016,0.02784,4.8998,0.0049,0.05104,2025-11,4,UK SRS 2026,DEFRA GHG Conversion Factors 2025,0.602,184.3565,179.4567
PO-000803,PRD-00041,SUP-004,WH-002,96,17.92,1720.32,2025-11-08,2025-12-05,2025-12-04,27,SEA,27.84,False,DELIVERED,IndiaManufact Pvt,India,INTERCONTINENTAL,Spa Pamper Set,SGF,A,33.78,46.6,India,11000.0,0.016,0.02784,4.8998,0.0049,0.05104,2025-12,4,UK SRS 2026,DEFRA GHG Conversion Factors 2025,0.602,184.3565,179.4567
PO-000804,PRD-00041,SUP-004,WH-001,96,18.28,1754.88,2025-12-09,2025-12-29,2025-12-28,20,SEA,27.84,False,DELIVERED,IndiaManufact Pvt,India,INTERCONTINENTAL,Spa Pamper Set,SGF,A,33.78,46.6,India,11000.0,0.016,0.02784,4.8998,0.0049,0.05104,2025-12,4,UK SRS 2026,DEFRA GHG Conversion Factors 2025,0.602,184.3565,179.4567
PO-000805,PRD-00042,SUP-006,WH-003,48,20.29,973.92,2024-01-27,2024-02-09,2024-02-11,13,ROAD,62.69,False,DELIVERED,MedTrade SRL,Italy,EUROPEAN,Aromatherapy Diffuser Kit,SGF,A,43.03,52.7,Italy,1800.0,0.1,0.06269,11.2842,0.011284,0.235088,2024-02,4,UK SRS 2026,DEFRA GHG Conversion Factors 2025,0.602,67.9309,56.6467
PO-000806,PRD-00042,SUP-006,WH-003,48,19.98,959.04,2024-02-26,2024-03-10,2024-03-12,13,ROAD,62.69,False,DELIVERED,MedTrade SRL,Italy,EUROPEAN,Aromatherapy Diffuser Kit,SGF,A,43.03,52.7,Italy,1800.0,0.1,0.06269,11.2842,0.011284,0.235088,2024-03,4,UK SRS 2026,DEFRA GHG Conversion Factors 2025,0.602,67.9309,56.6467
PO-000807,PRD-00042,SUP-006,WH-003,60,20.08,1204.8,2024-04-01,2024-04-11,2024-04-14,10,ROAD,78.36,False,DELIVERED,MedTrade SRL,Italy,EUROPEAN,Aromatherapy Diffuser Kit,SGF,A,43.03,52.7,Italy,1800.0,0.1,0.07836,14.1048,0.014105,0.23508,2024-04,4,UK SRS 2026,DEFRA GHG Conversion Factors 2025,0.602,84.9109,70.8061
PO-000808,PRD-00042,SUP-006,WH-003,60,20.74,1244.4,2024-05-01,2024-05-16,2024-05-18,15,ROAD,78.36,False,DELIVERED,MedTrade SRL,Italy,EUROPEAN,Aromatherapy Diffuser Kit,SGF,A,43.03,52.7,Italy,1800.0,0.1,0.07836,14.1048,0.014105,0.23508,2024-05,4,UK SRS 2026,DEFRA GHG Conversion Factors 2025,0.602,84.9109,70.8061
PO-000809,PRD-00042,SUP-006,WH-001,60,19.72,1183.2,2024-05-30,2024-06-12,2024-06-12,13,ROAD,78.36,False,DELIVERED,MedTrade SRL,Italy,EUROPEAN,Aromatherapy Diffuser Kit,SGF,A,43.03,52.7,Italy,1800.0,0.1,0.07836,14.1048,0.014105,0.23508,2024-06,4,UK SRS 2026,DEFRA GHG Conversion Factors 2025,0.602,84.9109,70.8061
PO-000810,PRD-00042,SUP-006,WH-002,60,20.36,1221.6,2024-06-25,2024-07-06,2024-07-08,11,ROAD,78.36,False,DELIVERED,MedTrade SRL,Italy,EUROPEAN,Aromatherapy Diffuser Kit,SGF,A,43.03,52.7,Italy,1800.0,0.1,0.07836,14.1048,0.014105,0.23508,2024-07,4,UK SRS 2026,DEFRA GHG Conversion Factors 2025,0.602,84.9109,70.8061
PO-000811,PRD-00042,SUP-006,WH-002,72,20.42,1470.24,2024-07-22,2024-08-04,2024-08-05,13,ROAD,94.03,False,DELIVERED,MedTrade SRL,Italy,EUROPEAN,Aromatherapy Diffuser Kit,SGF,A,43.03,52.7,Italy,1800.0,0.1,0.09403,16.9254,0.016925,0.235075,2024-08,4,UK SRS 2026,DEFRA GHG Conversion Factors 2025,0.602,101.8909,84.9655
PO-000812,PRD-00042,SUP-006,WH-003,60,20.22,1213.2,2024-08-21,2024-09-05,2024-09-04,15,ROAD,78.36,False,DELIVERED,MedTrade SRL,Italy,EUROPEAN,Aromatherapy Diffuser Kit,SGF,A,43.03,52.7,Italy,1800.0,0.1,0.07836,14.1048,0.014105,0.23508,2024-09,4,UK SRS 2026,DEFRA GHG Conversion Factors 2025,0.602,84.9109,70.8061
PO-000813,PRD-00042,SUP-006,WH-001,60,19.76,1185.6,2024-09-15,2024-10-03,2024-10-06,18,ROAD,78.36,False,DELIVERED,MedTrade SRL,Italy,EUROPEAN,Aromatherapy Diffuser Kit,SGF,A,43.03,52.7,Italy,1800.0,0.1,0.07836,14.1048,0.014105,0.23508,2024-10,4,UK SRS 2026,DEFRA GHG Conversion Factors 2025,0.602,84.9109,70.8061
PO-000814,PRD-00042,SUP-006,WH-002,72,21.02,1513.44,2024-10-10,2024-10-20,2024-10-21,10,ROAD,94.03,False,DELIVERED,MedTrade SRL,Italy,EUROPEAN,Aromatherapy Diffuser Kit,SGF,A,43.03,52.7,Italy,1800.0,0.1,0.09403,16.9254,0.016925,0.235075,2024-10,4,UK SRS 2026,DEFRA GHG Conversion Factors 2025,0.602,101.8909,84.9655
PO-000815,PRD-00042,SUP-006,WH-001,84,19.58,1644.72,2024-11-08,2024-11-21,2024-11-22,13,ROAD,109.7,False,DELIVERED,MedTrade SRL,Italy,EUROPEAN,Aromatherapy Diffuser Kit,SGF,A,43.03,52.7,Italy,1800.0,0.1,0.1097,19.746,0.019746,0.235071,2024-11,4,UK SRS 2026,DEFRA GHG Conversion Factors 2025,0.602,118.8709,99.1249
PO-000816,PRD-00042,SUP-006,WH-002,96,20.95,2011.2,2024-12-12,2024-12-26,2024-12-28,14,ROAD,125.38,False,DELIVERED,MedTrade SRL,Italy,EUROPEAN,Aromatherapy Diffuser Kit,SGF,A,43.03,52.7,Italy,1800.0,0.1,0.12538,22.5684,0.022568,0.235088,2024-12,4,UK SRS 2026,DEFRA GHG Conversion Factors 2025,0.602,135.8618,113.2934
PO-000817,PRD-00042,SUP-006,WH-001,48,21.02,1008.96,2025-01-06,2025-01-18,2025-01-20,12,ROAD,62.69,False,DELIVERED,MedTrade SRL,Italy,EUROPEAN,Aromatherapy Diffuser Kit,SGF,A,43.03,52.7,Italy,1800.0,0.1,0.06269,11.2842,0.011284,0.235088,2025-01,4,UK SRS 2026,DEFRA GHG Conversion Factors 2025,0.602,67.9309,56.6467
PO-000818,PRD-00042,SUP-006,WH-002,48,20.09,964.32,2025-02-09,2025-02-22,2025-02-21,13,ROAD,62.69,False,DELIVERED,MedTrade SRL,Italy,EUROPEAN,Aromatherapy Diffuser Kit,SGF,A,43.03,52.7,Italy,1800.0,0.1,0.06269,11.2842,0.011284,0.235088,2025-02,4,UK SRS 2026,DEFRA GHG Conversion Factors 2025,0.602,67.9309,56.6467
PO-000819,PRD-00042,SUP-006,WH-003,60,20.24,1214.4,2025-03-07,2025-03-21,2025-03-21,14,ROAD,78.36,False,DELIVERED,MedTrade SRL,Italy,EUROPEAN,Aromatherapy Diffuser Kit,SGF,A,43.03,52.7,Italy,1800.0,0.1,0.07836,14.1048,0.014105,0.23508,2025-03,4,UK SRS 2026,DEFRA GHG Conversion Factors 2025,0.602,84.9109,70.8061
PO-000820,PRD-00042,SUP-006,WH-002,60,20.41,1224.6,2025-04-02,2025-04-13,2025-04-15,11,ROAD,78.36,False,DELIVERED,MedTrade SRL,Italy,EUROPEAN,Aromatherapy Diffuser Kit,SGF,A,43.03,52.7,Italy,1800.0,0.1,0.07836,14.1048,0.014105,0.23508,2025-04,4,UK SRS 2026,DEFRA GHG Conversion Factors 2025,0.602,84.9109,70.8061
PO-000821,PRD-00042,SUP-006,WH-003,60,20.32,1219.2,2025-04-28,2025-05-15,2025-05-16,17,ROAD,78.36,False,DELIVERED,MedTrade SRL,Italy,EUROPEAN,Aromatherapy Diffuser Kit,SGF,A,43.03,52.7,Italy,1800.0,0.1,0.07836,14.1048,0.014105,0.23508,2025-05,4,UK SRS 2026,DEFRA GHG Conversion Factors 2025,0.602,84.9109,70.8061
PO-000822,PRD-00042,SUP-006,WH-001,60,20.19,1211.4,2025-05-23,2025-06-02,2025-06-01,10,ROAD,78.36,False,DELIVERED,MedTrade SRL,Italy,EUROPEAN,Aromatherapy Diffuser Kit,SGF,A,43.03,52.7,Italy,1800.0,0.1,0.07836,14.1048,0.014105,0.23508,2025-06,4,UK SRS 2026,DEFRA GHG Conversion Factors 2025,0.602,84.9109,70.8061
PO-000823,PRD-00042,SUP-006,WH-003,60,20.23,1213.8,2025-06-19,2025-07-01,2025-07-04,12,ROAD,78.36,False,DELIVERED,MedTrade SRL,Italy,EUROPEAN,Aromatherapy Diffuser Kit,SGF,A,43.03,52.7,Italy,1800.0,0.1,0.07836,14.1048,0.014105,0.23508,2025-07,4,UK SRS 2026,DEFRA GHG Conversion Factors 2025,0.602,84.9109,70.8061
PO-000824,PRD-00042,SUP-006,WH-002,72,20.12,1448.64,2025-07-14,2025-07-25,2025-07-26,11,ROAD,94.03,False,DELIVERED,MedTrade SRL,Italy,EUROPEAN,Aromatherapy Diffuser Kit,SGF,A,43.03,52.7,Italy,1800.0,0.1,0.09403,16.9254,0.016925,0.235075,2025-07,4,UK SRS 2026,DEFRA GHG Conversion Factors 2025,0.602,101.8909,84.9655
PO-000825,PRD-00042,SUP-006,WH-001,60,20.29,1217.4,2025-08-18,2025-08-29,2025-08-28,11,ROAD,78.36,False,DELIVERED,MedTrade SRL,Italy,EUROPEAN,Aromatherapy Diffuser Kit,SGF,A,43.03,52.7,Italy,1800.0,0.1,0.07836,14.1048,0.014105,0.23508,2025-08,4,UK SRS 2026,DEFRA GHG Conversion Factors 2025,0.602,84.9109,70.8061
PO-000826,PRD-00042,SUP-006,WH-002,60,20.89,1253.4,2025-09-18,2025-10-01,2025-10-02,13,ROAD,78.36,False,DELIVERED,MedTrade SRL,Italy,EUROPEAN,Aromatherapy Diffuser Kit,SGF,A,43.03,52.7,Italy,1800.0,0.1,0.07836,14.1048,0.014105,0.23508,2025-10,4,UK SRS 2026,DEFRA GHG Conversion Factors 2025,0.602,84.9109,70.8061
PO-000827,PRD-00042,SUP-006,WH-003,72,20.67,1488.24,2025-10-17,2025-10-30,2025-10-30,13,ROAD,94.03,False,DELIVERED,MedTrade SRL,Italy,EUROPEAN,Aromatherapy Diffuser Kit,SGF,A,43.03,52.7,Italy,1800.0,0.1,0.09403,16.9254,0.016925,0.235075,2025-10,4,UK SRS 2026,DEFRA GHG Conversion Factors 2025,0.602,101.8909,84.9655
PO-000828,PRD-00042,SUP-006,WH-003,84,20.3,1705.2,2025-11-17,2025-11-29,2025-11-30,12,ROAD,109.7,False,DELIVERED,MedTrade SRL,Italy,EUROPEAN,Aromatherapy Diffuser Kit,SGF,A,43.03,52.7,Italy,1800.0,0.1,0.1097,19.746,0.019746,0.235071,2025-11,4,UK SRS 2026,DEFRA GHG Conversion Factors 2025,0.602,118.8709,99.1249
PO-000830,PRD-00043,SUP-007,WH-003,100,9.87,987.0,2024-01-02,2024-01-20,2024-01-22,18,AIR,80.6,False,DELIVERED,USBrands Inc,United States,INTERCONTINENTAL,Premium Notebook and Pen Set,SGF,A,17.18,41.8,United States,5500.0,0.602,0.08059999999999999,266.8666,0.266867,2.668666,2024-01,4,UK SRS 2026,DEFRA GHG Conversion Factors 2025,0.602,266.8666,0.0
PO-000831,PRD-00043,SUP-007,WH-002,100,10.0,1000.0,2024-01-28,2024-02-15,2024-02-17,18,AIR,80.6,False,DELIVERED,USBrands Inc,United States,INTERCONTINENTAL,Premium Notebook and Pen Set,SGF,A,17.18,41.8,United States,5500.0,0.602,0.08059999999999999,266.8666,0.266867,2.668666,2024-02,4,UK SRS 2026,DEFRA GHG Conversion Factors 2025,0.602,266.8666,0.0
PO-000832,PRD-00043,SUP-007,WH-002,100,10.26,1026.0,2024-02-22,2024-03-08,2024-03-08,15,AIR,80.6,False,DELIVERED,USBrands Inc,United States,INTERCONTINENTAL,Premium Notebook and Pen Set,SGF,A,17.18,41.8,United States,5500.0,0.602,0.08059999999999999,266.8666,0.266867,2.668666,2024-03,4,UK SRS 2026,DEFRA GHG Conversion Factors 2025,0.602,266.8666,0.0
PO-000833,PRD-00043,SUP-007,WH-001,100,9.78,978.0,2024-03-23,2024-04-09,2024-04-11,17,AIR,80.6,False,DELIVERED,USBrands Inc,United States,INTERCONTINENTAL,Premium Notebook and Pen Set,SGF,A,17.18,41.8,United States,5500.0,0.602,0.08059999999999999,266.8666,0.266867,2.668666,2024-04,4,UK SRS 2026,DEFRA GHG Conversion Factors 2025,0.602,266.8666,0.0
PO-000834,PRD-00043,SUP-007,WH-003,100,10.1,1010.0,2024-04-20,2024-05-04,2024-05-06,14,AIR,80.6,False,DELIVERED,USBrands Inc,United States,INTERCONTINENTAL,Premium Notebook and Pen Set,SGF,A,17.18,41.8,United States,5500.0,0.602,0.08059999999999999,266.8666,0.266867,2.668666,2024-05,4,UK SRS 2026,DEFRA GHG Conversion Factors 2025,0.602,266.8666,0.0
PO-000835,PRD-00043,SUP-007,WH-002,200,10.01,2002.0,2024-05-25,2024-06-11,2024-06-13,17,AIR,161.2,False,DELIVERED,USBrands Inc,United States,INTERCONTINENTAL,Premium Notebook and Pen Set,SGF,A,17.18,41.8,United States,5500.0,0.602,0.16119999999999998,533.7332,0.533733,2.668666,2024-06,4,UK SRS 2026,DEFRA GHG Conversion Factors 2025,0.602,533.7332,0.0
PO-000836,PRD-00043,SUP-007,WH-003,200,9.85,1970.0,2024-06-22,2024-07-15,2024-07-16,23,AIR,161.2,False,DELIVERED,USBrands Inc,United States,INTERCONTINENTAL,Premium Notebook and Pen Set,SGF,A,17.18,41.8,United States,5500.0,0.602,0.16119999999999998,533.7332,0.533733,2.668666,2024-07,4,UK SRS 2026,DEFRA GHG Conversion Factors 2025,0.602,533.7332,0.0
PO-000837,PRD-00043,SUP-007,WH-003,200,10.39,2078.0,2024-07-19,2024-08-06,2024-08-08,18,AIR,161.2,False,DELIVERED,USBrands Inc,United States,INTERCONTINENTAL,Premium Notebook and Pen Set,SGF,A,17.18,41.8,United States,5500.0,0.602,0.16119999999999998,533.7332,0.533733,2.668666,2024-08,4,UK SRS 2026,DEFRA GHG Conversion Factors 2025,0.602,533.7332,0.0
PO-000838,PRD-00043,SUP-007,WH-002,200,10.05,2010.0,2024-08-18,2024-09-09,2024-09-09,22,AIR,161.2,False,DELIVERED,USBrands Inc,United States,INTERCONTINENTAL,Premium Notebook and Pen Set,SGF,A,17.18,41.8,United States,5500.0,0.602,0.16119999999999998,533.7332,0.533733,2.668666,2024-09,4,UK SRS 2026,DEFRA GHG Conversion Factors 2025,0.602,533.7332,0.0
PO-000839,PRD-00043,SUP-007,WH-002,200,10.17,2034.0,2024-09-14,2024-10-03,2024-10-04,19,AIR,161.2,False,DELIVERED,USBrands Inc,United States,INTERCONTINENTAL,Premium Notebook and Pen Set,SGF,A,17.18,41.8,United States,5500.0,0.602,0.16119999999999998,533.7332,0.533733,2.668666,2024-10,4,UK SRS 2026,DEFRA GHG Conversion Factors 2025,0.602,533.7332,0.0
PO-000840,PRD-00043,SUP-007,WH-003,200,9.86,1972.0,2024-10-15,2024-11-12,2024-11-13,28,AIR,161.2,False,DELIVERED,USBrands Inc,United States,INTERCONTINENTAL,Premium Notebook and Pen Set,SGF,A,17.18,41.8,United States,5500.0,0.602,0.16119999999999998,533.7332,0.533733,2.668666,2024-11,4,UK SRS 2026,DEFRA GHG Conversion Factors 2025,0.602,533.7332,0.0
PO-000841,PRD-00043,SUP-007,WH-001,200,10.02,2004.0,2024-11-15,2024-12-06,2024-12-05,21,AIR,161.2,False,DELIVERED,USBrands Inc,United States,INTERCONTINENTAL,Premium Notebook and Pen Set,SGF,A,17.18,41.8,United States,5500.0,0.602,0.16119999999999998,533.7332,0.533733,2.668666,2024-12,4,UK SRS 2026,DEFRA GHG Conversion Factors 2025,0.602,533.7332,0.0
PO-000842,PRD-00043,SUP-007,WH-003,200,10.26,2052.0,2024-12-13,2025-01-01,2025-01-01,19,AIR,161.2,False,DELIVERED,USBrands Inc,United States,INTERCONTINENTAL,Premium Notebook and Pen Set,SGF,A,17.18,41.8,United States,5500.0,0.602,0.16119999999999998,533.7332,0.533733,2.668666,2025-01,4,UK SRS 2026,DEFRA GHG Conversion Factors 2025,0.602,533.7332,0.0
PO-000843,PRD-00043,SUP-007,WH-001,100,9.77,977.0,2025-01-16,2025-01-30,2025-01-29,14,AIR,80.6,False,DELIVERED,USBrands Inc,United States,INTERCONTINENTAL,Premium Notebook and Pen Set,SGF,A,17.18,41.8,United States,5500.0,0.602,0.08059999999999999,266.8666,0.266867,2.668666,2025-01,4,UK SRS 2026,DEFRA GHG Conversion Factors 2025,0.602,266.8666,0.0
PO-000844,PRD-00043,SUP-007,WH-003,100,10.15,1015.0,2025-02-11,2025-02-25,2025-02-26,14,AIR,80.6,False,DELIVERED,USBrands Inc,United States,INTERCONTINENTAL,Premium Notebook and Pen Set,SGF,A,17.18,41.8,United States,5500.0,0.602,0.08059999999999999,266.8666,0.266867,2.668666,2025-02,4,UK SRS 2026,DEFRA GHG Conversion Factors 2025,0.602,266.8666,0.0
PO-000845,PRD-00043,SUP-007,WH-001,100,9.93,993.0,2025-03-15,2025-04-14,2025-04-15,30,SEA,80.6,True,DELIVERED,USBrands Inc,United States,INTERCONTINENTAL,Premium Notebook and Pen Set,SGF,A,17.18,41.8,United States,6800.0,0.016,0.08059999999999999,8.7693,0.008769,0.087693,2025-04,4,UK SRS 2026,DEFRA GHG Conversion Factors 2025,0.602,329.9442,321.1749
PO-000846,PRD-00043,SUP-007,WH-003,100,10.0,1000.0,2025-04-13,2025-04-27,2025-04-30,14,AIR,80.6,False,DELIVERED,USBrands Inc,United States,INTERCONTINENTAL,Premium Notebook and Pen Set,SGF,A,17.18,41.8,United States,5500.0,0.602,0.08059999999999999,266.8666,0.266867,2.668666,2025-04,4,UK SRS 2026,DEFRA GHG Conversion Factors 2025,0.602,266.8666,0.0
PO-000847,PRD-00043,SUP-007,WH-003,200,10.23,2046.0,2025-05-12,2025-06-07,2025-06-07,26,AIR,161.2,False,DELIVERED,USBrands Inc,United States,INTERCONTINENTAL,Premium Notebook and Pen Set,SGF,A,17.18,41.8,United States,5500.0,0.602,0.16119999999999998,533.7332,0.533733,2.668666,2025-06,4,UK SRS 2026,DEFRA GHG Conversion Factors 2025,0.602,533.7332,0.0
PO-000848,PRD-00043,SUP-007,WH-002,200,9.98,1996.0,2025-06-16,2025-07-03,2025-07-06,17,AIR,161.2,False,DELIVERED,USBrands Inc,United States,INTERCONTINENTAL,Premium Notebook and Pen Set,SGF,A,17.18,41.8,United States,5500.0,0.602,0.16119999999999998,533.7332,0.533733,2.668666,2025-07,4,UK SRS 2026,DEFRA GHG Conversion Factors 2025,0.602,533.7332,0.0
PO-000849,PRD-00043,SUP-007,WH-003,200,9.92,1984.0,2025-07-14,2025-07-30,2025-08-02,16,AIR,161.2,False,DELIVERED,USBrands Inc,United States,INTERCONTINENTAL,Premium Notebook and Pen Set,SGF,A,17.18,41.8,United States,5500.0,0.602,0.16119999999999998,533.7332,0.533733,2.668666,2025-08,4,UK SRS 2026,DEFRA GHG Conversion Factors 2025,0.602,533.7332,0.0
PO-000850,PRD-00043,SUP-007,WH-001,200,9.93,1986.0,2025-08-17,2025-09-07,2025-09-07,21,AIR,161.2,False,DELIVERED,USBrands Inc,United States,INTERCONTINENTAL,Premium Notebook and Pen Set,SGF,A,17.18,41.8,United States,5500.0,0.602,0.16119999999999998,533.7332,0.533733,2.668666,2025-09,4,UK SRS 2026,DEFRA GHG Conversion Factors 2025,0.602,533.7332,0.0
PO-000851,PRD-00043,SUP-007,WH-001,200,10.27,2054.0,2025-09-17,2025-10-10,2025-10-10,23,AIR,161.2,False,DELIVERED,USBrands Inc,United States,INTERCONTINENTAL,Premium Notebook and Pen Set,SGF,A,17.18,41.8,United States,5500.0,0.602,0.16119999999999998,533.7332,0.533733,2.668666,2025-10,4,UK SRS 2026,DEFRA GHG Conversion Factors 2025,0.602,533.7332,0.0
PO-000852,PRD-00043,SUP-007,WH-003,200,10.27,2054.0,2025-10-12,2025-10-31,2025-10-30,19,AIR,161.2,False,DELIVERED,USBrands Inc,United States,INTERCONTINENTAL,Premium Notebook and Pen Set,SGF,A,17.18,41.8,United States,5500.0,0.602,0.16119999999999998,533.7332,0.533733,2.668666,2025-10,4,UK SRS 2026,DEFRA GHG Conversion Factors 2025,0.602,533.7332,0.0
PO-000853,PRD-00043,SUP-007,WH-003,200,10.13,2026.0,2025-11-07,2025-11-26,2025-11-25,19,AIR,161.2,False,DELIVERED,USBrands Inc,United States,INTERCONTINENTAL,Premium Notebook and Pen Set,SGF,A,17.18,41.8,United States,5500.0,0.602,0.16119999999999998,533.7332,0.533733,2.668666,2025-11,4,UK SRS 2026,DEFRA GHG Conversion Factors 2025,0.602,533.7332,0.0
PO-000854,PRD-00043,SUP-007,WH-001,200,10.03,2006.0,2025-12-04,2025-12-19,2025-12-20,15,AIR,161.2,False,DELIVERED,USBrands Inc,United States,INTERCONTINENTAL,Premium Notebook and Pen Set,SGF,A,17.18,41.8,United States,5500.0,0.602,0.16119999999999998,533.7332,0.533733,2.668666,2025-12,4,UK SRS 2026,DEFRA GHG Conversion Factors 2025,0.602,533.7332,0.0
PO-000856,PRD-00044,SUP-004,WH-002,48,27.37,1313.76,2024-01-29,2024-03-01,2024-03-01,32,SEA,39.79,False,DELIVERED,IndiaManufact Pvt,India,INTERCONTINENTAL,Personalised Mug Gift Box,SGF,A,44.49,38.7,India,11000.0,0.016,0.03979,7.003,0.007003,0.145896,2024-03,4,UK SRS 2026,DEFRA GHG Conversion Factors 2025,0.602,263.4894,256.4864
PO-000857,PRD-00044,SUP-004,WH-003,48,27.69,1329.12,2024-02-26,2024-03-26,2024-03-29,29,SEA,39.79,False,DELIVERED,IndiaManufact Pvt,India,INTERCONTINENTAL,Personalised Mug Gift Box,SGF,A,44.49,38.7,India,11000.0,0.016,0.03979,7.003,0.007003,0.145896,2024-03,4,UK SRS 2026,DEFRA GHG Conversion Factors 2025,0.602,263.4894,256.4864
PO-000858,PRD-00044,SUP-004,WH-002,48,25.92,1244.16,2024-03-31,2024-04-23,2024-04-26,23,SEA,39.79,False,DELIVERED,IndiaManufact Pvt,India,INTERCONTINENTAL,Personalised Mug Gift Box,SGF,A,44.49,38.7,India,11000.0,0.016,0.03979,7.003,0.007003,0.145896,2024-04,4,UK SRS 2026,DEFRA GHG Conversion Factors 2025,0.602,263.4894,256.4864
PO-000859,PRD-00044,SUP-004,WH-001,48,27.37,1313.76,2024-05-04,2024-06-03,2024-06-05,30,SEA,39.79,False,DELIVERED,IndiaManufact Pvt,India,INTERCONTINENTAL,Personalised Mug Gift Box,SGF,A,44.49,38.7,India,11000.0,0.016,0.03979,7.003,0.007003,0.145896,2024-06,4,UK SRS 2026,DEFRA GHG Conversion Factors 2025,0.602,263.4894,256.4864
PO-000860,PRD-00044,SUP-004,WH-003,48,26.39,1266.72,2024-05-29,2024-06-24,2024-06-25,26,SEA,39.79,False,DELIVERED,IndiaManufact Pvt,India,INTERCONTINENTAL,Personalised Mug Gift Box,SGF,A,44.49,38.7,India,11000.0,0.016,0.03979,7.003,0.007003,0.145896,2024-06,4,UK SRS 2026,DEFRA GHG Conversion Factors 2025,0.602,263.4894,256.4864
PO-000861,PRD-00044,SUP-004,WH-002,72,26.96,1941.12,2024-07-02,2024-07-22,2024-07-25,20,SEA,59.69,False,DELIVERED,IndiaManufact Pvt,India,INTERCONTINENTAL,Personalised Mug Gift Box,SGF,A,44.49,38.7,India,11000.0,0.016,0.05969,10.5054,0.010505,0.145908,2024-07,4,UK SRS 2026,DEFRA GHG Conversion Factors 2025,0.602,395.2672,384.7618
PO-000862,PRD-00044,SUP-004,WH-001,72,28.19,2029.68,2024-07-31,2024-08-24,2024-08-24,24,SEA,59.69,False,DELIVERED,IndiaManufact Pvt,India,INTERCONTINENTAL,Personalised Mug Gift Box,SGF,A,44.49,38.7,India,11000.0,0.016,0.05969,10.5054,0.010505,0.145908,2024-08,4,UK SRS 2026,DEFRA GHG Conversion Factors 2025,0.602,395.2672,384.7618
PO-000863,PRD-00044,SUP-004,WH-001,48,27.07,1299.36,2024-09-04,2024-09-27,2024-09-29,23,SEA,39.79,False,DELIVERED,IndiaManufact Pvt,India,INTERCONTINENTAL,Personalised Mug Gift Box,SGF,A,44.49,38.7,India,11000.0,0.016,0.03979,7.003,0.007003,0.145896,2024-09,4,UK SRS 2026,DEFRA GHG Conversion Factors 2025,0.602,263.4894,256.4864
PO-000864,PRD-00044,SUP-004,WH-002,72,27.26,1962.72,2024-10-05,2024-10-27,2024-10-27,22,SEA,59.69,False,DELIVERED,IndiaManufact Pvt,India,INTERCONTINENTAL,Personalised Mug Gift Box,SGF,A,44.49,38.7,India,11000.0,0.016,0.05969,10.5054,0.010505,0.145908,2024-10,4,UK SRS 2026,DEFRA GHG Conversion Factors 2025,0.602,395.2672,384.7618
PO-000865,PRD-00044,SUP-004,WH-002,72,27.05,1947.6,2024-11-07,2024-11-28,2024-11-30,21,SEA,59.69,False,DELIVERED,IndiaManufact Pvt,India,INTERCONTINENTAL,Personalised Mug Gift Box,SGF,A,44.49,38.7,India,11000.0,0.016,0.05969,10.5054,0.010505,0.145908,2024-11,4,UK SRS 2026,DEFRA GHG Conversion Factors 2025,0.602,395.2672,384.7618
PO-000866,PRD-00044,SUP-004,WH-002,96,27.16,2607.36,2024-12-11,2025-01-01,2024-12-31,21,SEA,79.58,False,DELIVERED,IndiaManufact Pvt,India,INTERCONTINENTAL,Personalised Mug Gift Box,SGF,A,44.49,38.7,India,11000.0,0.016,0.07958,14.0061,0.014006,0.145897,2024-12,4,UK SRS 2026,DEFRA GHG Conversion Factors 2025,0.602,526.9788,512.9727
PO-000867,PRD-00044,SUP-004,WH-003,48,27.86,1337.28,2025-01-06,2025-01-31,2025-01-31,25,SEA,39.79,False,DELIVERED,IndiaManufact Pvt,India,INTERCONTINENTAL,Personalised Mug Gift Box,SGF,A,44.49,38.7,India,11000.0,0.016,0.03979,7.003,0.007003,0.145896,2025-01,4,UK SRS 2026,DEFRA GHG Conversion Factors 2025,0.602,263.4894,256.4864
PO-000868,PRD-00044,SUP-004,WH-002,48,26.54,1273.92,2025-02-04,2025-02-25,2025-02-25,21,SEA,39.79,False,DELIVERED,IndiaManufact Pvt,India,INTERCONTINENTAL,Personalised Mug Gift Box,SGF,A,44.49,38.7,India,11000.0,0.016,0.03979,7.003,0.007003,0.145896,2025-02,4,UK SRS 2026,DEFRA GHG Conversion Factors 2025,0.602,263.4894,256.4864
PO-000869,PRD-00044,SUP-004,WH-003,48,26.81,1286.88,2025-03-09,2025-04-02,2025-04-04,24,SEA,39.79,False,DELIVERED,IndiaManufact Pvt,India,INTERCONTINENTAL,Personalised Mug Gift Box,SGF,A,44.49,38.7,India,11000.0,0.016,0.03979,7.003,0.007003,0.145896,2025-04,4,UK SRS 2026,DEFRA GHG Conversion Factors 2025,0.602,263.4894,256.4864
PO-000870,PRD-00044,SUP-004,WH-001,48,26.73,1283.04,2025-04-10,2025-05-10,2025-05-09,30,SEA,39.79,False,DELIVERED,IndiaManufact Pvt,India,INTERCONTINENTAL,Personalised Mug Gift Box,SGF,A,44.49,38.7,India,11000.0,0.016,0.03979,7.003,0.007003,0.145896,2025-05,4,UK SRS 2026,DEFRA GHG Conversion Factors 2025,0.602,263.4894,256.4864
PO-000871,PRD-00044,SUP-004,WH-001,48,27.24,1307.52,2025-05-11,2025-06-05,2025-06-07,25,SEA,39.79,False,DELIVERED,IndiaManufact Pvt,India,INTERCONTINENTAL,Personalised Mug Gift Box,SGF,A,44.49,38.7,India,11000.0,0.016,0.03979,7.003,0.007003,0.145896,2025-06,4,UK SRS 2026,DEFRA GHG Conversion Factors 2025,0.602,263.4894,256.4864
PO-000872,PRD-00044,SUP-004,WH-002,72,27.39,1972.08,2025-06-15,2025-07-05,2025-07-08,20,SEA,59.69,False,DELIVERED,IndiaManufact Pvt,India,INTERCONTINENTAL,Personalised Mug Gift Box,SGF,A,44.49,38.7,India,11000.0,0.016,0.05969,10.5054,0.010505,0.145908,2025-07,4,UK SRS 2026,DEFRA GHG Conversion Factors 2025,0.602,395.2672,384.7618
PO-000873,PRD-00044,SUP-004,WH-002,72,26.93,1938.96,2025-07-14,2025-08-06,2025-08-06,23,SEA,59.69,False,DELIVERED,IndiaManufact Pvt,India,INTERCONTINENTAL,Personalised Mug Gift Box,SGF,A,44.49,38.7,India,11000.0,0.016,0.05969,10.5054,0.010505,0.145908,2025-08,4,UK SRS 2026,DEFRA GHG Conversion Factors 2025,0.602,395.2672,384.7618
PO-000874,PRD-00044,SUP-004,WH-001,72,27.86,2005.92,2025-08-16,2025-09-23,2025-09-22,38,SEA,59.69,False,DELIVERED,IndiaManufact Pvt,India,INTERCONTINENTAL,Personalised Mug Gift Box,SGF,A,44.49,38.7,India,11000.0,0.016,0.05969,10.5054,0.010505,0.145908,2025-09,4,UK SRS 2026,DEFRA GHG Conversion Factors 2025,0.602,395.2672,384.7618
PO-000875,PRD-00044,SUP-004,WH-001,48,27.43,1316.64,2025-09-10,2025-10-03,2025-10-04,23,SEA,39.79,False,DELIVERED,IndiaManufact Pvt,India,INTERCONTINENTAL,Personalised Mug Gift Box,SGF,A,44.49,38.7,India,11000.0,0.016,0.03979,7.003,0.007003,0.145896,2025-10,4,UK SRS 2026,DEFRA GHG Conversion Factors 2025,0.602,263.4894,256.4864
PO-000876,PRD-00044,SUP-004,WH-001,72,26.85,1933.2,2025-10-14,2025-11-05,2025-11-04,22,SEA,59.69,False,DELIVERED,IndiaManufact Pvt,India,INTERCONTINENTAL,Personalised Mug Gift Box,SGF,A,44.49,38.7,India,11000.0,0.016,0.05969,10.5054,0.010505,0.145908,2025-11,4,UK SRS 2026,DEFRA GHG Conversion Factors 2025,0.602,395.2672,384.7618
PO-000877,PRD-00044,SUP-004,WH-002,72,28.15,2026.8,2025-11-08,2025-11-28,2025-11-28,20,SEA,59.69,False,DELIVERED,IndiaManufact Pvt,India,INTERCONTINENTAL,Personalised Mug Gift Box,SGF,A,44.49,38.7,India,11000.0,0.016,0.05969,10.5054,0.010505,0.145908,2025-11,4,UK SRS 2026,DEFRA GHG Conversion Factors 2025,0.602,395.2672,384.7618
PO-000879,PRD-00045,SUP-007,WH-001,54,17.9,966.6,2024-01-20,2024-02-04,2024-02-07,15,AIR,51.3,False,DELIVERED,USBrands Inc,United States,INTERCONTINENTAL,Festive Reed Diffuser,SGF,A,36.84,50.7,United States,5500.0,0.602,0.0513,169.8543,0.169854,3.14545,2024-02,4,UK SRS 2026,DEFRA GHG Conversion Factors 2025,0.602,169.8543,0.0
PO-000880,PRD-00045,SUP-007,WH-001,60,17.56,1053.6,2024-02-18,2024-03-15,2024-03-16,26,AIR,57.0,False,DELIVERED,USBrands Inc,United States,INTERCONTINENTAL,Festive Reed Diffuser,SGF,A,36.84,50.7,United States,5500.0,0.602,0.057,188.727,0.188727,3.14545,2024-03,4,UK SRS 2026,DEFRA GHG Conversion Factors 2025,0.602,188.727,0.0
PO-000881,PRD-00045,SUP-007,WH-002,66,17.95,1184.7,2024-03-19,2024-04-06,2024-04-07,18,AIR,62.7,False,DELIVERED,USBrands Inc,United States,INTERCONTINENTAL,Festive Reed Diffuser,SGF,A,36.84,50.7,United States,5500.0,0.602,0.0627,207.5997,0.2076,3.14545,2024-04,4,UK SRS 2026,DEFRA GHG Conversion Factors 2025,0.602,207.5997,0.0
PO-000882,PRD-00045,SUP-007,WH-002,72,17.67,1272.24,2024-04-17,2024-05-01,2024-05-04,14,AIR,68.4,False,DELIVERED,USBrands Inc,United States,INTERCONTINENTAL,Festive Reed Diffuser,SGF,A,36.84,50.7,United States,5500.0,0.602,0.0684,226.4724,0.226472,3.14545,2024-05,4,UK SRS 2026,DEFRA GHG Conversion Factors 2025,0.602,226.4724,0.0
PO-000883,PRD-00045,SUP-007,WH-003,72,18.42,1326.24,2024-05-12,2024-05-29,2024-05-28,17,AIR,68.4,False,DELIVERED,USBrands Inc,United States,INTERCONTINENTAL,Festive Reed Diffuser,SGF,A,36.84,50.7,United States,5500.0,0.602,0.0684,226.4724,0.226472,3.14545,2024-05,4,UK SRS 2026,DEFRA GHG Conversion Factors 2025,0.602,226.4724,0.0
PO-000884,PRD-00045,SUP-007,WH-003,78,18.37,1432.86,2024-06-12,2024-07-02,2024-07-04,20,AIR,74.1,False,DELIVERED,USBrands Inc,United States,INTERCONTINENTAL,Festive Reed Diffuser,SGF,A,36.84,50.7,United States,5500.0,0.602,0.0741,245.3451,0.245345,3.14545,2024-07,4,UK SRS 2026,DEFRA GHG Conversion Factors 2025,0.602,245.3451,0.0
PO-000885,PRD-00045,SUP-007,WH-001,78,18.3,1427.4,2024-07-10,2024-08-09,2024-08-10,30,AIR,74.1,False,DELIVERED,USBrands Inc,United States,INTERCONTINENTAL,Festive Reed Diffuser,SGF,A,36.84,50.7,United States,5500.0,0.602,0.0741,245.3451,0.245345,3.14545,2024-08,4,UK SRS 2026,DEFRA GHG Conversion Factors 2025,0.602,245.3451,0.0
PO-000886,PRD-00045,SUP-007,WH-001,78,18.77,1464.06,2024-08-05,2024-08-26,2024-08-26,21,AIR,74.1,False,DELIVERED,USBrands Inc,United States,INTERCONTINENTAL,Festive Reed Diffuser,SGF,A,36.84,50.7,United States,5500.0,0.602,0.0741,245.3451,0.245345,3.14545,2024-08,4,UK SRS 2026,DEFRA GHG Conversion Factors 2025,0.602,245.3451,0.0
PO-000887,PRD-00045,SUP-007,WH-001,72,17.84,1284.48,2024-09-01,2024-09-18,2024-09-19,17,AIR,68.4,False,DELIVERED,USBrands Inc,United States,INTERCONTINENTAL,Festive Reed Diffuser,SGF,A,36.84,50.7,United States,5500.0,0.602,0.0684,226.4724,0.226472,3.14545,2024-09,4,UK SRS 2026,DEFRA GHG Conversion Factors 2025,0.602,226.4724,0.0
PO-000888,PRD-00045,SUP-007,WH-002,78,18.57,1448.46,2024-10-06,2024-10-20,2024-10-19,14,AIR,74.1,False,DELIVERED,USBrands Inc,United States,INTERCONTINENTAL,Festive Reed Diffuser,SGF,A,36.84,50.7,United States,5500.0,0.602,0.0741,245.3451,0.245345,3.14545,2024-10,4,UK SRS 2026,DEFRA GHG Conversion Factors 2025,0.602,245.3451,0.0
PO-000889,PRD-00045,SUP-007,WH-002,96,18.5,1776.0,2024-11-10,2024-11-24,2024-11-23,14,AIR,91.2,False,DELIVERED,USBrands Inc,United States,INTERCONTINENTAL,Festive Reed Diffuser,SGF,A,36.84,50.7,United States,5500.0,0.602,0.0912,301.9632,0.301963,3.14545,2024-11,4,UK SRS 2026,DEFRA GHG Conversion Factors 2025,0.602,301.9632,0.0
PO-000890,PRD-00045,SUP-007,WH-001,108,18.62,2010.96,2024-12-10,2025-01-06,2025-01-06,27,AIR,102.6,False,DELIVERED,USBrands Inc,United States,INTERCONTINENTAL,Festive Reed Diffuser,SGF,A,36.84,50.7,United States,5500.0,0.602,0.1026,339.7086,0.339709,3.14545,2025-01,4,UK SRS 2026,DEFRA GHG Conversion Factors 2025,0.602,339.7086,0.0
PO-000891,PRD-00045,SUP-007,WH-002,54,17.58,949.32,2025-01-08,2025-01-28,2025-01-27,20,AIR,51.3,False,DELIVERED,USBrands Inc,United States,INTERCONTINENTAL,Festive Reed Diffuser,SGF,A,36.84,50.7,United States,5500.0,0.602,0.0513,169.8543,0.169854,3.14545,2025-01,4,UK SRS 2026,DEFRA GHG Conversion Factors 2025,0.602,169.8543,0.0
PO-000892,PRD-00045,SUP-007,WH-003,60,18.38,1102.8,2025-02-08,2025-03-02,2025-03-05,22,AIR,57.0,False,DELIVERED,USBrands Inc,United States,INTERCONTINENTAL,Festive Reed Diffuser,SGF,A,36.84,50.7,United States,5500.0,0.602,0.057,188.727,0.188727,3.14545,2025-03,4,UK SRS 2026,DEFRA GHG Conversion Factors 2025,0.602,188.727,0.0
PO-000893,PRD-00045,SUP-007,WH-001,66,18.18,1199.88,2025-03-05,2025-04-09,2025-04-10,35,SEA,62.7,True,DELIVERED,USBrands Inc,United States,INTERCONTINENTAL,Festive Reed Diffuser,SGF,A,36.84,50.7,United States,6800.0,0.016,0.0627,6.8218,0.006822,0.103361,2025-04,4,UK SRS 2026,DEFRA GHG Conversion Factors 2025,0.602,256.6687,249.8469
PO-000894,PRD-00045,SUP-007,WH-003,72,18.24,1313.28,2025-04-09,2025-04-29,2025-05-01,20,AIR,68.4,False,DELIVERED,USBrands Inc,United States,INTERCONTINENTAL,Festive Reed Diffuser,SGF,A,36.84,50.7,United States,5500.0,0.602,0.0684,226.4724,0.226472,3.14545,2025-05,4,UK SRS 2026,DEFRA GHG Conversion Factors 2025,0.602,226.4724,0.0
PO-000895,PRD-00045,SUP-007,WH-003,72,18.33,1319.76,2025-05-13,2025-06-02,2025-06-05,20,AIR,68.4,False,DELIVERED,USBrands Inc,United States,INTERCONTINENTAL,Festive Reed Diffuser,SGF,A,36.84,50.7,United States,5500.0,0.602,0.0684,226.4724,0.226472,3.14545,2025-06,4,UK SRS 2026,DEFRA GHG Conversion Factors 2025,0.602,226.4724,0.0
PO-000896,PRD-00045,SUP-007,WH-001,78,18.18,1418.04,2025-06-11,2025-06-26,2025-06-27,15,AIR,74.1,False,DELIVERED,USBrands Inc,United States,INTERCONTINENTAL,Festive Reed Diffuser,SGF,A,36.84,50.7,United States,5500.0,0.602,0.0741,245.3451,0.245345,3.14545,2025-06,4,UK SRS 2026,DEFRA GHG Conversion Factors 2025,0.602,245.3451,0.0
PO-000897,PRD-00045,SUP-007,WH-001,78,17.7,1380.6,2025-07-08,2025-07-24,2025-07-26,16,AIR,74.1,False,DELIVERED,USBrands Inc,United States,INTERCONTINENTAL,Festive Reed Diffuser,SGF,A,36.84,50.7,United States,5500.0,0.602,0.0741,245.3451,0.245345,3.14545,2025-07,4,UK SRS 2026,DEFRA GHG Conversion Factors 2025,0.602,245.3451,0.0
PO-000898,PRD-00045,SUP-007,WH-002,78,17.9,1396.2,2025-08-10,2025-09-04,2025-09-07,25,AIR,74.1,False,DELIVERED,USBrands Inc,United States,INTERCONTINENTAL,Festive Reed Diffuser,SGF,A,36.84,50.7,United States,5500.0,0.602,0.0741,245.3451,0.245345,3.14545,2025-09,4,UK SRS 2026,DEFRA GHG Conversion Factors 2025,0.602,245.3451,0.0
PO-000899,PRD-00045,SUP-007,WH-002,72,18.38,1323.36,2025-09-05,2025-09-28,2025-10-01,23,AIR,68.4,False,DELIVERED,USBrands Inc,United States,INTERCONTINENTAL,Festive Reed Diffuser,SGF,A,36.84,50.7,United States,5500.0,0.602,0.0684,226.4724,0.226472,3.14545,2025-10,4,UK SRS 2026,DEFRA GHG Conversion Factors 2025,0.602,226.4724,0.0
PO-000900,PRD-00045,SUP-007,WH-001,78,18.39,1434.42,2025-10-09,2025-10-30,2025-10-29,21,AIR,74.1,False,DELIVERED,USBrands Inc,United States,INTERCONTINENTAL,Festive Reed Diffuser,SGF,A,36.84,50.7,United States,5500.0,0.602,0.0741,245.3451,0.245345,3.14545,2025-10,4,UK SRS 2026,DEFRA GHG Conversion Factors 2025,0.602,245.3451,0.0
PO-000901,PRD-00045,SUP-007,WH-003,96,18.87,1811.52,2025-11-03,2025-11-17,2025-11-18,14,AIR,91.2,False,DELIVERED,USBrands Inc,United States,INTERCONTINENTAL,Festive Reed Diffuser,SGF,A,36.84,50.7,United States,5500.0,0.602,0.0912,301.9632,0.301963,3.14545,2025-11,4,UK SRS 2026,DEFRA GHG Conversion Factors 2025,0.602,301.9632,0.0
PO-000903,PRD-00046,SUP-008,WH-003,216,6.7,1447.2,2024-01-11,2024-01-13,2024-01-12,2,ROAD,394.85,False,DELIVERED,LocalPack Ltd,United Kingdom,DOMESTIC,Professional Floor Cleaner 5L,CLN,B,7.9,16.8,United Kingdom,250.0,0.1,0.39485000000000003,9.8713,0.009871,0.0457,2024-01,4,UK SRS 2026,DEFRA GHG Conversion Factors 2025,0.602,59.4249,49.5536
PO-000904,PRD-00046,SUP-008,WH-003,216,6.68,1442.88,2024-02-25,2024-02-27,2024-02-28,2,ROAD,394.85,False,DELIVERED,LocalPack Ltd,United Kingdom,DOMESTIC,Professional Floor Cleaner 5L,CLN,B,7.9,16.8,United Kingdom,250.0,0.1,0.39485000000000003,9.8713,0.009871,0.0457,2024-02,4,UK SRS 2026,DEFRA GHG Conversion Factors 2025,0.602,59.4249,49.5536
PO-000905,PRD-00046,SUP-008,WH-003,264,6.41,1692.24,2024-04-13,2024-04-16,2024-04-17,3,ROAD,482.59,False,DELIVERED,LocalPack Ltd,United Kingdom,DOMESTIC,Professional Floor Cleaner 5L,CLN,B,7.9,16.8,United Kingdom,250.0,0.1,0.48258999999999996,12.0648,0.012065,0.0457,2024-04,4,UK SRS 2026,DEFRA GHG Conversion Factors 2025,0.602,72.6298,60.565
PO-000906,PRD-00046,SUP-008,WH-001,288,6.5,1872.0,2024-05-27,2024-05-30,2024-06-01,3,ROAD,526.46,False,DELIVERED,LocalPack Ltd,United Kingdom,DOMESTIC,Professional Floor Cleaner 5L,CLN,B,7.9,16.8,United Kingdom,250.0,0.1,0.52646,13.1615,0.013162,0.0457,2024-06,4,UK SRS 2026,DEFRA GHG Conversion Factors 2025,0.602,79.2322,66.0707
PO-000907,PRD-00046,SUP-008,WH-002,312,6.46,2015.52,2024-07-15,2024-07-17,2024-07-17,2,ROAD,570.34,False,DELIVERED,LocalPack Ltd,United Kingdom,DOMESTIC,Professional Floor Cleaner 5L,CLN,B,7.9,16.8,United Kingdom,250.0,0.1,0.5703400000000001,14.2585,0.014258,0.0457,2024-07,4,UK SRS 2026,DEFRA GHG Conversion Factors 2025,0.602,85.8362,71.5777
PO-000908,PRD-00046,SUP-008,WH-002,288,6.5,1872.0,2024-09-01,2024-09-03,2024-09-03,2,ROAD,526.46,False,DELIVERED,LocalPack Ltd,United Kingdom,DOMESTIC,Professional Floor Cleaner 5L,CLN,B,7.9,16.8,United Kingdom,250.0,0.1,0.52646,13.1615,0.013162,0.0457,2024-09,4,UK SRS 2026,DEFRA GHG Conversion Factors 2025,0.602,79.2322,66.0707
PO-000909,PRD-00046,SUP-008,WH-003,312,6.45,2012.4,2024-10-19,2024-10-21,2024-10-21,2,ROAD,570.34,False,DELIVERED,LocalPack Ltd,United Kingdom,DOMESTIC,Professional Floor Cleaner 5L,CLN,B,7.9,16.8,United Kingdom,250.0,0.1,0.5703400000000001,14.2585,0.014258,0.0457,2024-10,4,UK SRS 2026,DEFRA GHG Conversion Factors 2025,0.602,85.8362,71.5777
PO-000910,PRD-00046,SUP-008,WH-002,384,6.64,2549.76,2024-11-29,2024-12-01,2024-12-04,2,ROAD,701.95,False,DELIVERED,LocalPack Ltd,United Kingdom,DOMESTIC,Professional Floor Cleaner 5L,CLN,B,7.9,16.8,United Kingdom,250.0,0.1,0.7019500000000001,17.5488,0.017549,0.0457,2024-12,4,UK SRS 2026,DEFRA GHG Conversion Factors 2025,0.602,105.6435,88.0947
PO-000911,PRD-00046,SUP-008,WH-003,216,6.52,1408.32,2025-01-11,2025-01-14,2025-01-16,3,ROAD,394.85,False,DELIVERED,LocalPack Ltd,United Kingdom,DOMESTIC,Professional Floor Cleaner 5L,CLN,B,7.9,16.8,United Kingdom,250.0,0.1,0.39485000000000003,9.8713,0.009871,0.0457,2025-01,4,UK SRS 2026,DEFRA GHG Conversion Factors 2025,0.602,59.4249,49.5536
PO-000912,PRD-00046,SUP-008,WH-002,264,6.67,1760.88,2025-03-01,2025-03-03,2025-03-02,2,ROAD,482.59,False,DELIVERED,LocalPack Ltd,United Kingdom,DOMESTIC,Professional Floor Cleaner 5L,CLN,B,7.9,16.8,United Kingdom,250.0,0.1,0.48258999999999996,12.0648,0.012065,0.0457,2025-03,4,UK SRS 2026,DEFRA GHG Conversion Factors 2025,0.602,72.6298,60.565
PO-000913,PRD-00046,SUP-008,WH-002,264,6.44,1700.16,2025-04-10,2025-04-12,2025-04-11,2,ROAD,482.59,False,DELIVERED,LocalPack Ltd,United Kingdom,DOMESTIC,Professional Floor Cleaner 5L,CLN,B,7.9,16.8,United Kingdom,250.0,0.1,0.48258999999999996,12.0648,0.012065,0.0457,2025-04,4,UK SRS 2026,DEFRA GHG Conversion Factors 2025,0.602,72.6298,60.565
PO-000914,PRD-00046,SUP-008,WH-003,288,6.76,1946.88,2025-05-28,2025-05-30,2025-05-29,2,ROAD,526.46,False,DELIVERED,LocalPack Ltd,United Kingdom,DOMESTIC,Professional Floor Cleaner 5L,CLN,B,7.9,16.8,United Kingdom,250.0,0.1,0.52646,13.1615,0.013162,0.0457,2025-05,4,UK SRS 2026,DEFRA GHG Conversion Factors 2025,0.602,79.2322,66.0707
PO-000915,PRD-00046,SUP-008,WH-002,312,6.68,2084.16,2025-07-09,2025-07-11,2025-07-10,2,ROAD,570.34,False,DELIVERED,LocalPack Ltd,United Kingdom,DOMESTIC,Professional Floor Cleaner 5L,CLN,B,7.9,16.8,United Kingdom,250.0,0.1,0.5703400000000001,14.2585,0.014258,0.0457,2025-07,4,UK SRS 2026,DEFRA GHG Conversion Factors 2025,0.602,85.8362,71.5777
PO-000916,PRD-00046,SUP-008,WH-003,288,6.39,1840.32,2025-08-25,2025-08-28,2025-08-31,3,ROAD,526.46,False,DELIVERED,LocalPack Ltd,United Kingdom,DOMESTIC,Professional Floor Cleaner 5L,CLN,B,7.9,16.8,United Kingdom,250.0,0.1,0.52646,13.1615,0.013162,0.0457,2025-08,4,UK SRS 2026,DEFRA GHG Conversion Factors 2025,0.602,79.2322,66.0707
PO-000917,PRD-00046,SUP-008,WH-001,312,6.59,2056.08,2025-10-14,2025-10-17,2025-10-17,3,ROAD,570.34,False,DELIVERED,LocalPack Ltd,United Kingdom,DOMESTIC,Professional Floor Cleaner 5L,CLN,B,7.9,16.8,United Kingdom,250.0,0.1,0.5703400000000001,14.2585,0.014258,0.0457,2025-10,4,UK SRS 2026,DEFRA GHG Conversion Factors 2025,0.602,85.8362,71.5777
PO-000918,PRD-00046,SUP-008,WH-003,384,6.55,2515.2,2025-11-30,2025-12-03,2025-12-06,3,ROAD,701.95,False,DELIVERED,LocalPack Ltd,United Kingdom,DOMESTIC,Professional Floor Cleaner 5L,CLN,B,7.9,16.8,United Kingdom,250.0,0.1,0.7019500000000001,17.5488,0.017549,0.0457,2025-12,4,UK SRS 2026,DEFRA GHG Conversion Factors 2025,0.602,105.6435,88.0947
PO-000919,PRD-00047,SUP-002,WH-001,216,3.62,781.92,2024-01-09,2024-01-18,2024-01-21,9,ROAD,769.18,False,DELIVERED,EuroFast GmbH,Germany,EUROPEAN,Industrial Degreaser 2L,CLN,C,4.19,12.9,Germany,1100.0,0.1,0.76918,84.6098,0.08461,0.391712,2024-01,4,UK SRS 2026,DEFRA GHG Conversion Factors 2025,0.602,509.351,424.7412
PO-000920,PRD-00047,SUP-002,WH-002,264,3.66,966.24,2024-03-07,2024-03-16,2024-03-16,9,ROAD,940.1,False,DELIVERED,EuroFast GmbH,Germany,EUROPEAN,Industrial Degreaser 2L,CLN,C,4.19,12.9,Germany,1100.0,0.1,0.9401,103.411,0.103411,0.391708,2024-03,4,UK SRS 2026,DEFRA GHG Conversion Factors 2025,0.602,622.5342,519.1232
PO-000921,PRD-00047,SUP-002,WH-001,288,3.73,1074.24,2024-05-02,2024-05-10,2024-05-12,8,ROAD,1025.57,False,DELIVERED,EuroFast GmbH,Germany,EUROPEAN,Industrial Degreaser 2L,CLN,C,4.19,12.9,Germany,1100.0,0.1,1.0255699999999999,112.8127,0.112813,0.391711,2024-05,4,UK SRS 2026,DEFRA GHG Conversion Factors 2025,0.602,679.1325,566.3198
PO-000922,PRD-00047,SUP-002,WH-003,288,3.84,1105.92,2024-06-30,2024-07-07,2024-07-07,7,ROAD,1025.57,False,DELIVERED,EuroFast GmbH,Germany,EUROPEAN,Industrial Degreaser 2L,CLN,C,4.19,12.9,Germany,1100.0,0.1,1.0255699999999999,112.8127,0.112813,0.391711,2024-07,4,UK SRS 2026,DEFRA GHG Conversion Factors 2025,0.602,679.1325,566.3198
PO-000923,PRD-00047,SUP-002,WH-003,288,3.54,1019.52,2024-09-01,2024-09-10,2024-09-12,9,ROAD,1025.57,False,DELIVERED,EuroFast GmbH,Germany,EUROPEAN,Industrial Degreaser 2L,CLN,C,4.19,12.9,Germany,1100.0,0.1,1.0255699999999999,112.8127,0.112813,0.391711,2024-09,4,UK SRS 2026,DEFRA GHG Conversion Factors 2025,0.602,679.1325,566.3198
PO-000924,PRD-00047,SUP-002,WH-001,384,3.69,1416.96,2024-11-05,2024-11-12,2024-11-14,7,ROAD,1367.42,False,DELIVERED,EuroFast GmbH,Germany,EUROPEAN,Industrial Degreaser 2L,CLN,C,4.19,12.9,Germany,1100.0,0.1,1.36742,150.4162,0.150416,0.391709,2024-11,4,UK SRS 2026,DEFRA GHG Conversion Factors 2025,0.602,905.5055,755.0893
PO-000925,PRD-00047,SUP-002,WH-002,216,3.64,786.24,2025-01-02,2025-01-11,2025-01-13,9,ROAD,769.18,False,DELIVERED,EuroFast GmbH,Germany,EUROPEAN,Industrial Degreaser 2L,CLN,C,4.19,12.9,Germany,1100.0,0.1,0.76918,84.6098,0.08461,0.391712,2025-01,4,UK SRS 2026,DEFRA GHG Conversion Factors 2025,0.602,509.351,424.7412
PO-000926,PRD-00047,SUP-002,WH-002,240,3.73,895.2,2025-02-28,2025-03-08,2025-03-07,8,ROAD,854.64,False,DELIVERED,EuroFast GmbH,Germany,EUROPEAN,Industrial Degreaser 2L,CLN,C,4.19,12.9,Germany,1100.0,0.1,0.85464,94.0104,0.09401,0.39171,2025-03,4,UK SRS 2026,DEFRA GHG Conversion Factors 2025,0.602,565.9426,471.9322
PO-000927,PRD-00047,SUP-002,WH-002,288,3.61,1039.68,2025-05-01,2025-05-09,2025-05-10,8,ROAD,1025.57,False,DELIVERED,EuroFast GmbH,Germany,EUROPEAN,Industrial Degreaser 2L,CLN,C,4.19,12.9,Germany,1100.0,0.1,1.0255699999999999,112.8127,0.112813,0.391711,2025-05,4,UK SRS 2026,DEFRA GHG Conversion Factors 2025,0.602,679.1325,566.3198
PO-000928,PRD-00047,SUP-002,WH-003,288,3.54,1019.52,2025-06-25,2025-07-04,2025-07-07,9,ROAD,1025.57,False,DELIVERED,EuroFast GmbH,Germany,EUROPEAN,Industrial Degreaser 2L,CLN,C,4.19,12.9,Germany,1100.0,0.1,1.0255699999999999,112.8127,0.112813,0.391711,2025-07,4,UK SRS 2026,DEFRA GHG Conversion Factors 2025,0.602,679.1325,566.3198
PO-000929,PRD-00047,SUP-002,WH-001,288,3.65,1051.2,2025-08-24,2025-09-01,2025-09-03,8,ROAD,1025.57,False,DELIVERED,EuroFast GmbH,Germany,EUROPEAN,Industrial Degreaser 2L,CLN,C,4.19,12.9,Germany,1100.0,0.1,1.0255699999999999,112.8127,0.112813,0.391711,2025-09,4,UK SRS 2026,DEFRA GHG Conversion Factors 2025,0.602,679.1325,566.3198
PO-000930,PRD-00047,SUP-002,WH-001,312,3.8,1185.6,2025-10-27,2025-11-03,2025-11-06,7,ROAD,1111.03,False,DELIVERED,EuroFast GmbH,Germany,EUROPEAN,Industrial Degreaser 2L,CLN,C,4.19,12.9,Germany,1100.0,0.1,1.11103,122.2133,0.122213,0.391709,2025-11,4,UK SRS 2026,DEFRA GHG Conversion Factors 2025,0.602,735.7241,613.5108
PO-000931,PRD-00047,SUP-002,WH-001,432,3.56,1537.92,2025-12-24,2026-01-01,2025-12-31,8,ROAD,1538.35,False,DELIVERED,EuroFast GmbH,Germany,EUROPEAN,Industrial Degreaser 2L,CLN,C,4.19,12.9,Germany,1100.0,0.1,1.5383499999999999,169.2185,0.169218,0.391709,2025-12,4,UK SRS 2026,DEFRA GHG Conversion Factors 2025,0.602,1018.6954,849.4769
PO-000932,PRD-00048,SUP-008,WH-001,288,4.84,1393.92,2024-01-16,2024-01-18,2024-01-21,2,ROAD,355.68,False,DELIVERED,LocalPack Ltd,United Kingdom,DOMESTIC,Antibacterial Surface Spray 1L,CLN,B,5.55,12.3,United Kingdom,250.0,0.1,0.35568,8.892,0.008892,0.030875,2024-01,4,UK SRS 2026,DEFRA GHG Conversion Factors 2025,0.602,53.5298,44.6378
PO-000933,PRD-00048,SUP-008,WH-003,384,4.93,1893.12,2024-03-01,2024-03-03,2024-03-04,2,ROAD,474.24,False,DELIVERED,LocalPack Ltd,United Kingdom,DOMESTIC,Antibacterial Surface Spray 1L,CLN,B,5.55,12.3,United Kingdom,250.0,0.1,0.47424,11.856,0.011856,0.030875,2024-03,4,UK SRS 2026,DEFRA GHG Conversion Factors 2025,0.602,71.3731,59.5171
PO-000934,PRD-00048,SUP-008,WH-002,384,4.87,1870.08,2024-04-17,2024-04-20,2024-04-23,3,ROAD,474.24,False,DELIVERED,LocalPack Ltd,United Kingdom,DOMESTIC,Antibacterial Surface Spray 1L,CLN,B,5.55,12.3,United Kingdom,250.0,0.1,0.47424,11.856,0.011856,0.030875,2024-04,4,UK SRS 2026,DEFRA GHG Conversion Factors 2025,0.602,71.3731,59.5171
PO-000935,PRD-00048,SUP-008,WH-001,432,5.09,2198.88,2024-06-06,2024-06-09,2024-06-09,3,ROAD,533.52,False,DELIVERED,LocalPack Ltd,United Kingdom,DOMESTIC,Antibacterial Surface Spray 1L,CLN,B,5.55,12.3,United Kingdom,250.0,0.1,0.53352,13.338,0.013338,0.030875,2024-06,4,UK SRS 2026,DEFRA GHG Conversion Factors 2025,0.602,80.2948,66.9568
PO-000936,PRD-00048,SUP-008,WH-002,432,4.84,2090.88,2024-07-20,2024-07-23,2024-07-26,3,ROAD,533.52,False,DELIVERED,LocalPack Ltd,United Kingdom,DOMESTIC,Antibacterial Surface Spray 1L,CLN,B,5.55,12.3,United Kingdom,250.0,0.1,0.53352,13.338,0.013338,0.030875,2024-07,4,UK SRS 2026,DEFRA GHG Conversion Factors 2025,0.602,80.2948,66.9568
PO-000937,PRD-00048,SUP-008,WH-002,432,4.92,2125.44,2024-08-29,2024-09-01,2024-09-01,3,ROAD,533.52,False,DELIVERED,LocalPack Ltd,United Kingdom,DOMESTIC,Antibacterial Surface Spray 1L,CLN,B,5.55,12.3,United Kingdom,250.0,0.1,0.53352,13.338,0.013338,0.030875,2024-09,4,UK SRS 2026,DEFRA GHG Conversion Factors 2025,0.602,80.2948,66.9568
PO-000938,PRD-00048,SUP-008,WH-001,432,4.98,2151.36,2024-10-18,2024-10-21,2024-10-21,3,ROAD,533.52,False,DELIVERED,LocalPack Ltd,United Kingdom,DOMESTIC,Antibacterial Surface Spray 1L,CLN,B,5.55,12.3,United Kingdom,250.0,0.1,0.53352,13.338,0.013338,0.030875,2024-10,4,UK SRS 2026,DEFRA GHG Conversion Factors 2025,0.602,80.2948,66.9568
PO-000939,PRD-00048,SUP-008,WH-002,624,5.0,3120.0,2024-12-01,2024-12-04,2024-12-05,3,ROAD,770.64,False,DELIVERED,LocalPack Ltd,United Kingdom,DOMESTIC,Antibacterial Surface Spray 1L,CLN,B,5.55,12.3,United Kingdom,250.0,0.1,0.77064,19.266,0.019266,0.030875,2024-12,4,UK SRS 2026,DEFRA GHG Conversion Factors 2025,0.602,115.9813,96.7153
PO-000940,PRD-00048,SUP-008,WH-002,288,5.02,1445.76,2025-01-11,2025-01-14,2025-01-14,3,ROAD,355.68,False,DELIVERED,LocalPack Ltd,United Kingdom,DOMESTIC,Antibacterial Surface Spray 1L,CLN,B,5.55,12.3,United Kingdom,250.0,0.1,0.35568,8.892,0.008892,0.030875,2025-01,4,UK SRS 2026,DEFRA GHG Conversion Factors 2025,0.602,53.5298,44.6378
PO-000941,PRD-00048,SUP-008,WH-002,384,4.82,1850.88,2025-03-01,2025-03-03,2025-03-04,2,ROAD,474.24,False,DELIVERED,LocalPack Ltd,United Kingdom,DOMESTIC,Antibacterial Surface Spray 1L,CLN,B,5.55,12.3,United Kingdom,250.0,0.1,0.47424,11.856,0.011856,0.030875,2025-03,4,UK SRS 2026,DEFRA GHG Conversion Factors 2025,0.602,71.3731,59.5171
PO-000942,PRD-00048,SUP-008,WH-001,384,4.78,1835.52,2025-04-13,2025-04-16,2025-04-15,3,ROAD,474.24,False,DELIVERED,LocalPack Ltd,United Kingdom,DOMESTIC,Antibacterial Surface Spray 1L,CLN,B,5.55,12.3,United Kingdom,250.0,0.1,0.47424,11.856,0.011856,0.030875,2025-04,4,UK SRS 2026,DEFRA GHG Conversion Factors 2025,0.602,71.3731,59.5171
PO-000943,PRD-00048,SUP-008,WH-003,384,4.86,1866.24,2025-05-30,2025-06-01,2025-06-03,2,ROAD,474.24,False,DELIVERED,LocalPack Ltd,United Kingdom,DOMESTIC,Antibacterial Surface Spray 1L,CLN,B,5.55,12.3,United Kingdom,250.0,0.1,0.47424,11.856,0.011856,0.030875,2025-06,4,UK SRS 2026,DEFRA GHG Conversion Factors 2025,0.602,71.3731,59.5171
PO-000944,PRD-00048,SUP-008,WH-001,432,4.78,2064.96,2025-07-11,2025-07-15,2025-07-17,4,ROAD,533.52,False,DELIVERED,LocalPack Ltd,United Kingdom,DOMESTIC,Antibacterial Surface Spray 1L,CLN,B,5.55,12.3,United Kingdom,250.0,0.1,0.53352,13.338,0.013338,0.030875,2025-07,4,UK SRS 2026,DEFRA GHG Conversion Factors 2025,0.602,80.2948,66.9568
PO-000945,PRD-00048,SUP-008,WH-003,432,4.89,2112.48,2025-08-21,2025-08-23,2025-08-25,2,ROAD,533.52,False,DELIVERED,LocalPack Ltd,United Kingdom,DOMESTIC,Antibacterial Surface Spray 1L,CLN,B,5.55,12.3,United Kingdom,250.0,0.1,0.53352,13.338,0.013338,0.030875,2025-08,4,UK SRS 2026,DEFRA GHG Conversion Factors 2025,0.602,80.2948,66.9568
PO-000946,PRD-00048,SUP-008,WH-002,432,4.96,2142.72,2025-10-10,2025-10-12,2025-10-13,2,ROAD,533.52,False,DELIVERED,LocalPack Ltd,United Kingdom,DOMESTIC,Antibacterial Surface Spray 1L,CLN,B,5.55,12.3,United Kingdom,250.0,0.1,0.53352,13.338,0.013338,0.030875,2025-10,4,UK SRS 2026,DEFRA GHG Conversion Factors 2025,0.602,80.2948,66.9568
PO-000947,PRD-00048,SUP-008,WH-001,528,4.89,2581.92,2025-11-25,2025-11-27,2025-11-26,2,ROAD,652.08,False,DELIVERED,LocalPack Ltd,United Kingdom,DOMESTIC,Antibacterial Surface Spray 1L,CLN,B,5.55,12.3,United Kingdom,250.0,0.1,0.65208,16.302,0.016302,0.030875,2025-11,4,UK SRS 2026,DEFRA GHG Conversion Factors 2025,0.602,98.138,81.836
PO-000948,PRD-00049,SUP-008,WH-003,192,10.56,2027.52,2024-01-20,2024-01-22,2024-01-24,2,ROAD,614.02,False,DELIVERED,LocalPack Ltd,United Kingdom,DOMESTIC,Laundry Detergent 2.5kg,CLN,A,12.02,11.9,United Kingdom,250.0,0.1,0.61402,15.3505,0.01535,0.079951,2024-01,4,UK SRS 2026,DEFRA GHG Conversion Factors 2025,0.602,92.41,77.0595
PO-000949,PRD-00049,SUP-008,WH-001,192,10.79,2071.68,2024-02-14,2024-02-16,2024-02-18,2,ROAD,614.02,False,DELIVERED,LocalPack Ltd,United Kingdom,DOMESTIC,Laundry Detergent 2.5kg,CLN,A,12.02,11.9,United Kingdom,250.0,0.1,0.61402,15.3505,0.01535,0.079951,2024-02,4,UK SRS 2026,DEFRA GHG Conversion Factors 2025,0.602,92.41,77.0595
PO-000950,PRD-00049,SUP-008,WH-002,192,10.66,2046.72,2024-03-16,2024-03-18,2024-03-21,2,ROAD,614.02,False,DELIVERED,LocalPack Ltd,United Kingdom,DOMESTIC,Laundry Detergent 2.5kg,CLN,A,12.02,11.9,United Kingdom,250.0,0.1,0.61402,15.3505,0.01535,0.079951,2024-03,4,UK SRS 2026,DEFRA GHG Conversion Factors 2025,0.602,92.41,77.0595
PO-000951,PRD-00049,SUP-008,WH-002,192,10.64,2042.88,2024-04-11,2024-04-14,2024-04-15,3,ROAD,614.02,False,DELIVERED,LocalPack Ltd,United Kingdom,DOMESTIC,Laundry Detergent 2.5kg,CLN,A,12.02,11.9,United Kingdom,250.0,0.1,0.61402,15.3505,0.01535,0.079951,2024-04,4,UK SRS 2026,DEFRA GHG Conversion Factors 2025,0.602,92.41,77.0595
PO-000952,PRD-00049,SUP-008,WH-001,240,10.7,2568.0,2024-05-10,2024-05-13,2024-05-15,3,ROAD,767.52,False,DELIVERED,LocalPack Ltd,United Kingdom,DOMESTIC,Laundry Detergent 2.5kg,CLN,A,12.02,11.9,United Kingdom,250.0,0.1,0.76752,19.188,0.019188,0.07995,2024-05,4,UK SRS 2026,DEFRA GHG Conversion Factors 2025,0.602,115.5118,96.3238
PO-000953,PRD-00049,SUP-008,WH-003,240,10.55,2532.0,2024-06-12,2024-06-15,2024-06-15,3,ROAD,767.52,False,DELIVERED,LocalPack Ltd,United Kingdom,DOMESTIC,Laundry Detergent 2.5kg,CLN,A,12.02,11.9,United Kingdom,250.0,0.1,0.76752,19.188,0.019188,0.07995,2024-06,4,UK SRS 2026,DEFRA GHG Conversion Factors 2025,0.602,115.5118,96.3238
PO-000954,PRD-00049,SUP-008,WH-001,240,10.41,2498.4,2024-07-09,2024-07-11,2024-07-11,2,ROAD,767.52,False,DELIVERED,LocalPack Ltd,United Kingdom,DOMESTIC,Laundry Detergent 2.5kg,CLN,A,12.02,11.9,United Kingdom,250.0,0.1,0.76752,19.188,0.019188,0.07995,2024-07,4,UK SRS 2026,DEFRA GHG Conversion Factors 2025,0.602,115.5118,96.3238
PO-000955,PRD-00049,SUP-008,WH-002,240,10.41,2498.4,2024-08-05,2024-08-09,2024-08-10,4,ROAD,767.52,False,DELIVERED,LocalPack Ltd,United Kingdom,DOMESTIC,Laundry Detergent 2.5kg,CLN,A,12.02,11.9,United Kingdom,250.0,0.1,0.76752,19.188,0.019188,0.07995,2024-08,4,UK SRS 2026,DEFRA GHG Conversion Factors 2025,0.602,115.5118,96.3238
PO-000956,PRD-00049,SUP-008,WH-002,240,10.62,2548.8,2024-09-05,2024-09-09,2024-09-08,4,ROAD,767.52,False,DELIVERED,LocalPack Ltd,United Kingdom,DOMESTIC,Laundry Detergent 2.5kg,CLN,A,12.02,11.9,United Kingdom,250.0,0.1,0.76752,19.188,0.019188,0.07995,2024-09,4,UK SRS 2026,DEFRA GHG Conversion Factors 2025,0.602,115.5118,96.3238
PO-000957,PRD-00049,SUP-008,WH-002,240,10.71,2570.4,2024-10-04,2024-10-08,2024-10-09,4,ROAD,767.52,False,DELIVERED,LocalPack Ltd,United Kingdom,DOMESTIC,Laundry Detergent 2.5kg,CLN,A,12.02,11.9,United Kingdom,250.0,0.1,0.76752,19.188,0.019188,0.07995,2024-10,4,UK SRS 2026,DEFRA GHG Conversion Factors 2025,0.602,115.5118,96.3238
PO-000958,PRD-00049,SUP-008,WH-001,240,10.79,2589.6,2024-10-31,2024-11-03,2024-11-02,3,ROAD,767.52,False,DELIVERED,LocalPack Ltd,United Kingdom,DOMESTIC,Laundry Detergent 2.5kg,CLN,A,12.02,11.9,United Kingdom,250.0,0.1,0.76752,19.188,0.019188,0.07995,2024-11,4,UK SRS 2026,DEFRA GHG Conversion Factors 2025,0.602,115.5118,96.3238
PO-000959,PRD-00049,SUP-008,WH-003,288,10.94,3150.72,2024-11-25,2024-11-29,2024-11-30,4,ROAD,921.02,False,DELIVERED,LocalPack Ltd,United Kingdom,DOMESTIC,Laundry Detergent 2.5kg,CLN,A,12.02,11.9,United Kingdom,250.0,0.1,0.92102,23.0255,0.023026,0.07995,2024-11,4,UK SRS 2026,DEFRA GHG Conversion Factors 2025,0.602,138.6135,115.588
PO-000960,PRD-00049,SUP-008,WH-001,336,11.07,3719.52,2024-12-21,2024-12-23,2024-12-24,2,ROAD,1074.53,False,DELIVERED,LocalPack Ltd,United Kingdom,DOMESTIC,Laundry Detergent 2.5kg,CLN,A,12.02,11.9,United Kingdom,250.0,0.1,1.07453,26.8632,0.026863,0.07995,2024-12,4,UK SRS 2026,DEFRA GHG Conversion Factors 2025,0.602,161.7168,134.8536
PO-000961,PRD-00049,SUP-008,WH-002,192,10.97,2106.24,2025-01-17,2025-01-19,2025-01-20,2,ROAD,614.02,False,DELIVERED,LocalPack Ltd,United Kingdom,DOMESTIC,Laundry Detergent 2.5kg,CLN,A,12.02,11.9,United Kingdom,250.0,0.1,0.61402,15.3505,0.01535,0.079951,2025-01,4,UK SRS 2026,DEFRA GHG Conversion Factors 2025,0.602,92.41,77.0595
PO-000962,PRD-00049,SUP-008,WH-001,192,10.59,2033.28,2025-02-16,2025-02-19,2025-02-20,3,ROAD,614.02,False,DELIVERED,LocalPack Ltd,United Kingdom,DOMESTIC,Laundry Detergent 2.5kg,CLN,A,12.02,11.9,United Kingdom,250.0,0.1,0.61402,15.3505,0.01535,0.079951,2025-02,4,UK SRS 2026,DEFRA GHG Conversion Factors 2025,0.602,92.41,77.0595
PO-000963,PRD-00049,SUP-008,WH-001,192,10.76,2065.92,2025-03-23,2025-03-25,2025-03-28,2,ROAD,614.02,False,DELIVERED,LocalPack Ltd,United Kingdom,DOMESTIC,Laundry Detergent 2.5kg,CLN,A,12.02,11.9,United Kingdom,250.0,0.1,0.61402,15.3505,0.01535,0.079951,2025-03,4,UK SRS 2026,DEFRA GHG Conversion Factors 2025,0.602,92.41,77.0595
PO-000964,PRD-00049,SUP-008,WH-003,192,10.74,2062.08,2025-04-20,2025-04-24,2025-04-24,4,ROAD,614.02,False,DELIVERED,LocalPack Ltd,United Kingdom,DOMESTIC,Laundry Detergent 2.5kg,CLN,A,12.02,11.9,United Kingdom,250.0,0.1,0.61402,15.3505,0.01535,0.079951,2025-04,4,UK SRS 2026,DEFRA GHG Conversion Factors 2025,0.602,92.41,77.0595
PO-000965,PRD-00049,SUP-008,WH-003,240,10.23,2455.2,2025-05-18,2025-05-21,2025-05-22,3,ROAD,767.52,False,DELIVERED,LocalPack Ltd,United Kingdom,DOMESTIC,Laundry Detergent 2.5kg,CLN,A,12.02,11.9,United Kingdom,250.0,0.1,0.76752,19.188,0.019188,0.07995,2025-05,4,UK SRS 2026,DEFRA GHG Conversion Factors 2025,0.602,115.5118,96.3238
PO-000966,PRD-00049,SUP-008,WH-001,240,10.57,2536.8,2025-06-17,2025-06-20,2025-06-19,3,ROAD,767.52,False,DELIVERED,LocalPack Ltd,United Kingdom,DOMESTIC,Laundry Detergent 2.5kg,CLN,A,12.02,11.9,United Kingdom,250.0,0.1,0.76752,19.188,0.019188,0.07995,2025-06,4,UK SRS 2026,DEFRA GHG Conversion Factors 2025,0.602,115.5118,96.3238
PO-000967,PRD-00049,SUP-008,WH-001,240,10.78,2587.2,2025-07-14,2025-07-16,2025-07-16,2,ROAD,767.52,False,DELIVERED,LocalPack Ltd,United Kingdom,DOMESTIC,Laundry Detergent 2.5kg,CLN,A,12.02,11.9,United Kingdom,250.0,0.1,0.76752,19.188,0.019188,0.07995,2025-07,4,UK SRS 2026,DEFRA GHG Conversion Factors 2025,0.602,115.5118,96.3238
PO-000968,PRD-00049,SUP-008,WH-001,240,10.59,2541.6,2025-08-16,2025-08-20,2025-08-23,4,ROAD,767.52,False,DELIVERED,LocalPack Ltd,United Kingdom,DOMESTIC,Laundry Detergent 2.5kg,CLN,A,12.02,11.9,United Kingdom,250.0,0.1,0.76752,19.188,0.019188,0.07995,2025-08,4,UK SRS 2026,DEFRA GHG Conversion Factors 2025,0.602,115.5118,96.3238
PO-000969,PRD-00049,SUP-008,WH-001,240,10.37,2488.8,2025-09-17,2025-09-20,2025-09-20,3,ROAD,767.52,False,DELIVERED,LocalPack Ltd,United Kingdom,DOMESTIC,Laundry Detergent 2.5kg,CLN,A,12.02,11.9,United Kingdom,250.0,0.1,0.76752,19.188,0.019188,0.07995,2025-09,4,UK SRS 2026,DEFRA GHG Conversion Factors 2025,0.602,115.5118,96.3238
PO-000970,PRD-00049,SUP-008,WH-001,240,10.45,2508.0,2025-10-16,2025-10-18,2025-10-19,2,ROAD,767.52,False,DELIVERED,LocalPack Ltd,United Kingdom,DOMESTIC,Laundry Detergent 2.5kg,CLN,A,12.02,11.9,United Kingdom,250.0,0.1,0.76752,19.188,0.019188,0.07995,2025-10,4,UK SRS 2026,DEFRA GHG Conversion Factors 2025,0.602,115.5118,96.3238
PO-000971,PRD-00049,SUP-008,WH-002,288,10.95,3153.6,2025-11-13,2025-11-15,2025-11-15,2,ROAD,921.02,False,DELIVERED,LocalPack Ltd,United Kingdom,DOMESTIC,Laundry Detergent 2.5kg,CLN,A,12.02,11.9,United Kingdom,250.0,0.1,0.92102,23.0255,0.023026,0.07995,2025-11,4,UK SRS 2026,DEFRA GHG Conversion Factors 2025,0.602,138.6135,115.588
PO-000972,PRD-00049,SUP-008,WH-002,336,10.4,3494.4,2025-12-17,2025-12-19,2025-12-22,2,ROAD,1074.53,False,DELIVERED,LocalPack Ltd,United Kingdom,DOMESTIC,Laundry Detergent 2.5kg,CLN,A,12.02,11.9,United Kingdom,250.0,0.1,1.07453,26.8632,0.026863,0.07995,2025-12,4,UK SRS 2026,DEFRA GHG Conversion Factors 2025,0.602,161.7168,134.8536
PO-000973,PRD-00050,SUP-001,WH-001,168,9.9,1663.2,2024-01-22,2024-01-25,2024-01-28,3,ROAD,566.5,False,DELIVERED,BritGoods Ltd,United Kingdom,DOMESTIC,Fabric Softener 1.5L,CLN,A,11.92,16.5,United Kingdom,250.0,0.1,0.5665,14.1625,0.014162,0.084301,2024-01,4,UK SRS 2026,DEFRA GHG Conversion Factors 2025,0.602,85.2582,71.0957
PO-000974,PRD-00050,SUP-001,WH-001,180,9.57,1722.6,2024-02-24,2024-02-27,2024-02-28,3,ROAD,606.96,False,DELIVERED,BritGoods Ltd,United Kingdom,DOMESTIC,Fabric Softener 1.5L,CLN,A,11.92,16.5,United Kingdom,250.0,0.1,0.60696,15.174,0.015174,0.0843,2024-02,4,UK SRS 2026,DEFRA GHG Conversion Factors 2025,0.602,91.3475,76.1735
PO-000975,PRD-00050,SUP-001,WH-003,204,10.18,2076.72,2024-03-23,2024-03-26,2024-03-26,3,ROAD,687.89,False,DELIVERED,BritGoods Ltd,United Kingdom,DOMESTIC,Fabric Softener 1.5L,CLN,A,11.92,16.5,United Kingdom,250.0,0.1,0.68789,17.1972,0.017197,0.0843,2024-03,4,UK SRS 2026,DEFRA GHG Conversion Factors 2025,0.602,103.5274,86.3302
PO-000976,PRD-00050,SUP-001,WH-002,216,10.21,2205.36,2024-04-26,2024-05-01,2024-05-04,5,ROAD,728.35,False,DELIVERED,BritGoods Ltd,United Kingdom,DOMESTIC,Fabric Softener 1.5L,CLN,A,11.92,16.5,United Kingdom,250.0,0.1,0.72835,18.2088,0.018209,0.0843,2024-05,4,UK SRS 2026,DEFRA GHG Conversion Factors 2025,0.602,109.6167,91.4079
PO-000977,PRD-00050,SUP-001,WH-002,228,10.01,2282.28,2024-05-22,2024-05-27,2024-05-28,5,ROAD,768.82,False,DELIVERED,BritGoods Ltd,United Kingdom,DOMESTIC,Fabric Softener 1.5L,CLN,A,11.92,16.5,United Kingdom,250.0,0.1,0.7688200000000001,19.2205,0.01922,0.0843,2024-05,4,UK SRS 2026,DEFRA GHG Conversion Factors 2025,0.602,115.7074,96.4869
PO-000978,PRD-00050,SUP-001,WH-001,240,10.07,2416.8,2024-06-17,2024-06-20,2024-06-20,3,ROAD,809.28,False,DELIVERED,BritGoods Ltd,United Kingdom,DOMESTIC,Fabric Softener 1.5L,CLN,A,11.92,16.5,United Kingdom,250.0,0.1,0.80928,20.232,0.020232,0.0843,2024-06,4,UK SRS 2026,DEFRA GHG Conversion Factors 2025,0.602,121.7966,101.5646
PO-000979,PRD-00050,SUP-001,WH-002,252,10.0,2520.0,2024-07-19,2024-07-23,2024-07-23,4,ROAD,849.74,False,DELIVERED,BritGoods Ltd,United Kingdom,DOMESTIC,Fabric Softener 1.5L,CLN,A,11.92,16.5,United Kingdom,250.0,0.1,0.84974,21.2435,0.021244,0.0843,2024-07,4,UK SRS 2026,DEFRA GHG Conversion Factors 2025,0.602,127.8859,106.6424
PO-000980,PRD-00050,SUP-001,WH-003,240,10.12,2428.8,2024-08-17,2024-08-23,2024-08-24,6,ROAD,809.28,False,DELIVERED,BritGoods Ltd,United Kingdom,DOMESTIC,Fabric Softener 1.5L,CLN,A,11.92,16.5,United Kingdom,250.0,0.1,0.80928,20.232,0.020232,0.0843,2024-08,4,UK SRS 2026,DEFRA GHG Conversion Factors 2025,0.602,121.7966,101.5646
PO-000981,PRD-00050,SUP-001,WH-001,228,9.82,2238.96,2024-09-19,2024-09-25,2024-09-27,6,ROAD,768.82,False,DELIVERED,BritGoods Ltd,United Kingdom,DOMESTIC,Fabric Softener 1.5L,CLN,A,11.92,16.5,United Kingdom,250.0,0.1,0.7688200000000001,19.2205,0.01922,0.0843,2024-09,4,UK SRS 2026,DEFRA GHG Conversion Factors 2025,0.602,115.7074,96.4869
PO-000982,PRD-00050,SUP-001,WH-001,252,9.98,2514.96,2024-10-21,2024-10-24,2024-10-25,3,ROAD,849.74,False,DELIVERED,BritGoods Ltd,United Kingdom,DOMESTIC,Fabric Softener 1.5L,CLN,A,11.92,16.5,United Kingdom,250.0,0.1,0.84974,21.2435,0.021244,0.0843,2024-10,4,UK SRS 2026,DEFRA GHG Conversion Factors 2025,0.602,127.8859,106.6424
PO-000983,PRD-00050,SUP-001,WH-002,306,10.01,3063.06,2024-11-19,2024-11-24,2024-11-27,5,ROAD,1031.83,False,DELIVERED,BritGoods Ltd,United Kingdom,DOMESTIC,Fabric Softener 1.5L,CLN,A,11.92,16.5,United Kingdom,250.0,0.1,1.03183,25.7957,0.025796,0.0843,2024-11,4,UK SRS 2026,DEFRA GHG Conversion Factors 2025,0.602,155.2904,129.4947
PO-000984,PRD-00050,SUP-001,WH-002,336,10.34,3474.24,2024-12-20,2024-12-24,2024-12-26,4,ROAD,1132.99,False,DELIVERED,BritGoods Ltd,United Kingdom,DOMESTIC,Fabric Softener 1.5L,CLN,A,11.92,16.5,United Kingdom,250.0,0.1,1.13299,28.3248,0.028325,0.0843,2024-12,4,UK SRS 2026,DEFRA GHG Conversion Factors 2025,0.602,170.515,142.1902
PO-000985,PRD-00050,SUP-001,WH-001,168,9.84,1653.12,2025-01-18,2025-01-22,2025-01-25,4,ROAD,566.5,False,DELIVERED,BritGoods Ltd,United Kingdom,DOMESTIC,Fabric Softener 1.5L,CLN,A,11.92,16.5,United Kingdom,250.0,0.1,0.5665,14.1625,0.014162,0.084301,2025-01,4,UK SRS 2026,DEFRA GHG Conversion Factors 2025,0.602,85.2582,71.0957
PO-000986,PRD-00050,SUP-001,WH-001,180,10.25,1845.0,2025-02-19,2025-02-23,2025-02-23,4,ROAD,606.96,False,DELIVERED,BritGoods Ltd,United Kingdom,DOMESTIC,Fabric Softener 1.5L,CLN,A,11.92,16.5,United Kingdom,250.0,0.1,0.60696,15.174,0.015174,0.0843,2025-02,4,UK SRS 2026,DEFRA GHG Conversion Factors 2025,0.602,91.3475,76.1735
PO-000987,PRD-00050,SUP-001,WH-002,204,9.96,2031.84,2025-03-22,2025-03-26,2025-03-28,4,ROAD,687.89,False,DELIVERED,BritGoods Ltd,United Kingdom,DOMESTIC,Fabric Softener 1.5L,CLN,A,11.92,16.5,United Kingdom,250.0,0.1,0.68789,17.1972,0.017197,0.0843,2025-03,4,UK SRS 2026,DEFRA GHG Conversion Factors 2025,0.602,103.5274,86.3302
PO-000988,PRD-00050,SUP-001,WH-001,216,10.19,2201.04,2025-04-25,2025-04-28,2025-04-29,3,ROAD,728.35,False,DELIVERED,BritGoods Ltd,United Kingdom,DOMESTIC,Fabric Softener 1.5L,CLN,A,11.92,16.5,United Kingdom,250.0,0.1,0.72835,18.2088,0.018209,0.0843,2025-04,4,UK SRS 2026,DEFRA GHG Conversion Factors 2025,0.602,109.6167,91.4079
PO-000989,PRD-00050,SUP-001,WH-001,228,10.39,2368.92,2025-05-30,2025-06-03,2025-06-02,4,ROAD,768.82,False,DELIVERED,BritGoods Ltd,United Kingdom,DOMESTIC,Fabric Softener 1.5L,CLN,A,11.92,16.5,United Kingdom,250.0,0.1,0.7688200000000001,19.2205,0.01922,0.0843,2025-06,4,UK SRS 2026,DEFRA GHG Conversion Factors 2025,0.602,115.7074,96.4869
PO-000990,PRD-00050,SUP-001,WH-001,240,10.34,2481.6,2025-06-25,2025-06-30,2025-06-30,5,ROAD,809.28,False,DELIVERED,BritGoods Ltd,United Kingdom,DOMESTIC,Fabric Softener 1.5L,CLN,A,11.92,16.5,United Kingdom,250.0,0.1,0.80928,20.232,0.020232,0.0843,2025-06,4,UK SRS 2026,DEFRA GHG Conversion Factors 2025,0.602,121.7966,101.5646
PO-000991,PRD-00050,SUP-001,WH-002,252,9.91,2497.32,2025-07-21,2025-07-24,2025-07-25,3,ROAD,849.74,False,DELIVERED,BritGoods Ltd,United Kingdom,DOMESTIC,Fabric Softener 1.5L,CLN,A,11.92,16.5,United Kingdom,250.0,0.1,0.84974,21.2435,0.021244,0.0843,2025-07,4,UK SRS 2026,DEFRA GHG Conversion Factors 2025,0.602,127.8859,106.6424
PO-000992,PRD-00050,SUP-001,WH-002,240,10.28,2467.2,2025-08-19,2025-08-23,2025-08-24,4,ROAD,809.28,False,DELIVERED,BritGoods Ltd,United Kingdom,DOMESTIC,Fabric Softener 1.5L,CLN,A,11.92,16.5,United Kingdom,250.0,0.1,0.80928,20.232,0.020232,0.0843,2025-08,4,UK SRS 2026,DEFRA GHG Conversion Factors 2025,0.602,121.7966,101.5646
PO-000993,PRD-00050,SUP-001,WH-001,228,9.97,2273.16,2025-09-22,2025-09-27,2025-09-29,5,ROAD,768.82,False,DELIVERED,BritGoods Ltd,United Kingdom,DOMESTIC,Fabric Softener 1.5L,CLN,A,11.92,16.5,United Kingdom,250.0,0.1,0.7688200000000001,19.2205,0.01922,0.0843,2025-09,4,UK SRS 2026,DEFRA GHG Conversion Factors 2025,0.602,115.7074,96.4869
PO-000994,PRD-00050,SUP-001,WH-002,252,10.17,2562.84,2025-10-25,2025-10-29,2025-10-30,4,ROAD,849.74,False,DELIVERED,BritGoods Ltd,United Kingdom,DOMESTIC,Fabric Softener 1.5L,CLN,A,11.92,16.5,United Kingdom,250.0,0.1,0.84974,21.2435,0.021244,0.0843,2025-10,4,UK SRS 2026,DEFRA GHG Conversion Factors 2025,0.602,127.8859,106.6424
PO-000995,PRD-00050,SUP-001,WH-002,306,9.74,2980.44,2025-11-22,2025-11-25,2025-11-28,3,ROAD,1031.83,False,DELIVERED,BritGoods Ltd,United Kingdom,DOMESTIC,Fabric Softener 1.5L,CLN,A,11.92,16.5,United Kingdom,250.0,0.1,1.03183,25.7957,0.025796,0.0843,2025-11,4,UK SRS 2026,DEFRA GHG Conversion Factors 2025,0.602,155.2904,129.4947
PO-000996,PRD-00050,SUP-001,WH-001,336,9.79,3289.44,2025-12-26,2025-12-29,2025-12-29,3,ROAD,1132.99,False,DELIVERED,BritGoods Ltd,United Kingdom,DOMESTIC,Fabric Softener 1.5L,CLN,A,11.92,16.5,United Kingdom,250.0,0.1,1.13299,28.3248,0.028325,0.0843,2025-12,4,UK SRS 2026,DEFRA GHG Conversion Factors 2025,0.602,170.515,142.1902
