DateKey,YearMonth,Year,MonthNumber,product_id,product_name,category_name,warehouse_id,abc_class,stock_on_hand,stock_cover_days,avg_daily_demand,stock_value_gbp,excess_stock_value_gbp,potential_revenue,gross_margin_value,is_stock_out,is_slow_mover,is_at_risk,days_cover_band
20240101,2024-01,2024,1,PRD-00001,Premium Kitchen Roll 6-Pack,Household Essentials,WH-002,C,203,79.8,2.54,1004.85,0.0,1197.7,161.78085000000002,False,False,False,Excess (60-90d)
20240101,2024-01,2024,1,PRD-00002,Aluminium Foil 30m Roll,Household Essentials,WH-001,C,309,79.9,3.87,998.07,0.0,1198.92,167.67576,False,False,False,Excess (60-90d)
20240101,2024-01,2024,1,PRD-00003,Cling Film 100m,Household Essentials,WH-002,C,215,79.8,2.69,943.85,0.0,1197.55,199.15235,False,False,False,Excess (60-90d)
20240101,2024-01,2024,1,PRD-00004,Bin Bags 40L 50-Pack,Household Essentials,WH-003,B,204,79.6,2.56,2537.76,0.0,2986.56,380.664,False,False,False,Excess (60-90d)
20240101,2024-01,2024,1,PRD-00005,Washing Up Liquid 500ml,Household Essentials,WH-002,C,169,79.9,2.12,948.09,0.0,1198.21,198.15080999999998,False,False,False,Excess (60-90d)
20240101,2024-01,2024,1,PRD-00006,Dishwasher Tablets 60-Pack,Household Essentials,WH-002,C,127,79.6,1.6,982.98,0.0,1193.8,173.00448,False,False,False,Excess (60-90d)
20240101,2024-01,2024,1,PRD-00007,Kitchen Cleaner Spray 750ml,Household Essentials,WH-001,B,226,79.9,2.83,2359.44,0.0,2996.7599999999998,500.20128,False,False,False,Excess (60-90d)
20240101,2024-01,2024,1,PRD-00008,Toilet Cleaner 750ml,Household Essentials,WH-002,C,273,79.7,3.42,1023.75,0.0,1195.74,146.39625,False,False,False,Excess (60-90d)
20240101,2024-01,2024,1,PRD-00009,Bathroom Cleaner 500ml,Household Essentials,WH-001,C,194,79.7,2.44,937.02,0.0,1195.04,203.33334,False,False,False,Excess (60-90d)
20240101,2024-01,2024,1,PRD-00010,Multi-Surface Wipes 80-Pack,Household Essentials,WH-001,C,371,79.9,4.64,997.99,0.0,1198.33,166.66433,False,False,False,Excess (60-90d)
20240101,2024-01,2024,1,PRD-00011,Sponge Scourers 10-Pack,Household Essentials,WH-002,B,185,79.6,2.32,2421.65,0.0,2984.0499999999997,455.27020000000005,False,False,False,Excess (60-90d)
20240101,2024-01,2024,1,PRD-00012,Paper Towels 12-Roll,Household Essentials,WH-002,C,123,79.9,1.54,1023.36,0.0,1198.02,149.41056,False,False,False,Excess (60-90d)
20240101,2024-01,2024,1,PRD-00013,Rubber Gloves Medium Pair,Household Essentials,WH-002,B,263,80.0,3.29,2490.61,0.0,2998.2000000000003,420.91309,False,False,False,Excess (60-90d)
20240101,2024-01,2024,1,PRD-00014,Oven Cleaner 300ml,Household Essentials,WH-001,C,126,79.7,1.58,939.96,0.0,1195.74,201.15144,False,False,False,Excess (60-90d)
20240101,2024-01,2024,1,PRD-00015,Drain Unblocker 500ml,Household Essentials,WH-003,C,419,79.9,5.24,1026.55,0.0,1198.34,148.84974999999997,False,False,False,Excess (60-90d)
20240101,2024-01,2024,1,PRD-00016,Moisturising Hand Cream 100ml,Personal Care,WH-003,C,175,79.9,2.19,738.5,0.0,1198.75,283.584,False,False,False,Excess (60-90d)
20240101,2024-01,2024,1,PRD-00017,Daily Shampoo 400ml,Personal Care,WH-001,A,280,79.8,3.51,3950.8,0.0,5387.2,1054.8636,False,False,False,Excess (60-90d)
20240101,2024-01,2024,1,PRD-00018,Conditioner 400ml,Personal Care,WH-001,A,250,79.8,3.13,4035.0,0.0,5385.0,1008.75,False,False,False,Excess (60-90d)
20240101,2024-01,2024,1,PRD-00019,Body Lotion 250ml,Personal Care,WH-001,C,303,80.0,3.79,742.35,0.0,1199.8799999999999,282.093,False,False,False,Excess (60-90d)
20240101,2024-01,2024,1,PRD-00020,Shower Gel 500ml,Personal Care,WH-001,B,254,79.9,3.18,2024.38,0.0,2997.2000000000003,655.8991199999999,False,False,False,Excess (60-90d)
20240101,2024-01,2024,1,PRD-00021,Deodorant Roll-On 50ml,Personal Care,WH-001,B,189,79.6,2.37,1882.44,0.0,2986.2000000000003,696.5028,False,False,False,Excess (60-90d)
20240101,2024-01,2024,1,PRD-00022,Facial Cleanser 150ml,Personal Care,WH-003,C,247,79.7,3.1,657.02,0.0,1195.48,295.00197999999995,False,False,False,Excess (60-90d)
20240101,2024-01,2024,1,PRD-00023,Lip Balm SPF15,Personal Care,WH-002,C,160,79.7,2.01,678.4,0.0,1195.2,293.0688,False,False,False,Excess (60-90d)
20240101,2024-01,2024,1,PRD-00024,Hand Sanitiser 500ml,Personal Care,WH-002,C,126,79.6,1.58,768.6,0.0,1194.48,274.39020000000005,False,False,False,Excess (60-90d)
20240101,2024-01,2024,1,PRD-00025,Toothpaste Whitening 100ml,Personal Care,WH-001,B,238,79.9,2.98,1965.88,0.0,2996.42,676.26272,False,False,False,Excess (60-90d)
20240101,2024-01,2024,1,PRD-00026,Mouthwash Fresh Mint 500ml,Personal Care,WH-001,B,182,79.6,2.29,2176.72,0.0,2986.62,589.89112,False,False,False,Excess (60-90d)
20240101,2024-01,2024,1,PRD-00027,Cotton Buds 200-Pack,Personal Care,WH-002,A,290,79.8,3.63,3230.6,0.0,5385.3,1292.24,False,False,False,Excess (60-90d)
20240101,2024-01,2024,1,PRD-00028,Premium Ground Coffee 250g,Food and Beverage,WH-001,B,286,79.9,3.58,2213.64,0.0,2997.28,577.76004,False,False,False,Excess (60-90d)
20240101,2024-01,2024,1,PRD-00029,English Breakfast Tea 80-Pack,Food and Beverage,WH-003,C,267,79.7,3.35,987.9,0.0,1196.16,172.8825,False,False,False,Excess (60-90d)
20240101,2024-01,2024,1,PRD-00030,Instant Hot Chocolate 400g,Food and Beverage,WH-001,B,296,80.0,3.7,2163.76,0.0,2998.48,601.5252800000001,False,False,False,Excess (60-90d)
20240101,2024-01,2024,1,PRD-00031,Organic Honey 340g,Food and Beverage,WH-003,C,154,79.8,1.93,843.92,0.0,1196.58,248.9564,False,False,False,Excess (60-90d)
20240101,2024-01,2024,1,PRD-00032,Extra Virgin Olive Oil 500ml,Food and Beverage,WH-003,C,568,79.9,7.11,908.8,0.0,1198.48,218.11199999999997,False,False,False,Excess (60-90d)
20240101,2024-01,2024,1,PRD-00033,Apple Cider Vinegar 500ml,Food and Beverage,WH-001,B,267,79.8,3.35,2269.5,0.0,2993.07,549.219,False,False,False,Excess (60-90d)
20240101,2024-01,2024,1,PRD-00034,Protein Granola 500g,Food and Beverage,WH-002,C,330,79.9,4.13,851.4,0.0,1197.8999999999999,246.90599999999998,False,False,False,Excess (60-90d)
20240101,2024-01,2024,1,PRD-00035,Mixed Nuts 200g,Food and Beverage,WH-003,B,265,79.8,3.32,2347.9,0.0,2991.85,504.7985,False,False,False,Excess (60-90d)
20240101,2024-01,2024,1,PRD-00036,Herbal Tea Variety 40-Pack,Food and Beverage,WH-001,C,145,79.7,1.82,901.9,0.0,1194.8,221.8674,False,False,False,Excess (60-90d)
20240101,2024-01,2024,1,PRD-00037,Sparkling Water 12x500ml,Food and Beverage,WH-002,C,154,79.8,1.93,933.24,0.0,1196.58,205.31279999999998,False,False,False,Excess (60-90d)
20240101,2024-01,2024,1,PRD-00038,Luxury Bath Gift Set,Seasonal and Gifting,WH-003,A,161,80.0,2.01,3049.34,0.0,5396.72,1326.4629,False,False,False,Excess (60-90d)
20240101,2024-01,2024,1,PRD-00039,Premium Scented Candle Set,Seasonal and Gifting,WH-001,A,125,79.7,1.57,3436.25,0.0,5378.75,1240.48625,False,False,False,Excess (60-90d)
20240101,2024-01,2024,1,PRD-00040,Artisan Chocolate Selection Box,Seasonal and Gifting,WH-001,B,218,79.8,2.73,1386.48,0.0,2993.14,744.5397600000001,False,False,False,Excess (60-90d)
20240101,2024-01,2024,1,PRD-00041,Spa Pamper Set,Seasonal and Gifting,WH-001,A,159,79.6,2.0,2866.77,0.0,5371.02,1335.91482,False,False,False,Excess (60-90d)
20240101,2024-01,2024,1,PRD-00042,Aromatherapy Diffuser Kit,Seasonal and Gifting,WH-002,A,125,79.7,1.57,2542.5,0.0,5378.75,1339.8975,False,False,False,Excess (60-90d)
20240101,2024-01,2024,1,PRD-00043,Premium Notebook and Pen Set,Seasonal and Gifting,WH-001,A,314,79.9,3.93,3140.0,0.0,5394.5199999999995,1312.52,False,False,False,Excess (60-90d)
20240101,2024-01,2024,1,PRD-00044,Personalised Mug Gift Box,Seasonal and Gifting,WH-002,A,121,79.8,1.52,3298.46,0.0,5383.29,1276.50402,False,False,False,Excess (60-90d)
20240101,2024-01,2024,1,PRD-00045,Festive Reed Diffuser,Seasonal and Gifting,WH-001,A,146,79.7,1.83,2649.9,0.0,5378.64,1343.4993000000002,False,False,False,Excess (60-90d)
20240101,2024-01,2024,1,PRD-00046,Professional Floor Cleaner 5L,Cleaning Products,WH-002,C,151,79.5,1.9,992.07,0.0,1192.9,166.66776000000002,False,False,False,Excess (60-90d)
20240101,2024-01,2024,1,PRD-00047,Industrial Degreaser 2L,Cleaning Products,WH-001,C,286,79.9,3.58,1043.9,0.0,1198.3400000000001,134.66310000000001,False,False,False,Excess (60-90d)
20240101,2024-01,2024,1,PRD-00048,Antibacterial Surface Spray 1L,Cleaning Products,WH-001,C,216,79.9,2.7,1051.92,0.0,1198.8,129.38616000000002,False,False,False,Excess (60-90d)
20240101,2024-01,2024,1,PRD-00049,Laundry Detergent 2.5kg,Cleaning Products,WH-002,B,249,79.8,3.12,2636.91,0.0,2992.98,313.79229,False,False,False,Excess (60-90d)
20240101,2024-01,2024,1,PRD-00050,Fabric Softener 1.5L,Cleaning Products,WH-003,B,251,79.8,3.15,2497.45,0.0,2991.92,412.07924999999994,False,False,False,Excess (60-90d)
20240201,2024-02,2024,2,PRD-00001,Premium Kitchen Roll 6-Pack,Household Essentials,WH-002,C,278,102.5,2.71,1376.1,168.79499999999985,1640.2,221.5521,False,True,False,Slow-Mover (>90d)
20240201,2024-02,2024,2,PRD-00002,Aluminium Foil 30m Roll,Household Essentials,WH-003,C,431,104.5,4.12,1392.13,194.44600000000014,1672.28,233.87784000000002,False,True,False,Slow-Mover (>90d)
20240201,2024-02,2024,2,PRD-00003,Cling Film 100m,Household Essentials,WH-003,C,332,115.6,2.87,1457.48,323.5430000000001,1849.24,307.52828,False,True,False,Slow-Mover (>90d)
20240201,2024-02,2024,2,PRD-00004,Bin Bags 40L 50-Pack,Household Essentials,WH-002,B,116,42.5,2.73,1443.04,0.0,1698.24,216.456,False,False,False,Healthy (30-60d)
20240201,2024-02,2024,2,PRD-00005,Washing Up Liquid 500ml,Household Essentials,WH-003,C,229,101.5,2.26,1284.69,143.6160000000002,1623.61,268.50021,False,True,False,Slow-Mover (>90d)
20240201,2024-02,2024,2,PRD-00006,Dishwasher Tablets 60-Pack,Household Essentials,WH-001,C,171,100.5,1.7,1323.54,139.31999999999994,1607.4,232.94304,False,True,False,Slow-Mover (>90d)
20240201,2024-02,2024,2,PRD-00007,Kitchen Cleaner Spray 750ml,Household Essentials,WH-002,B,140,46.4,3.02,1461.6,0.0,1856.3999999999999,309.8592,False,False,False,Healthy (30-60d)
20240201,2024-02,2024,2,PRD-00008,Toilet Cleaner 750ml,Household Essentials,WH-002,C,368,100.7,3.65,1380.0,148.125,1611.84,197.34,False,True,False,Slow-Mover (>90d)
20240201,2024-02,2024,2,PRD-00009,Bathroom Cleaner 500ml,Household Essentials,WH-001,C,214,82.4,2.6,1033.62,0.0,1318.24,224.29553999999996,False,False,False,Excess (60-90d)
20240201,2024-02,2024,2,PRD-00010,Multi-Surface Wipes 80-Pack,Household Essentials,WH-003,C,219,44.2,4.95,589.11,0.0,707.37,98.38137,False,False,False,Healthy (30-60d)
20240201,2024-02,2024,2,PRD-00011,Sponge Scourers 10-Pack,Household Essentials,WH-003,B,214,86.3,2.48,2801.26,0.0,3451.8199999999997,526.6368800000001,False,False,False,Excess (60-90d)
20240201,2024-02,2024,2,PRD-00012,Paper Towels 12-Roll,Household Essentials,WH-001,C,78,47.5,1.64,648.96,0.0,759.72,94.74816000000001,False,False,False,Healthy (30-60d)
20240201,2024-02,2024,2,PRD-00013,Rubber Gloves Medium Pair,Household Essentials,WH-003,B,305,86.9,3.51,2888.35,0.0,3477.0,488.13115,False,False,False,Excess (60-90d)
20240201,2024-02,2024,2,PRD-00014,Oven Cleaner 300ml,Household Essentials,WH-001,C,177,105.0,1.69,1320.42,185.75400000000013,1679.73,282.56988,False,True,False,Slow-Mover (>90d)
20240201,2024-02,2024,2,PRD-00015,Drain Unblocker 500ml,Household Essentials,WH-001,C,605,108.1,5.59,1482.25,249.65499999999997,1730.3,214.92625,False,True,False,Slow-Mover (>90d)
20240201,2024-02,2024,2,PRD-00016,Moisturising Hand Cream 100ml,Personal Care,WH-001,C,232,99.3,2.34,979.04,90.30799999999999,1589.1999999999998,375.95135999999997,False,True,False,Slow-Mover (>90d)
20240201,2024-02,2024,2,PRD-00017,Daily Shampoo 400ml,Personal Care,WH-001,A,281,75.1,3.74,3964.91,0.0,5406.44,1058.63097,False,False,False,Excess (60-90d)
20240201,2024-02,2024,2,PRD-00018,Conditioner 400ml,Personal Care,WH-003,A,262,78.4,3.34,4228.68,0.0,5643.48,1057.17,False,False,False,Excess (60-90d)
20240201,2024-02,2024,2,PRD-00019,Body Lotion 250ml,Personal Care,WH-001,C,199,49.3,4.04,487.55,0.0,788.04,185.269,False,False,False,Healthy (30-60d)
20240201,2024-02,2024,2,PRD-00020,Shower Gel 500ml,Personal Care,WH-001,B,296,87.3,3.39,2359.12,0.0,3492.8,764.35488,False,False,False,Excess (60-90d)
20240201,2024-02,2024,2,PRD-00021,Deodorant Roll-On 50ml,Personal Care,WH-003,B,118,46.6,2.53,1175.28,0.0,1864.4,434.85360000000003,False,False,False,Healthy (30-60d)
20240201,2024-02,2024,2,PRD-00022,Facial Cleanser 150ml,Personal Care,WH-003,C,337,101.9,3.31,896.42,104.00599999999997,1631.08,402.4925799999999,False,True,False,Slow-Mover (>90d)
20240201,2024-02,2024,2,PRD-00023,Lip Balm SPF15,Personal Care,WH-003,C,188,87.8,2.14,797.12,0.0,1404.36,344.35584,False,False,False,Excess (60-90d)
20240201,2024-02,2024,2,PRD-00024,Hand Sanitiser 500ml,Personal Care,WH-001,C,176,104.3,1.69,1073.6,145.78999999999996,1668.48,383.2752,False,True,False,Slow-Mover (>90d)
20240201,2024-02,2024,2,PRD-00025,Toothpaste Whitening 100ml,Personal Care,WH-002,B,290,91.3,3.18,2395.4,0.0,3651.1,824.0175999999999,False,False,False,Slow-Mover (>90d)
20240201,2024-02,2024,2,PRD-00026,Mouthwash Fresh Mint 500ml,Personal Care,WH-002,B,196,80.4,2.44,2344.16,0.0,3216.36,635.2673599999999,False,False,False,Excess (60-90d)
20240201,2024-02,2024,2,PRD-00027,Cotton Buds 200-Pack,Personal Care,WH-003,A,170,43.8,3.88,1893.8,0.0,3156.9,757.52,False,False,False,Healthy (30-60d)
20240201,2024-02,2024,2,PRD-00028,Premium Ground Coffee 250g,Food and Beverage,WH-002,B,317,83.1,3.82,2453.58,0.0,3322.1600000000003,640.38438,False,False,False,Excess (60-90d)
20240201,2024-02,2024,2,PRD-00029,English Breakfast Tea 80-Pack,Food and Beverage,WH-001,C,353,98.8,3.57,1306.1,117.28999999999974,1581.44,228.5675,False,True,False,Slow-Mover (>90d)
20240201,2024-02,2024,2,PRD-00030,Instant Hot Chocolate 400g,Food and Beverage,WH-003,B,342,86.6,3.95,2500.02,0.0,3464.4600000000005,695.00556,False,False,False,Excess (60-90d)
20240201,2024-02,2024,2,PRD-00031,Organic Honey 340g,Food and Beverage,WH-003,C,97,47.1,2.06,531.56,0.0,753.6899999999999,156.81019999999998,False,False,False,Healthy (30-60d)
20240201,2024-02,2024,2,PRD-00032,Extra Virgin Olive Oil 500ml,Food and Beverage,WH-001,C,783,103.3,7.58,1252.8,161.27999999999975,1652.1299999999999,300.67199999999997,False,True,False,Slow-Mover (>90d)
20240201,2024-02,2024,2,PRD-00033,Apple Cider Vinegar 500ml,Food and Beverage,WH-003,B,365,102.3,3.57,3102.5,0.0,4091.65,750.805,False,False,False,Slow-Mover (>90d)
20240201,2024-02,2024,2,PRD-00034,Protein Granola 500g,Food and Beverage,WH-002,C,202,45.8,4.41,521.16,0.0,733.26,151.13639999999998,False,False,False,Healthy (30-60d)
20240201,2024-02,2024,2,PRD-00035,Mixed Nuts 200g,Food and Beverage,WH-003,B,306,86.4,3.54,2711.16,0.0,3454.74,582.8993999999999,False,False,False,Excess (60-90d)
20240201,2024-02,2024,2,PRD-00036,Herbal Tea Variety 40-Pack,Food and Beverage,WH-002,C,199,102.5,1.94,1237.78,151.76800000000003,1639.76,304.49388000000005,False,True,False,Slow-Mover (>90d)
20240201,2024-02,2024,2,PRD-00037,Sparkling Water 12x500ml,Food and Beverage,WH-003,C,191,92.8,2.06,1157.46,33.93600000000015,1484.07,254.64120000000003,False,True,False,Slow-Mover (>90d)
20240201,2024-02,2024,2,PRD-00038,Luxury Bath Gift Set,Seasonal and Gifting,WH-001,A,98,45.6,2.15,1856.12,0.0,3284.9600000000005,807.4122,False,False,False,Healthy (30-60d)
20240201,2024-02,2024,2,PRD-00039,Premium Scented Candle Set,Seasonal and Gifting,WH-002,A,77,46.0,1.67,2116.73,0.0,3313.31,764.13953,False,False,False,Healthy (30-60d)
20240201,2024-02,2024,2,PRD-00040,Artisan Chocolate Selection Box,Seasonal and Gifting,WH-001,B,130,44.6,2.91,826.8,0.0,1784.9,443.99160000000006,False,False,False,Healthy (30-60d)
20240201,2024-02,2024,2,PRD-00041,Spa Pamper Set,Seasonal and Gifting,WH-002,A,91,42.7,2.13,1640.73,0.0,3073.98,764.5801799999999,False,False,False,Healthy (30-60d)
20240201,2024-02,2024,2,PRD-00042,Aromatherapy Diffuser Kit,Seasonal and Gifting,WH-002,A,82,49.0,1.67,1667.88,0.0,3528.46,878.9727600000001,False,False,False,Healthy (30-60d)
20240201,2024-02,2024,2,PRD-00043,Premium Notebook and Pen Set,Seasonal and Gifting,WH-001,A,289,69.0,4.19,2890.0,0.0,4965.0199999999995,1208.0199999999998,False,False,False,Excess (60-90d)
20240201,2024-02,2024,2,PRD-00044,Personalised Mug Gift Box,Seasonal and Gifting,WH-001,A,75,46.3,1.62,2044.5,0.0,3336.75,791.2215000000001,False,False,False,Healthy (30-60d)
20240201,2024-02,2024,2,PRD-00045,Festive Reed Diffuser,Seasonal and Gifting,WH-001,A,147,75.2,1.95,2668.05,0.0,5415.4800000000005,1352.70135,False,False,False,Excess (60-90d)
20240201,2024-02,2024,2,PRD-00046,Professional Floor Cleaner 5L,Cleaning Products,WH-002,C,214,105.7,2.03,1405.98,205.64100000000008,1690.6000000000001,236.20464,False,True,False,Slow-Mover (>90d)
20240201,2024-02,2024,2,PRD-00047,Industrial Degreaser 2L,Cleaning Products,WH-003,C,403,105.5,3.82,1470.95,216.07999999999993,1688.5700000000002,189.75255,False,True,False,Slow-Mover (>90d)
20240201,2024-02,2024,2,PRD-00048,Antibacterial Surface Spray 1L,Cleaning Products,WH-003,C,276,95.7,2.88,1344.12,81.81600000000003,1531.8,165.32676,False,True,False,Slow-Mover (>90d)
20240201,2024-02,2024,2,PRD-00049,Laundry Detergent 2.5kg,Cleaning Products,WH-002,B,284,85.3,3.33,3007.56,0.0,3413.68,357.89964,False,False,False,Excess (60-90d)
20240201,2024-02,2024,2,PRD-00050,Fabric Softener 1.5L,Cleaning Products,WH-003,B,145,43.2,3.36,1442.75,0.0,1728.4,238.05375,False,False,False,Healthy (30-60d)
20240301,2024-03,2024,3,PRD-00001,Premium Kitchen Roll 6-Pack,Household Essentials,WH-002,C,198,64.9,3.05,980.1,0.0,1168.2,157.79610000000002,False,False,False,Excess (60-90d)
20240301,2024-03,2024,3,PRD-00002,Aluminium Foil 30m Roll,Household Essentials,WH-003,C,311,67.0,4.64,1004.53,0.0,1206.68,168.76103999999998,False,False,False,Excess (60-90d)
20240301,2024-03,2024,3,PRD-00003,Cling Film 100m,Household Essentials,WH-002,C,255,78.9,3.23,1119.45,0.0,1420.3500000000001,236.20395000000005,False,False,False,Excess (60-90d)
20240301,2024-03,2024,3,PRD-00004,Bin Bags 40L 50-Pack,Household Essentials,WH-003,B,150,48.8,3.07,1866.0,0.0,2196.0,279.9,False,False,False,Healthy (30-60d)
20240301,2024-03,2024,3,PRD-00005,Washing Up Liquid 500ml,Household Essentials,WH-003,C,158,62.2,2.54,886.38,0.0,1120.22,185.25341999999998,False,False,False,Excess (60-90d)
20240301,2024-03,2024,3,PRD-00006,Dishwasher Tablets 60-Pack,Household Essentials,WH-003,C,127,66.3,1.91,982.98,0.0,1193.8,173.00448,False,False,False,Excess (60-90d)
20240301,2024-03,2024,3,PRD-00007,Kitchen Cleaner Spray 750ml,Household Essentials,WH-002,B,135,39.8,3.39,1409.4,0.0,1790.1,298.7928,False,False,False,Healthy (30-60d)
20240301,2024-03,2024,3,PRD-00008,Toilet Cleaner 750ml,Household Essentials,WH-003,C,238,57.9,4.11,892.5,0.0,1042.44,127.6275,False,False,False,Healthy (30-60d)
20240301,2024-03,2024,3,PRD-00009,Bathroom Cleaner 500ml,Household Essentials,WH-003,C,141,48.3,2.92,681.03,0.0,868.5600000000001,147.78350999999998,False,False,False,Healthy (30-60d)
20240301,2024-03,2024,3,PRD-00010,Multi-Surface Wipes 80-Pack,Household Essentials,WH-002,C,340,61.0,5.57,914.6,0.0,1098.2,152.7382,False,False,False,Excess (60-90d)
20240301,2024-03,2024,3,PRD-00011,Sponge Scourers 10-Pack,Household Essentials,WH-003,B,139,49.8,2.79,1819.51,0.0,2242.0699999999997,342.06788,False,False,False,Healthy (30-60d)
20240301,2024-03,2024,3,PRD-00012,Paper Towels 12-Roll,Household Essentials,WH-001,C,123,66.6,1.85,1023.36,0.0,1198.02,149.41056,False,False,False,Excess (60-90d)
20240301,2024-03,2024,3,PRD-00013,Rubber Gloves Medium Pair,Household Essentials,WH-002,B,218,55.2,3.95,2064.46,0.0,2485.2000000000003,348.89374,False,False,False,Healthy (30-60d)
20240301,2024-03,2024,3,PRD-00014,Oven Cleaner 300ml,Household Essentials,WH-003,C,127,67.0,1.9,947.42,0.0,1205.23,202.74787999999998,False,False,False,Excess (60-90d)
20240301,2024-03,2024,3,PRD-00015,Drain Unblocker 500ml,Household Essentials,WH-002,C,478,75.9,6.29,1171.1,0.0,1367.08,169.80949999999996,False,False,False,Excess (60-90d)
20240301,2024-03,2024,3,PRD-00016,Moisturising Hand Cream 100ml,Personal Care,WH-002,C,175,66.6,2.63,738.5,0.0,1198.75,283.584,False,False,False,Excess (60-90d)
20240301,2024-03,2024,3,PRD-00017,Daily Shampoo 400ml,Personal Care,WH-002,A,239,56.8,4.21,3372.29,0.0,4598.36,900.40143,False,False,False,Healthy (30-60d)
20240301,2024-03,2024,3,PRD-00018,Conditioner 400ml,Personal Care,WH-001,A,253,67.3,3.76,4083.42,0.0,5449.62,1020.855,False,False,False,Excess (60-90d)
20240301,2024-03,2024,3,PRD-00019,Body Lotion 250ml,Personal Care,WH-001,C,277,60.9,4.55,678.65,0.0,1096.92,257.887,False,False,False,Excess (60-90d)
20240301,2024-03,2024,3,PRD-00020,Shower Gel 500ml,Personal Care,WH-001,B,189,49.6,3.81,1506.33,0.0,2230.2000000000003,488.05091999999996,False,False,False,Healthy (30-60d)
20240301,2024-03,2024,3,PRD-00021,Deodorant Roll-On 50ml,Personal Care,WH-003,B,141,49.5,2.85,1404.36,0.0,2227.8,519.6132,False,False,False,Healthy (30-60d)
20240301,2024-03,2024,3,PRD-00022,Facial Cleanser 150ml,Personal Care,WH-001,C,279,75.0,3.72,742.14,0.0,1350.36,333.22085999999996,False,False,False,Excess (60-90d)
20240301,2024-03,2024,3,PRD-00023,Lip Balm SPF15,Personal Care,WH-002,C,119,49.4,2.41,504.56,0.0,888.93,217.96992000000003,False,False,False,Healthy (30-60d)
20240301,2024-03,2024,3,PRD-00024,Hand Sanitiser 500ml,Personal Care,WH-002,C,123,64.8,1.9,750.3,0.0,1166.04,267.8571,False,False,False,Excess (60-90d)
20240301,2024-03,2024,3,PRD-00025,Toothpaste Whitening 100ml,Personal Care,WH-001,B,192,53.7,3.57,1585.92,0.0,2417.2799999999997,545.55648,False,False,False,Healthy (30-60d)
20240301,2024-03,2024,3,PRD-00026,Mouthwash Fresh Mint 500ml,Personal Care,WH-003,B,155,56.5,2.74,1853.8,0.0,2543.55,502.37980000000005,False,False,False,Healthy (30-60d)
20240301,2024-03,2024,3,PRD-00027,Cotton Buds 200-Pack,Personal Care,WH-002,A,206,47.2,4.36,2294.84,0.0,3825.42,917.936,False,False,False,Healthy (30-60d)
20240301,2024-03,2024,3,PRD-00028,Premium Ground Coffee 250g,Food and Beverage,WH-002,B,410,95.5,4.29,3173.4,0.0,4296.8,828.2574000000001,False,False,False,Slow-Mover (>90d)
20240301,2024-03,2024,3,PRD-00029,English Breakfast Tea 80-Pack,Food and Beverage,WH-002,C,254,63.2,4.02,939.8,0.0,1137.92,164.465,False,False,False,Excess (60-90d)
20240301,2024-03,2024,3,PRD-00030,Instant Hot Chocolate 400g,Food and Beverage,WH-002,B,203,45.7,4.44,1483.93,0.0,2056.3900000000003,412.53254,False,False,False,Healthy (30-60d)
20240301,2024-03,2024,3,PRD-00031,Organic Honey 340g,Food and Beverage,WH-003,C,157,67.8,2.32,860.36,0.0,1219.8899999999999,253.8062,False,False,False,Excess (60-90d)
20240301,2024-03,2024,3,PRD-00032,Extra Virgin Olive Oil 500ml,Food and Beverage,WH-001,C,572,67.1,8.53,915.2,0.0,1206.9199999999998,219.64800000000002,False,False,False,Excess (60-90d)
20240301,2024-03,2024,3,PRD-00033,Apple Cider Vinegar 500ml,Food and Beverage,WH-003,B,268,66.8,4.01,2278.0,0.0,3004.28,551.276,False,False,False,Excess (60-90d)
20240301,2024-03,2024,3,PRD-00034,Protein Granola 500g,Food and Beverage,WH-001,C,320,64.5,4.96,825.6,0.0,1161.6,239.424,False,False,False,Excess (60-90d)
20240301,2024-03,2024,3,PRD-00035,Mixed Nuts 200g,Food and Beverage,WH-001,B,219,54.9,3.99,1940.34,0.0,2472.5099999999998,417.1731,False,False,False,Healthy (30-60d)
20240301,2024-03,2024,3,PRD-00036,Herbal Tea Variety 40-Pack,Food and Beverage,WH-003,C,144,65.9,2.18,895.68,0.0,1186.56,220.33728,False,False,False,Excess (60-90d)
20240301,2024-03,2024,3,PRD-00037,Sparkling Water 12x500ml,Food and Beverage,WH-001,C,144,62.2,2.32,872.64,0.0,1118.8799999999999,191.9808,False,False,False,Excess (60-90d)
20240301,2024-03,2024,3,PRD-00038,Luxury Bath Gift Set,Seasonal and Gifting,WH-001,A,138,57.1,2.42,2613.72,0.0,4625.76,1136.9682,False,False,False,Healthy (30-60d)
20240301,2024-03,2024,3,PRD-00039,Premium Scented Candle Set,Seasonal and Gifting,WH-001,A,75,39.8,1.88,2061.75,0.0,3227.25,744.29175,False,False,False,Healthy (30-60d)
20240301,2024-03,2024,3,PRD-00040,Artisan Chocolate Selection Box,Seasonal and Gifting,WH-002,B,154,47.0,3.28,979.44,0.0,2114.42,525.95928,False,False,False,Healthy (30-60d)
20240301,2024-03,2024,3,PRD-00041,Spa Pamper Set,Seasonal and Gifting,WH-002,A,92,38.4,2.4,1658.76,0.0,3107.76,772.98216,False,False,False,Healthy (30-60d)
20240301,2024-03,2024,3,PRD-00042,Aromatherapy Diffuser Kit,Seasonal and Gifting,WH-002,A,86,45.7,1.88,1749.24,0.0,3700.58,921.8494800000001,False,False,False,Healthy (30-60d)
20240301,2024-03,2024,3,PRD-00043,Premium Notebook and Pen Set,Seasonal and Gifting,WH-003,A,270,57.3,4.71,2700.0,0.0,4638.6,1128.6,False,False,False,Healthy (30-60d)
20240301,2024-03,2024,3,PRD-00044,Personalised Mug Gift Box,Seasonal and Gifting,WH-001,A,82,45.0,1.82,2235.32,0.0,3648.1800000000003,865.06884,False,False,False,Healthy (30-60d)
20240301,2024-03,2024,3,PRD-00045,Festive Reed Diffuser,Seasonal and Gifting,WH-002,A,134,60.9,2.2,2432.1,0.0,4936.56,1233.0747000000001,False,False,False,Excess (60-90d)
20240301,2024-03,2024,3,PRD-00046,Professional Floor Cleaner 5L,Cleaning Products,WH-001,C,163,71.5,2.28,1070.91,0.0,1287.7,179.91288,False,False,False,Excess (60-90d)
20240301,2024-03,2024,3,PRD-00047,Industrial Degreaser 2L,Cleaning Products,WH-003,C,278,64.7,4.3,1014.7,0.0,1164.8200000000002,130.8963,False,False,False,Excess (60-90d)
20240301,2024-03,2024,3,PRD-00048,Antibacterial Surface Spray 1L,Cleaning Products,WH-002,C,193,59.5,3.24,939.91,0.0,1071.1499999999999,115.60893,False,False,False,Healthy (30-60d)
20240301,2024-03,2024,3,PRD-00049,Laundry Detergent 2.5kg,Cleaning Products,WH-002,B,219,58.5,3.74,2319.21,0.0,2632.38,275.98599,False,False,False,Healthy (30-60d)
20240301,2024-03,2024,3,PRD-00050,Fabric Softener 1.5L,Cleaning Products,WH-001,B,196,51.9,3.78,1950.2,0.0,2336.32,321.783,False,False,False,Healthy (30-60d)
20240401,2024-04,2024,4,PRD-00001,Premium Kitchen Roll 6-Pack,Household Essentials,WH-002,C,105,32.6,3.22,519.75,0.0,619.5,83.67975,False,False,False,Healthy (30-60d)
20240401,2024-04,2024,4,PRD-00002,Aluminium Foil 30m Roll,Household Essentials,WH-002,C,472,96.4,4.9,1524.56,100.12999999999988,1831.36,256.12608,False,True,False,Slow-Mover (>90d)
20240401,2024-04,2024,4,PRD-00003,Cling Film 100m,Household Essentials,WH-002,C,337,98.8,3.41,1479.43,132.13900000000012,1877.0900000000001,312.15973,False,True,False,Slow-Mover (>90d)
20240401,2024-04,2024,4,PRD-00004,Bin Bags 40L 50-Pack,Household Essentials,WH-001,B,159,49.0,3.24,1977.96,0.0,2327.76,296.694,False,False,False,Healthy (30-60d)
20240401,2024-04,2024,4,PRD-00005,Washing Up Liquid 500ml,Household Essentials,WH-003,C,213,79.5,2.68,1194.93,0.0,1510.17,249.74037,False,False,False,Excess (60-90d)
20240401,2024-04,2024,4,PRD-00006,Dishwasher Tablets 60-Pack,Household Essentials,WH-002,C,179,88.6,2.02,1385.46,0.0,1682.6000000000001,243.84096000000002,False,False,False,Excess (60-90d)
20240401,2024-04,2024,4,PRD-00007,Kitchen Cleaner Spray 750ml,Household Essentials,WH-002,B,252,70.3,3.58,2630.88,0.0,3341.52,557.74656,False,False,False,Excess (60-90d)
20240401,2024-04,2024,4,PRD-00008,Toilet Cleaner 750ml,Household Essentials,WH-001,C,343,79.1,4.34,1286.25,0.0,1502.34,183.93375,False,False,False,Excess (60-90d)
20240401,2024-04,2024,4,PRD-00009,Bathroom Cleaner 500ml,Household Essentials,WH-002,C,249,80.7,3.08,1202.67,0.0,1533.8400000000001,260.97939,False,False,False,Excess (60-90d)
20240401,2024-04,2024,4,PRD-00010,Multi-Surface Wipes 80-Pack,Household Essentials,WH-001,C,509,86.5,5.88,1369.21,0.0,1644.07,228.65807,False,False,False,Excess (60-90d)
20240401,2024-04,2024,4,PRD-00011,Sponge Scourers 10-Pack,Household Essentials,WH-002,B,182,61.8,2.94,2382.38,0.0,2935.66,447.8874400000001,False,False,False,Excess (60-90d)
20240401,2024-04,2024,4,PRD-00012,Paper Towels 12-Roll,Household Essentials,WH-003,C,78,40.0,1.95,648.96,0.0,759.72,94.74816000000001,False,False,False,Healthy (30-60d)
20240401,2024-04,2024,4,PRD-00013,Rubber Gloves Medium Pair,Household Essentials,WH-001,B,247,59.3,4.17,2339.09,0.0,2815.8,395.30620999999996,False,False,False,Healthy (30-60d)
20240401,2024-04,2024,4,PRD-00014,Oven Cleaner 300ml,Household Essentials,WH-003,C,178,88.9,2.0,1327.88,0.0,1689.22,284.16632000000004,False,False,False,Excess (60-90d)
20240401,2024-04,2024,4,PRD-00015,Drain Unblocker 500ml,Household Essentials,WH-001,C,649,97.7,6.64,1590.05,125.92999999999984,1856.1399999999999,230.55724999999998,False,True,False,Slow-Mover (>90d)
20240401,2024-04,2024,4,PRD-00016,Moisturising Hand Cream 100ml,Personal Care,WH-002,C,102,36.8,2.77,430.44,0.0,698.6999999999999,165.28896,False,False,False,Healthy (30-60d)
20240401,2024-04,2024,4,PRD-00017,Daily Shampoo 400ml,Personal Care,WH-003,A,333,74.9,4.44,4698.63,0.0,6406.919999999999,1254.53421,False,False,False,Excess (60-90d)
20240401,2024-04,2024,4,PRD-00018,Conditioner 400ml,Personal Care,WH-002,A,219,55.2,3.97,3534.66,0.0,4717.26,883.665,False,False,False,Healthy (30-60d)
20240401,2024-04,2024,4,PRD-00019,Body Lotion 250ml,Personal Care,WH-002,C,171,35.6,4.8,418.95,0.0,677.16,159.201,False,False,False,Healthy (30-60d)
20240401,2024-04,2024,4,PRD-00020,Shower Gel 500ml,Personal Care,WH-003,B,236,58.6,4.03,1880.92,0.0,2784.8,609.4180799999999,False,False,False,Healthy (30-60d)
20240401,2024-04,2024,4,PRD-00021,Deodorant Roll-On 50ml,Personal Care,WH-003,B,146,48.6,3.01,1454.16,0.0,2306.8,538.0392,False,False,False,Healthy (30-60d)
20240401,2024-04,2024,4,PRD-00022,Facial Cleanser 150ml,Personal Care,WH-001,C,358,91.2,3.93,952.28,11.437999999999988,1732.72,427.57372,False,True,False,Slow-Mover (>90d)
20240401,2024-04,2024,4,PRD-00023,Lip Balm SPF15,Personal Care,WH-001,C,203,79.8,2.54,860.72,0.0,1516.4099999999999,371.8310400000001,False,False,False,Excess (60-90d)
20240401,2024-04,2024,4,PRD-00024,Hand Sanitiser 500ml,Personal Care,WH-001,C,188,93.8,2.0,1146.8,48.799999999999955,1782.24,409.4076,False,True,False,Slow-Mover (>90d)
20240401,2024-04,2024,4,PRD-00025,Toothpaste Whitening 100ml,Personal Care,WH-003,B,214,56.7,3.77,1767.64,0.0,2694.2599999999998,608.06816,False,False,False,Healthy (30-60d)
20240401,2024-04,2024,4,PRD-00026,Mouthwash Fresh Mint 500ml,Personal Care,WH-002,B,175,60.5,2.89,2093.0,0.0,2871.75,567.203,False,False,False,Excess (60-90d)
20240401,2024-04,2024,4,PRD-00027,Cotton Buds 200-Pack,Personal Care,WH-003,A,132,28.7,4.6,1470.48,0.0,2451.2400000000002,588.192,False,False,False,Low (14-30d)
20240401,2024-04,2024,4,PRD-00028,Premium Ground Coffee 250g,Food and Beverage,WH-001,B,273,60.2,4.53,2113.02,0.0,2861.04,551.49822,False,False,False,Excess (60-90d)
20240401,2024-04,2024,4,PRD-00029,English Breakfast Tea 80-Pack,Food and Beverage,WH-002,C,361,85.1,4.24,1335.7,0.0,1617.2800000000002,233.7475,False,False,False,Excess (60-90d)
20240401,2024-04,2024,4,PRD-00030,Instant Hot Chocolate 400g,Food and Beverage,WH-002,B,282,60.1,4.69,2061.42,0.0,2856.6600000000003,573.07476,False,False,False,Excess (60-90d)
20240401,2024-04,2024,4,PRD-00031,Organic Honey 340g,Food and Beverage,WH-001,C,89,36.4,2.45,487.72,0.0,691.53,143.87740000000002,False,False,False,Healthy (30-60d)
20240401,2024-04,2024,4,PRD-00032,Extra Virgin Olive Oil 500ml,Food and Beverage,WH-001,C,806,89.5,9.0,1289.6,0.0,1700.6599999999999,309.50399999999996,False,False,False,Excess (60-90d)
20240401,2024-04,2024,4,PRD-00033,Apple Cider Vinegar 500ml,Food and Beverage,WH-001,B,313,73.9,4.24,2660.5,0.0,3508.7300000000005,643.841,False,False,False,Excess (60-90d)
20240401,2024-04,2024,4,PRD-00034,Protein Granola 500g,Food and Beverage,WH-003,C,152,29.0,5.23,392.16,0.0,551.76,113.72640000000001,False,False,False,Low (14-30d)
20240401,2024-04,2024,4,PRD-00035,Mixed Nuts 200g,Food and Beverage,WH-003,B,228,54.2,4.21,2020.08,0.0,2574.12,434.3172,False,False,False,Healthy (30-60d)
20240401,2024-04,2024,4,PRD-00036,Herbal Tea Variety 40-Pack,Food and Beverage,WH-001,C,180,78.1,2.31,1119.6,0.0,1483.2,275.4216,False,False,False,Excess (60-90d)
20240401,2024-04,2024,4,PRD-00037,Sparkling Water 12x500ml,Food and Beverage,WH-003,C,65,26.6,2.45,393.9,0.0,505.04999999999995,86.65799999999999,False,False,False,Low (14-30d)
20240401,2024-04,2024,4,PRD-00038,Luxury Bath Gift Set,Seasonal and Gifting,WH-003,A,175,68.6,2.55,3314.5,0.0,5866.000000000001,1441.8075,False,False,False,Excess (60-90d)
20240401,2024-04,2024,4,PRD-00039,Premium Scented Candle Set,Seasonal and Gifting,WH-002,A,80,40.3,1.99,2199.2,0.0,3442.4,793.9112,False,False,False,Healthy (30-60d)
20240401,2024-04,2024,4,PRD-00040,Artisan Chocolate Selection Box,Seasonal and Gifting,WH-002,B,186,53.8,3.46,1182.96,0.0,2553.78,635.2495200000001,False,False,False,Healthy (30-60d)
20240401,2024-04,2024,4,PRD-00041,Spa Pamper Set,Seasonal and Gifting,WH-003,A,123,48.6,2.53,2217.69,0.0,4154.9400000000005,1033.44354,False,False,False,Healthy (30-60d)
20240401,2024-04,2024,4,PRD-00042,Aromatherapy Diffuser Kit,Seasonal and Gifting,WH-003,A,54,27.2,1.99,1098.36,0.0,2323.62,578.83572,False,False,False,Low (14-30d)
20240401,2024-04,2024,4,PRD-00043,Premium Notebook and Pen Set,Seasonal and Gifting,WH-003,A,166,33.4,4.98,1660.0,0.0,2851.88,693.88,False,False,False,Healthy (30-60d)
20240401,2024-04,2024,4,PRD-00044,Personalised Mug Gift Box,Seasonal and Gifting,WH-001,A,51,26.5,1.92,1390.26,0.0,2268.9900000000002,538.03062,False,False,False,Low (14-30d)
20240401,2024-04,2024,4,PRD-00045,Festive Reed Diffuser,Seasonal and Gifting,WH-001,A,137,59.0,2.32,2486.55,0.0,5047.080000000001,1260.6808500000002,False,False,False,Healthy (30-60d)
20240401,2024-04,2024,4,PRD-00046,Professional Floor Cleaner 5L,Cleaning Products,WH-002,C,250,103.9,2.41,1642.5,217.46699999999987,1975.0,275.94,False,True,False,Slow-Mover (>90d)
20240401,2024-04,2024,4,PRD-00047,Industrial Degreaser 2L,Cleaning Products,WH-001,C,386,85.1,4.53,1408.9,0.0,1617.3400000000001,181.74810000000002,False,False,False,Excess (60-90d)
20240401,2024-04,2024,4,PRD-00048,Antibacterial Surface Spray 1L,Cleaning Products,WH-002,C,270,78.9,3.42,1314.9,0.0,1498.5,161.73270000000002,False,False,False,Excess (60-90d)
20240401,2024-04,2024,4,PRD-00049,Laundry Detergent 2.5kg,Cleaning Products,WH-002,B,307,77.7,3.95,3251.13,0.0,3690.14,386.88447,False,False,False,Excess (60-90d)
20240401,2024-04,2024,4,PRD-00050,Fabric Softener 1.5L,Cleaning Products,WH-002,B,210,52.7,3.98,2089.5,0.0,2503.2,344.7675,False,False,False,Healthy (30-60d)
20240501,2024-05,2024,5,PRD-00001,Premium Kitchen Roll 6-Pack,Household Essentials,WH-002,C,180,53.1,3.39,891.0,0.0,1062.0,143.451,False,False,False,Healthy (30-60d)
20240501,2024-05,2024,5,PRD-00002,Aluminium Foil 30m Roll,Household Essentials,WH-001,C,245,47.5,5.15,791.35,0.0,950.6,132.9468,False,False,False,Healthy (30-60d)
20240501,2024-05,2024,5,PRD-00003,Cling Film 100m,Household Essentials,WH-003,C,236,65.7,3.59,1036.04,0.0,1314.52,218.60443999999998,False,False,False,Excess (60-90d)
20240501,2024-05,2024,5,PRD-00004,Bin Bags 40L 50-Pack,Household Essentials,WH-002,B,39,11.4,3.42,485.16,0.0,570.96,72.774,False,False,False,Critical (<14d)
20240501,2024-05,2024,5,PRD-00005,Washing Up Liquid 500ml,Household Essentials,WH-003,C,151,53.5,2.82,847.11,0.0,1070.59,177.04599,False,False,False,Healthy (30-60d)
20240501,2024-05,2024,5,PRD-00006,Dishwasher Tablets 60-Pack,Household Essentials,WH-002,C,101,47.5,2.13,781.74,0.0,949.4000000000001,137.58624,False,False,False,Healthy (30-60d)
20240501,2024-05,2024,5,PRD-00007,Kitchen Cleaner Spray 750ml,Household Essentials,WH-003,B,161,42.7,3.77,1680.84,0.0,2134.86,356.33808,False,False,False,Healthy (30-60d)
20240501,2024-05,2024,5,PRD-00008,Toilet Cleaner 750ml,Household Essentials,WH-003,C,232,50.8,4.57,870.0,0.0,1016.16,124.41,False,False,False,Healthy (30-60d)
20240501,2024-05,2024,5,PRD-00009,Bathroom Cleaner 500ml,Household Essentials,WH-003,C,193,59.4,3.25,932.19,0.0,1188.88,202.28523,False,False,False,Healthy (30-60d)
20240501,2024-05,2024,5,PRD-00010,Multi-Surface Wipes 80-Pack,Household Essentials,WH-002,C,436,70.4,6.19,1172.84,0.0,1408.28,195.86427999999995,False,False,False,Excess (60-90d)
20240501,2024-05,2024,5,PRD-00011,Sponge Scourers 10-Pack,Household Essentials,WH-001,B,185,59.7,3.1,2421.65,0.0,2984.0499999999997,455.27020000000005,False,False,False,Healthy (30-60d)
20240501,2024-05,2024,5,PRD-00012,Paper Towels 12-Roll,Household Essentials,WH-001,C,102,49.7,2.05,848.64,0.0,993.48,123.90144000000001,False,False,False,Healthy (30-60d)
20240501,2024-05,2024,5,PRD-00013,Rubber Gloves Medium Pair,Household Essentials,WH-001,B,288,65.7,4.39,2727.36,0.0,3283.2000000000003,460.92384,False,False,False,Excess (60-90d)
20240501,2024-05,2024,5,PRD-00014,Oven Cleaner 300ml,Household Essentials,WH-001,C,113,53.6,2.11,842.98,0.0,1072.3700000000001,180.39772000000002,False,False,False,Healthy (30-60d)
20240501,2024-05,2024,5,PRD-00015,Drain Unblocker 500ml,Household Essentials,WH-002,C,388,55.5,6.99,950.6,0.0,1109.68,137.83700000000002,False,False,False,Healthy (30-60d)
20240501,2024-05,2024,5,PRD-00016,Moisturising Hand Cream 100ml,Personal Care,WH-001,C,136,46.6,2.92,573.92,0.0,931.5999999999999,220.38528,False,False,False,Healthy (30-60d)
20240501,2024-05,2024,5,PRD-00017,Daily Shampoo 400ml,Personal Care,WH-002,A,248,53.0,4.68,3499.28,0.0,4771.5199999999995,934.30776,False,False,False,Healthy (30-60d)
20240501,2024-05,2024,5,PRD-00018,Conditioner 400ml,Personal Care,WH-003,A,199,47.6,4.18,3211.86,0.0,4286.46,802.965,False,False,False,Healthy (30-60d)
20240501,2024-05,2024,5,PRD-00019,Body Lotion 250ml,Personal Care,WH-001,C,252,49.9,5.05,617.4,0.0,997.92,234.612,False,False,False,Healthy (30-60d)
20240501,2024-05,2024,5,PRD-00020,Shower Gel 500ml,Personal Care,WH-002,B,264,62.3,4.24,2104.08,0.0,3115.2000000000003,681.72192,False,False,False,Excess (60-90d)
20240501,2024-05,2024,5,PRD-00021,Deodorant Roll-On 50ml,Personal Care,WH-002,B,34,10.7,3.16,338.64,0.0,537.2,125.2968,False,False,False,Critical (<14d)
20240501,2024-05,2024,5,PRD-00022,Facial Cleanser 150ml,Personal Care,WH-002,C,249,60.3,4.13,662.34,0.0,1205.1599999999999,297.39065999999997,False,False,False,Excess (60-90d)
20240501,2024-05,2024,5,PRD-00023,Lip Balm SPF15,Personal Care,WH-002,C,138,51.5,2.68,585.12,0.0,1030.86,252.77184,False,False,False,Healthy (30-60d)
20240501,2024-05,2024,5,PRD-00024,Hand Sanitiser 500ml,Personal Care,WH-001,C,109,51.7,2.11,664.9,0.0,1033.32,237.3693,False,False,False,Healthy (30-60d)
20240501,2024-05,2024,5,PRD-00025,Toothpaste Whitening 100ml,Personal Care,WH-002,B,79,19.9,3.97,652.54,0.0,994.61,224.47375999999997,False,False,False,Low (14-30d)
20240501,2024-05,2024,5,PRD-00026,Mouthwash Fresh Mint 500ml,Personal Care,WH-003,B,220,72.2,3.05,2631.2,0.0,3610.2,713.0552,False,False,False,Excess (60-90d)
20240501,2024-05,2024,5,PRD-00027,Cotton Buds 200-Pack,Personal Care,WH-001,A,181,37.3,4.85,2016.34,0.0,3361.17,806.536,False,False,False,Healthy (30-60d)
20240501,2024-05,2024,5,PRD-00028,Premium Ground Coffee 250g,Food and Beverage,WH-002,B,344,72.1,4.77,2662.56,0.0,3605.1200000000003,694.92816,False,False,False,Excess (60-90d)
20240501,2024-05,2024,5,PRD-00029,English Breakfast Tea 80-Pack,Food and Beverage,WH-002,C,314,70.3,4.46,1161.8,0.0,1406.72,203.315,False,False,False,Excess (60-90d)
20240501,2024-05,2024,5,PRD-00030,Instant Hot Chocolate 400g,Food and Beverage,WH-001,B,329,66.7,4.94,2404.99,0.0,3332.7700000000004,668.5872199999999,False,False,False,Excess (60-90d)
20240501,2024-05,2024,5,PRD-00031,Organic Honey 340g,Food and Beverage,WH-003,C,185,71.9,2.57,1013.8,0.0,1437.4499999999998,299.07099999999997,False,False,False,Excess (60-90d)
20240501,2024-05,2024,5,PRD-00032,Extra Virgin Olive Oil 500ml,Food and Beverage,WH-002,C,705,74.4,9.48,1128.0,0.0,1487.55,270.72,False,False,False,Excess (60-90d)
20240501,2024-05,2024,5,PRD-00033,Apple Cider Vinegar 500ml,Food and Beverage,WH-001,B,393,88.1,4.46,3340.5,0.0,4405.530000000001,808.401,False,False,False,Excess (60-90d)
20240501,2024-05,2024,5,PRD-00034,Protein Granola 500g,Food and Beverage,WH-001,C,318,57.7,5.51,820.44,0.0,1154.34,237.9276,False,False,False,Healthy (30-60d)
20240501,2024-05,2024,5,PRD-00035,Mixed Nuts 200g,Food and Beverage,WH-001,B,313,70.7,4.43,2773.18,0.0,3533.7699999999995,596.2337,False,False,False,Excess (60-90d)
20240501,2024-05,2024,5,PRD-00036,Herbal Tea Variety 40-Pack,Food and Beverage,WH-003,C,171,70.5,2.43,1063.62,0.0,1409.04,261.65052,False,False,False,Excess (60-90d)
20240501,2024-05,2024,5,PRD-00037,Sparkling Water 12x500ml,Food and Beverage,WH-003,C,71,27.6,2.57,430.26,0.0,551.67,94.65719999999999,False,False,False,Low (14-30d)
20240501,2024-05,2024,5,PRD-00038,Luxury Bath Gift Set,Seasonal and Gifting,WH-002,A,185,68.9,2.68,3503.9,0.0,6201.200000000001,1524.1965,False,False,False,Excess (60-90d)
20240501,2024-05,2024,5,PRD-00039,Premium Scented Candle Set,Seasonal and Gifting,WH-003,A,57,27.3,2.09,1566.93,0.0,2452.71,565.66173,False,False,False,Low (14-30d)
20240501,2024-05,2024,5,PRD-00040,Artisan Chocolate Selection Box,Seasonal and Gifting,WH-003,B,246,67.6,3.64,1564.56,0.0,3377.58,840.16872,False,False,False,Excess (60-90d)
20240501,2024-05,2024,5,PRD-00041,Spa Pamper Set,Seasonal and Gifting,WH-003,A,10,3.8,2.66,180.3,0.0,337.8,84.01980000000002,False,False,True,Critical (<14d)
20240501,2024-05,2024,5,PRD-00042,Aromatherapy Diffuser Kit,Seasonal and Gifting,WH-003,A,50,23.9,2.09,1017.0,0.0,2151.5,535.9590000000001,False,False,False,Low (14-30d)
20240501,2024-05,2024,5,PRD-00043,Premium Notebook and Pen Set,Seasonal and Gifting,WH-002,A,106,20.2,5.24,1060.0,0.0,1821.08,443.08,False,False,False,Low (14-30d)
20240501,2024-05,2024,5,PRD-00044,Personalised Mug Gift Box,Seasonal and Gifting,WH-002,A,71,35.1,2.02,1935.46,0.0,3158.79,749.0230200000001,False,False,False,Healthy (30-60d)
20240501,2024-05,2024,5,PRD-00045,Festive Reed Diffuser,Seasonal and Gifting,WH-001,A,126,51.6,2.44,2286.9,0.0,4641.84,1159.4583000000002,False,False,False,Healthy (30-60d)
20240501,2024-05,2024,5,PRD-00046,Professional Floor Cleaner 5L,Cleaning Products,WH-003,C,178,70.3,2.53,1169.46,0.0,1406.2,196.46928,False,False,False,Excess (60-90d)
20240501,2024-05,2024,5,PRD-00047,Industrial Degreaser 2L,Cleaning Products,WH-002,C,273,57.2,4.77,996.45,0.0,1143.8700000000001,128.54205000000002,False,False,False,Healthy (30-60d)
20240501,2024-05,2024,5,PRD-00048,Antibacterial Surface Spray 1L,Cleaning Products,WH-002,C,173,48.0,3.6,842.51,0.0,960.15,103.62872999999999,False,False,False,Healthy (30-60d)
20240501,2024-05,2024,5,PRD-00049,Laundry Detergent 2.5kg,Cleaning Products,WH-003,B,312,75.0,4.16,3304.08,0.0,3750.24,393.18552000000005,False,False,False,Excess (60-90d)
20240501,2024-05,2024,5,PRD-00050,Fabric Softener 1.5L,Cleaning Products,WH-001,B,143,34.1,4.19,1422.85,0.0,1704.56,234.77024999999998,False,False,False,Healthy (30-60d)
20240601,2024-06,2024,6,PRD-00001,Premium Kitchen Roll 6-Pack,Household Essentials,WH-001,C,115,32.3,3.56,569.25,0.0,678.5,91.64925000000001,False,False,False,Healthy (30-60d)
20240601,2024-06,2024,6,PRD-00002,Aluminium Foil 30m Roll,Household Essentials,WH-002,C,496,91.6,5.41,1602.08,29.3929999999998,1924.48,269.14943999999997,False,True,False,Slow-Mover (>90d)
20240601,2024-06,2024,6,PRD-00003,Cling Film 100m,Household Essentials,WH-002,C,300,79.6,3.77,1317.0,0.0,1671.0,277.887,False,False,False,Excess (60-90d)
20240601,2024-06,2024,6,PRD-00004,Bin Bags 40L 50-Pack,Household Essentials,WH-003,B,41,11.4,3.59,510.04,0.0,600.24,76.506,False,False,False,Critical (<14d)
20240601,2024-06,2024,6,PRD-00005,Washing Up Liquid 500ml,Household Essentials,WH-002,C,244,82.4,2.96,1368.84,0.0,1729.96,286.08756,False,False,False,Excess (60-90d)
20240601,2024-06,2024,6,PRD-00006,Dishwasher Tablets 60-Pack,Household Essentials,WH-003,C,158,70.7,2.23,1222.92,0.0,1485.2,215.23392000000004,False,False,False,Excess (60-90d)
20240601,2024-06,2024,6,PRD-00007,Kitchen Cleaner Spray 750ml,Household Essentials,WH-003,B,266,67.2,3.96,2777.04,0.0,3527.16,588.73248,False,False,False,Excess (60-90d)
20240601,2024-06,2024,6,PRD-00008,Toilet Cleaner 750ml,Household Essentials,WH-001,C,344,71.7,4.79,1290.0,0.0,1506.72,184.47,False,False,False,Excess (60-90d)
20240601,2024-06,2024,6,PRD-00009,Bathroom Cleaner 500ml,Household Essentials,WH-002,C,207,60.7,3.41,999.81,0.0,1275.1200000000001,216.95876999999996,False,False,False,Excess (60-90d)
20240601,2024-06,2024,6,PRD-00010,Multi-Surface Wipes 80-Pack,Household Essentials,WH-001,C,669,102.9,6.5,1799.61,225.96000000000004,2160.87,300.53486999999996,False,True,False,Slow-Mover (>90d)
20240601,2024-06,2024,6,PRD-00011,Sponge Scourers 10-Pack,Household Essentials,WH-002,B,121,37.2,3.25,1583.89,0.0,1951.7299999999998,297.77132,False,False,False,Healthy (30-60d)
20240601,2024-06,2024,6,PRD-00012,Paper Towels 12-Roll,Household Essentials,WH-002,C,51,23.7,2.16,424.32,0.0,496.74,61.950720000000004,False,False,False,Low (14-30d)
20240601,2024-06,2024,6,PRD-00013,Rubber Gloves Medium Pair,Household Essentials,WH-002,B,65,14.1,4.61,615.55,0.0,741.0,104.02794999999998,False,False,False,Low (14-30d)
20240601,2024-06,2024,6,PRD-00014,Oven Cleaner 300ml,Household Essentials,WH-002,C,140,63.3,2.21,1044.4,0.0,1328.6000000000001,223.5016,False,False,False,Excess (60-90d)
20240601,2024-06,2024,6,PRD-00015,Drain Unblocker 500ml,Household Essentials,WH-001,C,666,90.7,7.34,1631.7,13.22999999999979,1904.76,236.59650000000002,False,True,False,Slow-Mover (>90d)
20240601,2024-06,2024,6,PRD-00016,Moisturising Hand Cream 100ml,Personal Care,WH-003,C,267,87.1,3.07,1126.74,0.0,1828.9499999999998,432.66816,False,False,False,Excess (60-90d)
20240601,2024-06,2024,6,PRD-00017,Daily Shampoo 400ml,Personal Care,WH-001,A,306,62.3,4.91,4317.66,0.0,5887.44,1152.81522,False,False,False,Excess (60-90d)
20240601,2024-06,2024,6,PRD-00018,Conditioner 400ml,Personal Care,WH-002,A,202,46.0,4.39,3260.28,0.0,4351.08,815.07,False,False,False,Healthy (30-60d)
20240601,2024-06,2024,6,PRD-00019,Body Lotion 250ml,Personal Care,WH-003,C,180,33.9,5.3,441.0,0.0,712.8,167.58,False,False,False,Healthy (30-60d)
20240601,2024-06,2024,6,PRD-00020,Shower Gel 500ml,Personal Care,WH-002,B,200,45.0,4.45,1594.0,0.0,2360.0,516.456,False,False,False,Healthy (30-60d)
20240601,2024-06,2024,6,PRD-00021,Deodorant Roll-On 50ml,Personal Care,WH-003,B,157,47.2,3.32,1563.72,0.0,2480.6,578.5764,False,False,False,Healthy (30-60d)
20240601,2024-06,2024,6,PRD-00022,Facial Cleanser 150ml,Personal Care,WH-001,C,248,57.2,4.34,659.68,0.0,1200.32,296.19631999999996,False,False,False,Healthy (30-60d)
20240601,2024-06,2024,6,PRD-00023,Lip Balm SPF15,Personal Care,WH-001,C,183,65.1,2.81,775.92,0.0,1367.01,335.19744,False,False,False,Excess (60-90d)
20240601,2024-06,2024,6,PRD-00024,Hand Sanitiser 500ml,Personal Care,WH-001,C,188,84.9,2.22,1146.8,0.0,1782.24,409.4076,False,False,False,Excess (60-90d)
20240601,2024-06,2024,6,PRD-00025,Toothpaste Whitening 100ml,Personal Care,WH-002,B,432,103.6,4.17,3568.32,0.0,5438.88,1227.50208,False,False,False,Slow-Mover (>90d)
20240601,2024-06,2024,6,PRD-00026,Mouthwash Fresh Mint 500ml,Personal Care,WH-001,B,117,36.6,3.2,1399.32,0.0,1919.97,379.21572,False,False,False,Healthy (30-60d)
20240601,2024-06,2024,6,PRD-00027,Cotton Buds 200-Pack,Personal Care,WH-003,A,337,66.2,5.09,3754.18,0.0,6258.09,1501.6719999999998,False,False,False,Excess (60-90d)
20240601,2024-06,2024,6,PRD-00028,Premium Ground Coffee 250g,Food and Beverage,WH-003,B,368,73.5,5.01,2848.32,0.0,3856.6400000000003,743.41152,False,False,False,Excess (60-90d)
20240601,2024-06,2024,6,PRD-00029,English Breakfast Tea 80-Pack,Food and Beverage,WH-003,C,330,70.4,4.69,1221.0,0.0,1478.4,213.675,False,False,False,Excess (60-90d)
20240601,2024-06,2024,6,PRD-00030,Instant Hot Chocolate 400g,Food and Beverage,WH-002,B,250,48.2,5.18,1827.5,0.0,2532.5,508.045,False,False,False,Healthy (30-60d)
20240601,2024-06,2024,6,PRD-00031,Organic Honey 340g,Food and Beverage,WH-003,C,208,77.0,2.7,1139.84,0.0,1616.1599999999999,336.2528,False,False,False,Excess (60-90d)
20240601,2024-06,2024,6,PRD-00032,Extra Virgin Olive Oil 500ml,Food and Beverage,WH-001,C,863,86.7,9.95,1380.8,0.0,1820.9299999999998,331.392,False,False,False,Excess (60-90d)
20240601,2024-06,2024,6,PRD-00033,Apple Cider Vinegar 500ml,Food and Beverage,WH-001,B,275,58.7,4.68,2337.5,0.0,3082.7500000000005,565.675,False,False,False,Healthy (30-60d)
20240601,2024-06,2024,6,PRD-00034,Protein Granola 500g,Food and Beverage,WH-001,C,210,36.3,5.79,541.8,0.0,762.3,157.12199999999999,False,False,False,Healthy (30-60d)
20240601,2024-06,2024,6,PRD-00035,Mixed Nuts 200g,Food and Beverage,WH-002,B,169,36.3,4.65,1497.34,0.0,1908.0099999999998,321.9281,False,False,False,Healthy (30-60d)
20240601,2024-06,2024,6,PRD-00036,Herbal Tea Variety 40-Pack,Food and Beverage,WH-003,C,191,74.9,2.55,1188.02,0.0,1573.8400000000001,292.25292,False,False,False,Excess (60-90d)
20240601,2024-06,2024,6,PRD-00037,Sparkling Water 12x500ml,Food and Beverage,WH-002,C,37,13.7,2.7,224.22,0.0,287.49,49.3284,False,False,False,Critical (<14d)
20240601,2024-06,2024,6,PRD-00038,Luxury Bath Gift Set,Seasonal and Gifting,WH-003,A,199,70.6,2.82,3769.06,0.0,6670.4800000000005,1639.5411,False,False,False,Excess (60-90d)
20240601,2024-06,2024,6,PRD-00039,Premium Scented Candle Set,Seasonal and Gifting,WH-002,A,1,0.5,2.2,27.49,0.0,43.03,9.92389,False,False,True,Critical (<14d)
20240601,2024-06,2024,6,PRD-00040,Artisan Chocolate Selection Box,Seasonal and Gifting,WH-001,B,90,23.5,3.82,572.4,0.0,1235.7,307.3788,False,False,False,Low (14-30d)
20240601,2024-06,2024,6,PRD-00041,Spa Pamper Set,Seasonal and Gifting,WH-001,A,11,3.9,2.8,198.33,0.0,371.58000000000004,92.42178000000001,False,False,True,Critical (<14d)
20240601,2024-06,2024,6,PRD-00042,Aromatherapy Diffuser Kit,Seasonal and Gifting,WH-002,A,105,47.8,2.2,2135.7,0.0,4518.150000000001,1125.5139,False,False,False,Healthy (30-60d)
20240601,2024-06,2024,6,PRD-00043,Premium Notebook and Pen Set,Seasonal and Gifting,WH-001,A,125,22.7,5.5,1250.0,0.0,2147.5,522.5,False,False,False,Low (14-30d)
20240601,2024-06,2024,6,PRD-00044,Personalised Mug Gift Box,Seasonal and Gifting,WH-002,A,24,11.3,2.12,654.24,0.0,1067.76,253.19088000000002,False,False,True,Critical (<14d)
20240601,2024-06,2024,6,PRD-00045,Festive Reed Diffuser,Seasonal and Gifting,WH-003,A,167,65.1,2.57,3031.05,0.0,6152.280000000001,1536.7423500000002,False,False,False,Excess (60-90d)
20240601,2024-06,2024,6,PRD-00046,Professional Floor Cleaner 5L,Cleaning Products,WH-001,C,159,59.8,2.66,1044.63,0.0,1256.1000000000001,175.49784000000002,False,False,False,Healthy (30-60d)
20240601,2024-06,2024,6,PRD-00047,Industrial Degreaser 2L,Cleaning Products,WH-003,C,450,89.8,5.01,1642.5,0.0,1885.5000000000002,211.8825,False,False,False,Excess (60-90d)
20240601,2024-06,2024,6,PRD-00048,Antibacterial Surface Spray 1L,Cleaning Products,WH-003,C,273,72.1,3.78,1329.51,0.0,1515.1499999999999,163.52973,False,False,False,Excess (60-90d)
20240601,2024-06,2024,6,PRD-00049,Laundry Detergent 2.5kg,Cleaning Products,WH-002,B,152,34.8,4.37,1609.68,0.0,1827.04,191.55192000000002,False,False,False,Healthy (30-60d)
20240601,2024-06,2024,6,PRD-00050,Fabric Softener 1.5L,Cleaning Products,WH-002,B,162,36.8,4.4,1611.9,0.0,1931.04,265.9635,False,False,False,Healthy (30-60d)
20240701,2024-07,2024,7,PRD-00001,Premium Kitchen Roll 6-Pack,Household Essentials,WH-003,C,192,51.5,3.73,950.4,0.0,1132.8000000000002,153.0144,False,False,False,Healthy (30-60d)
20240701,2024-07,2024,7,PRD-00002,Aluminium Foil 30m Roll,Household Essentials,WH-002,C,379,66.8,5.67,1224.17,0.0,1470.52,205.66056,False,False,False,Excess (60-90d)
20240701,2024-07,2024,7,PRD-00003,Cling Film 100m,Household Essentials,WH-002,C,167,42.3,3.95,733.13,0.0,930.19,154.69043000000002,False,False,False,Healthy (30-60d)
20240701,2024-07,2024,7,PRD-00004,Bin Bags 40L 50-Pack,Household Essentials,WH-003,B,82,21.8,3.76,1020.08,0.0,1200.48,153.012,False,False,False,Low (14-30d)
20240701,2024-07,2024,7,PRD-00005,Washing Up Liquid 500ml,Household Essentials,WH-001,C,140,45.1,3.1,785.4,0.0,992.6,164.14859999999996,False,False,False,Healthy (30-60d)
20240701,2024-07,2024,7,PRD-00006,Dishwasher Tablets 60-Pack,Household Essentials,WH-003,C,136,58.1,2.34,1052.64,0.0,1278.4,185.26464000000004,False,False,False,Healthy (30-60d)
20240701,2024-07,2024,7,PRD-00007,Kitchen Cleaner Spray 750ml,Household Essentials,WH-003,B,270,65.1,4.15,2818.8,0.0,3580.2,597.5856,False,False,False,Excess (60-90d)
20240701,2024-07,2024,7,PRD-00008,Toilet Cleaner 750ml,Household Essentials,WH-003,C,243,48.4,5.02,911.25,0.0,1064.34,130.30875,False,False,False,Healthy (30-60d)
20240701,2024-07,2024,7,PRD-00009,Bathroom Cleaner 500ml,Household Essentials,WH-001,C,141,39.5,3.57,681.03,0.0,868.5600000000001,147.78350999999998,False,False,False,Healthy (30-60d)
20240701,2024-07,2024,7,PRD-00010,Multi-Surface Wipes 80-Pack,Household Essentials,WH-003,C,314,46.1,6.81,844.66,0.0,1014.22,141.05821999999998,False,False,False,Healthy (30-60d)
20240701,2024-07,2024,7,PRD-00011,Sponge Scourers 10-Pack,Household Essentials,WH-002,B,74,21.7,3.41,968.66,0.0,1193.62,182.10808,False,False,False,Low (14-30d)
20240701,2024-07,2024,7,PRD-00012,Paper Towels 12-Roll,Household Essentials,WH-001,C,110,48.7,2.26,915.2,0.0,1071.4,133.6192,False,False,False,Healthy (30-60d)
20240701,2024-07,2024,7,PRD-00013,Rubber Gloves Medium Pair,Household Essentials,WH-003,B,157,32.5,4.82,1486.79,0.0,1789.8,251.26750999999996,False,False,False,Healthy (30-60d)
20240701,2024-07,2024,7,PRD-00014,Oven Cleaner 300ml,Household Essentials,WH-002,C,96,41.4,2.32,716.16,0.0,911.04,153.25824,False,False,False,Healthy (30-60d)
20240701,2024-07,2024,7,PRD-00015,Drain Unblocker 500ml,Household Essentials,WH-003,C,358,46.5,7.69,877.1,0.0,1023.88,127.1795,False,False,False,Healthy (30-60d)
20240701,2024-07,2024,7,PRD-00016,Moisturising Hand Cream 100ml,Personal Care,WH-003,C,226,70.4,3.21,953.72,0.0,1548.1,366.22848,False,False,False,Excess (60-90d)
20240701,2024-07,2024,7,PRD-00017,Daily Shampoo 400ml,Personal Care,WH-003,A,223,43.3,5.15,3146.53,0.0,4290.5199999999995,840.1235100000001,False,False,False,Healthy (30-60d)
20240701,2024-07,2024,7,PRD-00018,Conditioner 400ml,Personal Care,WH-001,A,219,47.6,4.6,3534.66,0.0,4717.26,883.665,False,False,False,Healthy (30-60d)
20240701,2024-07,2024,7,PRD-00019,Body Lotion 250ml,Personal Care,WH-003,C,319,57.4,5.56,781.55,0.0,1263.24,296.989,False,False,False,Healthy (30-60d)
20240701,2024-07,2024,7,PRD-00020,Shower Gel 500ml,Personal Care,WH-001,B,205,44.0,4.66,1633.85,0.0,2419.0,529.3674,False,False,False,Healthy (30-60d)
20240701,2024-07,2024,7,PRD-00021,Deodorant Roll-On 50ml,Personal Care,WH-001,B,196,56.3,3.48,1952.16,0.0,3096.8,722.2991999999999,False,False,False,Healthy (30-60d)
20240701,2024-07,2024,7,PRD-00022,Facial Cleanser 150ml,Personal Care,WH-002,C,184,40.5,4.55,489.44,0.0,890.56,219.75856,False,False,False,Healthy (30-60d)
20240701,2024-07,2024,7,PRD-00023,Lip Balm SPF15,Personal Care,WH-003,C,127,43.1,2.95,538.48,0.0,948.6899999999999,232.62336000000002,False,False,False,Healthy (30-60d)
20240701,2024-07,2024,7,PRD-00024,Hand Sanitiser 500ml,Personal Care,WH-001,C,155,66.8,2.32,945.5,0.0,1469.4,337.54350000000005,False,False,False,Excess (60-90d)
20240701,2024-07,2024,7,PRD-00025,Toothpaste Whitening 100ml,Personal Care,WH-001,B,245,56.1,4.37,2023.7,0.0,3084.55,696.1528,False,False,False,Healthy (30-60d)
20240701,2024-07,2024,7,PRD-00026,Mouthwash Fresh Mint 500ml,Personal Care,WH-001,B,82,24.5,3.35,980.72,0.0,1345.6200000000001,265.77512,False,False,False,Low (14-30d)
20240701,2024-07,2024,7,PRD-00027,Cotton Buds 200-Pack,Personal Care,WH-003,A,263,49.3,5.33,2929.82,0.0,4883.91,1171.928,False,False,False,Healthy (30-60d)
20240701,2024-07,2024,7,PRD-00028,Premium Ground Coffee 250g,Food and Beverage,WH-002,B,101,19.2,5.25,781.74,0.0,1058.48,204.03414,False,False,False,Low (14-30d)
20240701,2024-07,2024,7,PRD-00029,English Breakfast Tea 80-Pack,Food and Beverage,WH-001,C,254,51.7,4.91,939.8,0.0,1137.92,164.465,False,False,False,Healthy (30-60d)
20240701,2024-07,2024,7,PRD-00030,Instant Hot Chocolate 400g,Food and Beverage,WH-003,B,282,51.9,5.43,2061.42,0.0,2856.6600000000003,573.07476,False,False,False,Healthy (30-60d)
20240701,2024-07,2024,7,PRD-00031,Organic Honey 340g,Food and Beverage,WH-001,C,63,22.3,2.83,345.24,0.0,489.51,101.8458,False,False,False,Low (14-30d)
20240701,2024-07,2024,7,PRD-00032,Extra Virgin Olive Oil 500ml,Food and Beverage,WH-002,C,393,37.7,10.43,628.8,0.0,829.2299999999999,150.91199999999998,False,False,False,Healthy (30-60d)
20240701,2024-07,2024,7,PRD-00033,Apple Cider Vinegar 500ml,Food and Beverage,WH-003,B,227,46.3,4.91,1929.5,0.0,2544.67,466.939,False,False,False,Healthy (30-60d)
20240701,2024-07,2024,7,PRD-00034,Protein Granola 500g,Food and Beverage,WH-001,C,207,34.2,6.06,534.06,0.0,751.41,154.87739999999997,False,False,False,Healthy (30-60d)
20240701,2024-07,2024,7,PRD-00035,Mixed Nuts 200g,Food and Beverage,WH-003,B,107,22.0,4.87,948.02,0.0,1208.03,203.8243,False,False,False,Low (14-30d)
20240701,2024-07,2024,7,PRD-00036,Herbal Tea Variety 40-Pack,Food and Beverage,WH-001,C,134,50.2,2.67,833.48,0.0,1104.16,205.03608,False,False,False,Healthy (30-60d)
20240701,2024-07,2024,7,PRD-00037,Sparkling Water 12x500ml,Food and Beverage,WH-002,C,107,37.8,2.83,648.42,0.0,831.39,142.6524,False,False,False,Healthy (30-60d)
20240701,2024-07,2024,7,PRD-00038,Luxury Bath Gift Set,Seasonal and Gifting,WH-002,A,309,104.6,2.95,5852.46,0.0,10357.68,2545.8201,False,False,False,Slow-Mover (>90d)
20240701,2024-07,2024,7,PRD-00039,Premium Scented Candle Set,Seasonal and Gifting,WH-002,A,50,21.7,2.3,1374.5,0.0,2151.5,496.19450000000006,False,False,False,Low (14-30d)
20240701,2024-07,2024,7,PRD-00040,Artisan Chocolate Selection Box,Seasonal and Gifting,WH-001,B,198,49.4,4.01,1259.28,0.0,2718.54,676.23336,False,False,False,Healthy (30-60d)
20240701,2024-07,2024,7,PRD-00041,Spa Pamper Set,Seasonal and Gifting,WH-001,A,141,48.1,2.93,2542.23,0.0,4762.9800000000005,1184.67918,False,False,False,Healthy (30-60d)
20240701,2024-07,2024,7,PRD-00042,Aromatherapy Diffuser Kit,Seasonal and Gifting,WH-002,A,84,36.5,2.3,1708.56,0.0,3614.52,900.4111200000001,False,False,False,Healthy (30-60d)
20240701,2024-07,2024,7,PRD-00043,Premium Notebook and Pen Set,Seasonal and Gifting,WH-001,A,318,55.2,5.76,3180.0,0.0,5463.24,1329.24,False,False,False,Healthy (30-60d)
20240701,2024-07,2024,7,PRD-00044,Personalised Mug Gift Box,Seasonal and Gifting,WH-001,A,0,0.0,2.23,0.0,0.0,0.0,0.0,True,False,False,Stock-Out
20240701,2024-07,2024,7,PRD-00045,Festive Reed Diffuser,Seasonal and Gifting,WH-002,A,151,56.2,2.69,2740.65,0.0,5562.84,1389.5095500000002,False,False,False,Healthy (30-60d)
20240701,2024-07,2024,7,PRD-00046,Professional Floor Cleaner 5L,Cleaning Products,WH-002,C,200,71.8,2.78,1314.0,0.0,1580.0,220.752,False,False,False,Excess (60-90d)
20240701,2024-07,2024,7,PRD-00047,Industrial Degreaser 2L,Cleaning Products,WH-003,C,242,46.1,5.25,883.3,0.0,1013.9800000000001,113.9457,False,False,False,Healthy (30-60d)
20240701,2024-07,2024,7,PRD-00048,Antibacterial Surface Spray 1L,Cleaning Products,WH-002,C,95,24.0,3.96,462.65,0.0,527.25,56.905950000000004,False,False,False,Low (14-30d)
20240701,2024-07,2024,7,PRD-00049,Laundry Detergent 2.5kg,Cleaning Products,WH-001,B,281,61.4,4.58,2975.79,0.0,3377.62,354.11901,False,False,False,Excess (60-90d)
20240701,2024-07,2024,7,PRD-00050,Fabric Softener 1.5L,Cleaning Products,WH-001,B,203,44.0,4.61,2019.85,0.0,2419.7599999999998,333.27525,False,False,False,Healthy (30-60d)
20240801,2024-08,2024,8,PRD-00001,Premium Kitchen Roll 6-Pack,Household Essentials,WH-002,C,89,25.0,3.56,440.55,0.0,525.1,70.92855,False,False,False,Low (14-30d)
20240801,2024-08,2024,8,PRD-00002,Aluminium Foil 30m Roll,Household Essentials,WH-001,C,410,75.8,5.41,1324.3,0.0,1590.8,222.4824,False,False,False,Excess (60-90d)
20240801,2024-08,2024,8,PRD-00003,Cling Film 100m,Household Essentials,WH-003,C,354,93.9,3.77,1554.06,64.5329999999999,1971.7800000000002,327.90666,False,True,False,Slow-Mover (>90d)
20240801,2024-08,2024,8,PRD-00004,Bin Bags 40L 50-Pack,Household Essentials,WH-003,B,0,0.0,3.59,0.0,0.0,0.0,0.0,True,False,False,Stock-Out
20240801,2024-08,2024,8,PRD-00005,Washing Up Liquid 500ml,Household Essentials,WH-003,C,207,69.9,2.96,1161.27,0.0,1467.6299999999999,242.70542999999998,False,False,False,Excess (60-90d)
20240801,2024-08,2024,8,PRD-00006,Dishwasher Tablets 60-Pack,Household Essentials,WH-003,C,240,107.4,2.23,1857.6,304.182,2256.0,326.93760000000003,False,True,False,Slow-Mover (>90d)
20240801,2024-08,2024,8,PRD-00007,Kitchen Cleaner Spray 750ml,Household Essentials,WH-003,B,226,57.1,3.96,2359.44,0.0,2996.7599999999998,500.20128,False,False,False,Healthy (30-60d)
20240801,2024-08,2024,8,PRD-00008,Toilet Cleaner 750ml,Household Essentials,WH-003,C,378,78.8,4.79,1417.5,0.0,1655.6399999999999,202.7025,False,False,False,Excess (60-90d)
20240801,2024-08,2024,8,PRD-00009,Bathroom Cleaner 500ml,Household Essentials,WH-003,C,333,97.7,3.41,1608.39,126.06299999999987,2051.28,349.02063000000004,False,True,False,Slow-Mover (>90d)
20240801,2024-08,2024,8,PRD-00010,Multi-Surface Wipes 80-Pack,Household Essentials,WH-003,C,716,110.1,6.5,1926.04,352.3900000000001,2312.68,321.64868,False,True,False,Slow-Mover (>90d)
20240801,2024-08,2024,8,PRD-00011,Sponge Scourers 10-Pack,Household Essentials,WH-003,B,193,59.3,3.25,2526.37,0.0,3113.0899999999997,474.95756,False,False,False,Healthy (30-60d)
20240801,2024-08,2024,8,PRD-00012,Paper Towels 12-Roll,Household Essentials,WH-002,C,46,21.3,2.16,382.72,0.0,448.04,55.877120000000005,False,False,False,Low (14-30d)
20240801,2024-08,2024,8,PRD-00013,Rubber Gloves Medium Pair,Household Essentials,WH-003,B,197,42.8,4.61,1865.59,0.0,2245.8,315.28470999999996,False,False,False,Healthy (30-60d)
20240801,2024-08,2024,8,PRD-00014,Oven Cleaner 300ml,Household Essentials,WH-003,C,116,52.4,2.21,865.36,0.0,1100.84,185.18703999999997,False,False,False,Healthy (30-60d)
20240801,2024-08,2024,8,PRD-00015,Drain Unblocker 500ml,Household Essentials,WH-002,C,521,71.0,7.34,1276.45,0.0,1490.06,185.08525,False,False,False,Excess (60-90d)
20240801,2024-08,2024,8,PRD-00016,Moisturising Hand Cream 100ml,Personal Care,WH-002,C,292,95.2,3.07,1232.24,66.25400000000013,2000.1999999999998,473.18015999999994,False,True,False,Slow-Mover (>90d)
20240801,2024-08,2024,8,PRD-00017,Daily Shampoo 400ml,Personal Care,WH-002,A,153,31.2,4.91,2158.83,0.0,2943.72,576.40761,False,False,False,Healthy (30-60d)
20240801,2024-08,2024,8,PRD-00018,Conditioner 400ml,Personal Care,WH-003,A,3,0.7,4.39,48.42,0.0,64.62,12.105,False,False,True,Critical (<14d)
20240801,2024-08,2024,8,PRD-00019,Body Lotion 250ml,Personal Care,WH-002,C,58,10.9,5.3,142.1,0.0,229.68,53.998000000000005,False,False,False,Critical (<14d)
20240801,2024-08,2024,8,PRD-00020,Shower Gel 500ml,Personal Care,WH-001,B,220,49.4,4.45,1753.4,0.0,2596.0,568.1016000000001,False,False,False,Healthy (30-60d)
20240801,2024-08,2024,8,PRD-00021,Deodorant Roll-On 50ml,Personal Care,WH-001,B,0,0.0,3.32,0.0,0.0,0.0,0.0,True,False,False,Stock-Out
20240801,2024-08,2024,8,PRD-00022,Facial Cleanser 150ml,Personal Care,WH-002,C,274,63.2,4.34,728.84,0.0,1326.1599999999999,327.24916,False,False,False,Excess (60-90d)
20240801,2024-08,2024,8,PRD-00023,Lip Balm SPF15,Personal Care,WH-002,C,265,94.3,2.81,1123.6,51.30399999999986,1979.55,485.3952,False,True,False,Slow-Mover (>90d)
20240801,2024-08,2024,8,PRD-00024,Hand Sanitiser 500ml,Personal Care,WH-002,C,154,69.5,2.22,939.4,0.0,1459.92,335.36580000000004,False,False,False,Excess (60-90d)
20240801,2024-08,2024,8,PRD-00025,Toothpaste Whitening 100ml,Personal Care,WH-003,B,313,75.1,4.17,2585.38,0.0,3940.67,889.37072,False,False,False,Excess (60-90d)
20240801,2024-08,2024,8,PRD-00026,Mouthwash Fresh Mint 500ml,Personal Care,WH-003,B,173,54.1,3.2,2069.08,0.0,2838.93,560.72068,False,False,False,Healthy (30-60d)
20240801,2024-08,2024,8,PRD-00027,Cotton Buds 200-Pack,Personal Care,WH-002,A,221,43.4,5.09,2461.94,0.0,4103.97,984.7760000000001,False,False,False,Healthy (30-60d)
20240801,2024-08,2024,8,PRD-00028,Premium Ground Coffee 250g,Food and Beverage,WH-003,B,147,29.3,5.01,1137.78,0.0,1540.5600000000002,296.96058,False,False,False,Low (14-30d)
20240801,2024-08,2024,8,PRD-00029,English Breakfast Tea 80-Pack,Food and Beverage,WH-002,C,344,73.4,4.69,1272.8,0.0,1541.1200000000001,222.74,False,False,False,Excess (60-90d)
20240801,2024-08,2024,8,PRD-00030,Instant Hot Chocolate 400g,Food and Beverage,WH-002,B,423,81.6,5.18,3092.13,0.0,4284.990000000001,859.6121400000001,False,False,False,Excess (60-90d)
20240801,2024-08,2024,8,PRD-00031,Organic Honey 340g,Food and Beverage,WH-003,C,204,75.5,2.7,1117.92,0.0,1585.08,329.7864,False,False,False,Excess (60-90d)
20240801,2024-08,2024,8,PRD-00032,Extra Virgin Olive Oil 500ml,Food and Beverage,WH-001,C,731,73.4,9.95,1169.6,0.0,1542.4099999999999,280.70399999999995,False,False,False,Excess (60-90d)
20240801,2024-08,2024,8,PRD-00033,Apple Cider Vinegar 500ml,Food and Beverage,WH-001,B,461,98.4,4.68,3918.5,0.0,5167.81,948.2769999999999,False,False,False,Slow-Mover (>90d)
20240801,2024-08,2024,8,PRD-00034,Protein Granola 500g,Food and Beverage,WH-001,C,95,16.4,5.79,245.1,0.0,344.84999999999997,71.079,False,False,False,Low (14-30d)
20240801,2024-08,2024,8,PRD-00035,Mixed Nuts 200g,Food and Beverage,WH-003,B,243,52.3,4.65,2152.98,0.0,2743.47,462.8907,False,False,False,Healthy (30-60d)
20240801,2024-08,2024,8,PRD-00036,Herbal Tea Variety 40-Pack,Food and Beverage,WH-003,C,181,71.0,2.55,1125.82,0.0,1491.44,276.95171999999997,False,False,False,Excess (60-90d)
20240801,2024-08,2024,8,PRD-00037,Sparkling Water 12x500ml,Food and Beverage,WH-003,C,265,98.0,2.7,1605.9,133.31999999999994,2059.0499999999997,353.298,False,True,False,Slow-Mover (>90d)
20240801,2024-08,2024,8,PRD-00038,Luxury Bath Gift Set,Seasonal and Gifting,WH-002,A,227,80.5,2.82,4299.38,0.0,7609.040000000001,1870.2303,False,False,False,Excess (60-90d)
20240801,2024-08,2024,8,PRD-00039,Premium Scented Candle Set,Seasonal and Gifting,WH-001,A,35,15.9,2.2,962.15,0.0,1506.05,347.33615,False,False,False,Low (14-30d)
20240801,2024-08,2024,8,PRD-00040,Artisan Chocolate Selection Box,Seasonal and Gifting,WH-002,B,313,81.9,3.82,1990.68,0.0,4297.49,1068.99516,False,False,False,Excess (60-90d)
20240801,2024-08,2024,8,PRD-00041,Spa Pamper Set,Seasonal and Gifting,WH-003,A,58,20.7,2.8,1045.74,0.0,1959.24,487.31484000000006,False,False,False,Low (14-30d)
20240801,2024-08,2024,8,PRD-00042,Aromatherapy Diffuser Kit,Seasonal and Gifting,WH-001,A,111,50.5,2.2,2257.74,0.0,4776.33,1189.82898,False,False,False,Healthy (30-60d)
20240801,2024-08,2024,8,PRD-00043,Premium Notebook and Pen Set,Seasonal and Gifting,WH-002,A,0,0.0,5.5,0.0,0.0,0.0,0.0,True,False,False,Stock-Out
20240801,2024-08,2024,8,PRD-00044,Personalised Mug Gift Box,Seasonal and Gifting,WH-003,A,73,34.4,2.12,1989.98,0.0,3247.77,770.1222600000001,False,False,False,Healthy (30-60d)
20240801,2024-08,2024,8,PRD-00045,Festive Reed Diffuser,Seasonal and Gifting,WH-003,A,0,0.0,2.57,0.0,0.0,0.0,0.0,True,False,False,Stock-Out
20240801,2024-08,2024,8,PRD-00046,Professional Floor Cleaner 5L,Cleaning Products,WH-002,C,213,80.1,2.66,1399.41,0.0,1682.7,235.10088000000005,False,False,False,Excess (60-90d)
20240801,2024-08,2024,8,PRD-00047,Industrial Degreaser 2L,Cleaning Products,WH-003,C,293,58.5,5.01,1069.45,0.0,1227.67,137.95905000000002,False,False,False,Healthy (30-60d)
20240801,2024-08,2024,8,PRD-00048,Antibacterial Surface Spray 1L,Cleaning Products,WH-002,C,240,63.4,3.78,1168.8,0.0,1332.0,143.76239999999999,False,False,False,Excess (60-90d)
20240801,2024-08,2024,8,PRD-00049,Laundry Detergent 2.5kg,Cleaning Products,WH-002,B,335,76.7,4.37,3547.65,0.0,4026.7,422.17035000000004,False,False,False,Excess (60-90d)
20240801,2024-08,2024,8,PRD-00050,Fabric Softener 1.5L,Cleaning Products,WH-003,B,85,19.3,4.4,845.75,0.0,1013.2,139.54875,False,False,False,Low (14-30d)
20240901,2024-09,2024,9,PRD-00001,Premium Kitchen Roll 6-Pack,Household Essentials,WH-003,C,151,44.5,3.39,747.45,0.0,890.9000000000001,120.33945000000001,False,False,False,Healthy (30-60d)
20240901,2024-09,2024,9,PRD-00002,Aluminium Foil 30m Roll,Household Essentials,WH-003,C,343,66.5,5.15,1107.89,0.0,1330.84,186.12552000000002,False,False,False,Excess (60-90d)
20240901,2024-09,2024,9,PRD-00003,Cling Film 100m,Household Essentials,WH-002,C,69,19.2,3.59,302.91,0.0,384.33000000000004,63.914010000000005,False,False,False,Low (14-30d)
20240901,2024-09,2024,9,PRD-00004,Bin Bags 40L 50-Pack,Household Essentials,WH-001,B,239,70.0,3.42,2973.16,0.0,3498.96,445.97399999999993,False,False,False,Excess (60-90d)
20240901,2024-09,2024,9,PRD-00005,Washing Up Liquid 500ml,Household Essentials,WH-002,C,237,84.0,2.82,1329.57,0.0,1680.33,277.88012999999995,False,False,False,Excess (60-90d)
20240901,2024-09,2024,9,PRD-00006,Dishwasher Tablets 60-Pack,Household Essentials,WH-001,C,139,65.3,2.13,1075.86,0.0,1306.6000000000001,189.35136,False,False,False,Excess (60-90d)
20240901,2024-09,2024,9,PRD-00007,Kitchen Cleaner Spray 750ml,Household Essentials,WH-001,B,179,47.5,3.77,1868.76,0.0,2373.54,396.17712,False,False,False,Healthy (30-60d)
20240901,2024-09,2024,9,PRD-00008,Toilet Cleaner 750ml,Household Essentials,WH-002,C,298,65.3,4.57,1117.5,0.0,1305.24,159.8025,False,False,False,Excess (60-90d)
20240901,2024-09,2024,9,PRD-00009,Bathroom Cleaner 500ml,Household Essentials,WH-001,C,193,59.4,3.25,932.19,0.0,1188.88,202.28523,False,False,False,Healthy (30-60d)
20240901,2024-09,2024,9,PRD-00010,Multi-Surface Wipes 80-Pack,Household Essentials,WH-003,C,412,66.5,6.19,1108.28,0.0,1330.76,185.08275999999998,False,False,False,Excess (60-90d)
20240901,2024-09,2024,9,PRD-00011,Sponge Scourers 10-Pack,Household Essentials,WH-002,B,92,29.7,3.1,1204.28,0.0,1483.9599999999998,226.40464,False,False,False,Low (14-30d)
20240901,2024-09,2024,9,PRD-00012,Paper Towels 12-Roll,Household Essentials,WH-003,C,48,23.4,2.05,399.36,0.0,467.52,58.30656,False,False,False,Low (14-30d)
20240901,2024-09,2024,9,PRD-00013,Rubber Gloves Medium Pair,Household Essentials,WH-001,B,217,49.5,4.39,2054.99,0.0,2473.8,347.2933099999999,False,False,False,Healthy (30-60d)
20240901,2024-09,2024,9,PRD-00014,Oven Cleaner 300ml,Household Essentials,WH-002,C,120,56.9,2.11,895.2,0.0,1138.8,191.5728,False,False,False,Healthy (30-60d)
20240901,2024-09,2024,9,PRD-00015,Drain Unblocker 500ml,Household Essentials,WH-003,C,251,35.9,6.99,614.95,0.0,717.86,89.16775000000001,False,False,False,Healthy (30-60d)
20240901,2024-09,2024,9,PRD-00016,Moisturising Hand Cream 100ml,Personal Care,WH-002,C,134,45.9,2.92,565.48,0.0,917.9,217.14432,False,False,False,Healthy (30-60d)
20240901,2024-09,2024,9,PRD-00017,Daily Shampoo 400ml,Personal Care,WH-001,A,258,55.2,4.68,3640.38,0.0,4963.919999999999,971.98146,False,False,False,Healthy (30-60d)
20240901,2024-09,2024,9,PRD-00018,Conditioner 400ml,Personal Care,WH-002,A,74,17.7,4.18,1194.36,0.0,1593.96,298.59,False,False,False,Low (14-30d)
20240901,2024-09,2024,9,PRD-00019,Body Lotion 250ml,Personal Care,WH-003,C,277,54.8,5.05,678.65,0.0,1096.92,257.887,False,False,False,Healthy (30-60d)
20240901,2024-09,2024,9,PRD-00020,Shower Gel 500ml,Personal Care,WH-003,B,62,14.6,4.24,494.14,0.0,731.6,160.10136,False,False,False,Low (14-30d)
20240901,2024-09,2024,9,PRD-00021,Deodorant Roll-On 50ml,Personal Care,WH-002,B,118,37.3,3.16,1175.28,0.0,1864.4,434.85360000000003,False,False,False,Healthy (30-60d)
20240901,2024-09,2024,9,PRD-00022,Facial Cleanser 150ml,Personal Care,WH-003,C,256,62.0,4.13,680.96,0.0,1239.04,305.75104,False,False,False,Excess (60-90d)
20240901,2024-09,2024,9,PRD-00023,Lip Balm SPF15,Personal Care,WH-003,C,4,1.5,2.68,16.96,0.0,29.88,7.326720000000002,False,False,False,Critical (<14d)
20240901,2024-09,2024,9,PRD-00024,Hand Sanitiser 500ml,Personal Care,WH-001,C,152,72.0,2.11,927.2,0.0,1440.96,331.0104,False,False,False,Excess (60-90d)
20240901,2024-09,2024,9,PRD-00025,Toothpaste Whitening 100ml,Personal Care,WH-001,B,133,33.5,3.97,1098.58,0.0,1674.47,377.91151999999994,False,False,False,Healthy (30-60d)
20240901,2024-09,2024,9,PRD-00026,Mouthwash Fresh Mint 500ml,Personal Care,WH-002,B,155,50.9,3.05,1853.8,0.0,2543.55,502.37980000000005,False,False,False,Healthy (30-60d)
20240901,2024-09,2024,9,PRD-00027,Cotton Buds 200-Pack,Personal Care,WH-002,A,0,0.0,4.85,0.0,0.0,0.0,0.0,True,False,False,Stock-Out
20240901,2024-09,2024,9,PRD-00028,Premium Ground Coffee 250g,Food and Beverage,WH-001,B,436,91.4,4.77,3374.64,0.0,4569.28,880.7810400000001,False,False,False,Slow-Mover (>90d)
20240901,2024-09,2024,9,PRD-00029,English Breakfast Tea 80-Pack,Food and Beverage,WH-002,C,145,32.5,4.46,536.5,0.0,649.6,93.8875,False,False,False,Healthy (30-60d)
20240901,2024-09,2024,9,PRD-00030,Instant Hot Chocolate 400g,Food and Beverage,WH-001,B,157,31.8,4.94,1147.67,0.0,1590.41,319.05226000000005,False,False,False,Healthy (30-60d)
20240901,2024-09,2024,9,PRD-00031,Organic Honey 340g,Food and Beverage,WH-003,C,173,67.2,2.57,948.04,0.0,1344.21,279.6718,False,False,False,Excess (60-90d)
20240901,2024-09,2024,9,PRD-00032,Extra Virgin Olive Oil 500ml,Food and Beverage,WH-002,C,785,82.8,9.48,1256.0,0.0,1656.35,301.44,False,False,False,Excess (60-90d)
20240901,2024-09,2024,9,PRD-00033,Apple Cider Vinegar 500ml,Food and Beverage,WH-003,B,169,37.9,4.46,1436.5,0.0,1894.4900000000002,347.633,False,False,False,Healthy (30-60d)
20240901,2024-09,2024,9,PRD-00034,Protein Granola 500g,Food and Beverage,WH-002,C,377,68.4,5.51,972.66,0.0,1368.51,282.0714,False,False,False,Excess (60-90d)
20240901,2024-09,2024,9,PRD-00035,Mixed Nuts 200g,Food and Beverage,WH-002,B,318,71.8,4.43,2817.48,0.0,3590.22,605.7582,False,False,False,Excess (60-90d)
20240901,2024-09,2024,9,PRD-00036,Herbal Tea Variety 40-Pack,Food and Beverage,WH-003,C,190,78.3,2.43,1181.8,0.0,1565.6000000000001,290.7228,False,False,False,Excess (60-90d)
20240901,2024-09,2024,9,PRD-00037,Sparkling Water 12x500ml,Food and Beverage,WH-002,C,118,45.8,2.57,715.08,0.0,916.8599999999999,157.3176,False,False,False,Healthy (30-60d)
20240901,2024-09,2024,9,PRD-00038,Luxury Bath Gift Set,Seasonal and Gifting,WH-001,A,152,56.6,2.68,2878.88,0.0,5095.040000000001,1252.3128,False,False,False,Healthy (30-60d)
20240901,2024-09,2024,9,PRD-00039,Premium Scented Candle Set,Seasonal and Gifting,WH-002,A,78,37.3,2.09,2144.22,0.0,3356.34,774.06342,False,False,False,Healthy (30-60d)
20240901,2024-09,2024,9,PRD-00040,Artisan Chocolate Selection Box,Seasonal and Gifting,WH-003,B,119,32.7,3.64,756.84,0.0,1633.8700000000001,406.42308,False,False,False,Healthy (30-60d)
20240901,2024-09,2024,9,PRD-00041,Spa Pamper Set,Seasonal and Gifting,WH-003,A,28,10.5,2.66,504.84,0.0,945.84,235.25544,False,False,True,Critical (<14d)
20240901,2024-09,2024,9,PRD-00042,Aromatherapy Diffuser Kit,Seasonal and Gifting,WH-001,A,179,85.6,2.09,3640.86,0.0,7702.37,1918.73322,False,False,False,Excess (60-90d)
20240901,2024-09,2024,9,PRD-00043,Premium Notebook and Pen Set,Seasonal and Gifting,WH-003,A,450,85.9,5.24,4500.0,0.0,7731.0,1881.0,False,False,False,Excess (60-90d)
20240901,2024-09,2024,9,PRD-00044,Personalised Mug Gift Box,Seasonal and Gifting,WH-003,A,11,5.4,2.02,299.86,0.0,489.39000000000004,116.04582000000002,False,False,True,Critical (<14d)
20240901,2024-09,2024,9,PRD-00045,Festive Reed Diffuser,Seasonal and Gifting,WH-003,A,95,38.9,2.44,1724.25,0.0,3499.8,874.1947500000001,False,False,False,Healthy (30-60d)
20240901,2024-09,2024,9,PRD-00046,Professional Floor Cleaner 5L,Cleaning Products,WH-003,C,243,96.0,2.53,1596.51,100.52099999999996,1919.7,268.21368,False,True,False,Slow-Mover (>90d)
20240901,2024-09,2024,9,PRD-00047,Industrial Degreaser 2L,Cleaning Products,WH-001,C,307,64.3,4.77,1120.55,0.0,1286.3300000000002,144.55095,False,False,False,Excess (60-90d)
20240901,2024-09,2024,9,PRD-00048,Antibacterial Surface Spray 1L,Cleaning Products,WH-001,C,216,59.9,3.6,1051.92,0.0,1198.8,129.38616000000002,False,False,False,Healthy (30-60d)
20240901,2024-09,2024,9,PRD-00049,Laundry Detergent 2.5kg,Cleaning Products,WH-001,B,456,109.6,4.16,4829.04,0.0,5481.12,574.65576,False,False,False,Slow-Mover (>90d)
20240901,2024-09,2024,9,PRD-00050,Fabric Softener 1.5L,Cleaning Products,WH-002,B,103,24.6,4.19,1024.85,0.0,1227.76,169.10025,False,False,False,Low (14-30d)
20241001,2024-10,2024,10,PRD-00001,Premium Kitchen Roll 6-Pack,Household Essentials,WH-003,C,98,26.3,3.73,485.1,0.0,578.2,78.10110000000002,False,False,False,Low (14-30d)
20241001,2024-10,2024,10,PRD-00002,Aluminium Foil 30m Roll,Household Essentials,WH-002,C,443,78.1,5.67,1430.89,0.0,1718.84,240.38952,False,False,False,Excess (60-90d)
20241001,2024-10,2024,10,PRD-00003,Cling Film 100m,Household Essentials,WH-001,C,175,44.3,3.95,768.25,0.0,974.75,162.10075,False,False,False,Healthy (30-60d)
20241001,2024-10,2024,10,PRD-00004,Bin Bags 40L 50-Pack,Household Essentials,WH-003,B,348,92.6,3.76,4329.12,0.0,5094.72,649.3679999999999,False,False,False,Slow-Mover (>90d)
20241001,2024-10,2024,10,PRD-00005,Washing Up Liquid 500ml,Household Essentials,WH-002,C,88,28.4,3.1,493.68,0.0,623.92,103.17912,False,False,False,Low (14-30d)
20241001,2024-10,2024,10,PRD-00006,Dishwasher Tablets 60-Pack,Household Essentials,WH-001,C,261,111.5,2.34,2020.14,390.096,2453.4,355.5446400000001,False,True,False,Slow-Mover (>90d)
20241001,2024-10,2024,10,PRD-00007,Kitchen Cleaner Spray 750ml,Household Essentials,WH-001,B,564,136.0,4.15,5888.16,0.0,7478.64,1248.28992,False,False,False,Slow-Mover (>90d)
20241001,2024-10,2024,10,PRD-00008,Toilet Cleaner 750ml,Household Essentials,WH-001,C,370,73.7,5.02,1387.5,0.0,1620.6,198.4125,False,False,False,Excess (60-90d)
20241001,2024-10,2024,10,PRD-00009,Bathroom Cleaner 500ml,Household Essentials,WH-001,C,277,77.6,3.57,1337.91,0.0,1706.32,290.32647000000003,False,False,False,Excess (60-90d)
20241001,2024-10,2024,10,PRD-00010,Multi-Surface Wipes 80-Pack,Household Essentials,WH-002,C,468,68.7,6.81,1258.92,0.0,1511.64,210.23964,False,False,False,Excess (60-90d)
20241001,2024-10,2024,10,PRD-00011,Sponge Scourers 10-Pack,Household Essentials,WH-003,B,37,10.9,3.41,484.33,0.0,596.81,91.05404,False,False,False,Critical (<14d)
20241001,2024-10,2024,10,PRD-00012,Paper Towels 12-Roll,Household Essentials,WH-001,C,77,34.1,2.26,640.64,0.0,749.98,93.53343999999998,False,False,False,Healthy (30-60d)
20241001,2024-10,2024,10,PRD-00013,Rubber Gloves Medium Pair,Household Essentials,WH-002,B,140,29.0,4.82,1325.8,0.0,1596.0,224.06019999999998,False,False,False,Low (14-30d)
20241001,2024-10,2024,10,PRD-00014,Oven Cleaner 300ml,Household Essentials,WH-003,C,89,38.4,2.32,663.94,0.0,844.61,142.08316000000002,False,False,False,Healthy (30-60d)
20241001,2024-10,2024,10,PRD-00015,Drain Unblocker 500ml,Household Essentials,WH-001,C,465,60.4,7.69,1139.25,0.0,1329.8999999999999,165.19125,False,False,False,Excess (60-90d)
20241001,2024-10,2024,10,PRD-00016,Moisturising Hand Cream 100ml,Personal Care,WH-001,C,187,58.2,3.21,789.14,0.0,1280.95,303.02976,False,False,False,Healthy (30-60d)
20241001,2024-10,2024,10,PRD-00017,Daily Shampoo 400ml,Personal Care,WH-002,A,99,19.2,5.15,1396.89,0.0,1904.7599999999998,372.96963000000005,False,False,False,Low (14-30d)
20241001,2024-10,2024,10,PRD-00018,Conditioner 400ml,Personal Care,WH-002,A,15,3.3,4.6,242.1,0.0,323.09999999999997,60.525,False,False,True,Critical (<14d)
20241001,2024-10,2024,10,PRD-00019,Body Lotion 250ml,Personal Care,WH-001,C,232,41.8,5.56,568.4,0.0,918.72,215.99200000000002,False,False,False,Healthy (30-60d)
20241001,2024-10,2024,10,PRD-00020,Shower Gel 500ml,Personal Care,WH-002,B,145,31.1,4.66,1155.65,0.0,1711.0,374.43059999999997,False,False,False,Healthy (30-60d)
20241001,2024-10,2024,10,PRD-00021,Deodorant Roll-On 50ml,Personal Care,WH-003,B,201,57.7,3.48,2001.96,0.0,3175.8,740.7252000000001,False,False,False,Healthy (30-60d)
20241001,2024-10,2024,10,PRD-00022,Facial Cleanser 150ml,Personal Care,WH-001,C,475,104.5,4.55,1263.5,174.23000000000002,2299.0,567.3115,False,True,False,Slow-Mover (>90d)
20241001,2024-10,2024,10,PRD-00023,Lip Balm SPF15,Personal Care,WH-003,C,241,81.8,2.95,1021.84,0.0,1800.27,441.43488,False,False,False,Excess (60-90d)
20241001,2024-10,2024,10,PRD-00024,Hand Sanitiser 500ml,Personal Care,WH-001,C,187,80.6,2.32,1140.7,0.0,1772.76,407.22990000000004,False,False,False,Excess (60-90d)
20241001,2024-10,2024,10,PRD-00025,Toothpaste Whitening 100ml,Personal Care,WH-001,B,213,48.8,4.37,1759.38,0.0,2681.67,605.22672,False,False,False,Healthy (30-60d)
20241001,2024-10,2024,10,PRD-00026,Mouthwash Fresh Mint 500ml,Personal Care,WH-003,B,168,50.1,3.35,2009.28,0.0,2756.88,544.5148800000001,False,False,False,Healthy (30-60d)
20241001,2024-10,2024,10,PRD-00027,Cotton Buds 200-Pack,Personal Care,WH-003,A,281,52.7,5.33,3130.34,0.0,5218.17,1252.136,False,False,False,Healthy (30-60d)
20241001,2024-10,2024,10,PRD-00028,Premium Ground Coffee 250g,Food and Beverage,WH-001,B,205,39.1,5.25,1586.7,0.0,2148.4,414.12870000000004,False,False,False,Healthy (30-60d)
20241001,2024-10,2024,10,PRD-00029,English Breakfast Tea 80-Pack,Food and Beverage,WH-002,C,438,89.2,4.91,1620.6,0.0,1962.2400000000002,283.605,False,False,False,Excess (60-90d)
20241001,2024-10,2024,10,PRD-00030,Instant Hot Chocolate 400g,Food and Beverage,WH-001,B,314,57.8,5.43,2295.34,0.0,3180.82,638.1045200000001,False,False,False,Healthy (30-60d)
20241001,2024-10,2024,10,PRD-00031,Organic Honey 340g,Food and Beverage,WH-001,C,258,91.1,2.83,1413.84,18.083999999999605,2004.6599999999999,417.08279999999996,False,True,False,Slow-Mover (>90d)
20241001,2024-10,2024,10,PRD-00032,Extra Virgin Olive Oil 500ml,Food and Beverage,WH-003,C,950,91.1,10.43,1520.0,18.079999999999927,2004.4999999999998,364.8,False,True,False,Slow-Mover (>90d)
20241001,2024-10,2024,10,PRD-00033,Apple Cider Vinegar 500ml,Food and Beverage,WH-001,B,179,36.5,4.91,1521.5,0.0,2006.5900000000001,368.203,False,False,False,Healthy (30-60d)
20241001,2024-10,2024,10,PRD-00034,Protein Granola 500g,Food and Beverage,WH-002,C,244,40.3,6.06,629.52,0.0,885.72,182.56079999999997,False,False,False,Healthy (30-60d)
20241001,2024-10,2024,10,PRD-00035,Mixed Nuts 200g,Food and Beverage,WH-001,B,121,24.8,4.87,1072.06,0.0,1366.09,230.49289999999996,False,False,False,Low (14-30d)
20241001,2024-10,2024,10,PRD-00036,Herbal Tea Variety 40-Pack,Food and Beverage,WH-002,C,208,77.9,2.67,1293.76,0.0,1713.92,318.26496000000003,False,False,False,Excess (60-90d)
20241001,2024-10,2024,10,PRD-00037,Sparkling Water 12x500ml,Food and Beverage,WH-002,C,292,103.1,2.83,1769.52,226.038,2268.8399999999997,389.2944,False,True,False,Slow-Mover (>90d)
20241001,2024-10,2024,10,PRD-00038,Luxury Bath Gift Set,Seasonal and Gifting,WH-002,A,357,120.9,2.95,6761.58,0.0,11966.640000000001,2941.2873,False,False,False,Slow-Mover (>90d)
20241001,2024-10,2024,10,PRD-00039,Premium Scented Candle Set,Seasonal and Gifting,WH-002,A,116,50.4,2.3,3188.84,0.0,4991.4800000000005,1151.1712400000001,False,False,False,Healthy (30-60d)
20241001,2024-10,2024,10,PRD-00040,Artisan Chocolate Selection Box,Seasonal and Gifting,WH-002,B,76,19.0,4.01,483.36,0.0,1043.48,259.56432,False,False,False,Low (14-30d)
20241001,2024-10,2024,10,PRD-00041,Spa Pamper Set,Seasonal and Gifting,WH-003,A,137,46.7,2.93,2470.11,0.0,4627.860000000001,1151.07126,False,False,False,Healthy (30-60d)
20241001,2024-10,2024,10,PRD-00042,Aromatherapy Diffuser Kit,Seasonal and Gifting,WH-003,A,61,26.5,2.3,1240.74,0.0,2624.83,653.86998,False,False,False,Low (14-30d)
20241001,2024-10,2024,10,PRD-00043,Premium Notebook and Pen Set,Seasonal and Gifting,WH-002,A,189,32.8,5.76,1890.0,0.0,3247.02,790.02,False,False,False,Healthy (30-60d)
20241001,2024-10,2024,10,PRD-00044,Personalised Mug Gift Box,Seasonal and Gifting,WH-001,A,17,7.6,2.23,463.42,0.0,756.33,179.34354000000002,False,False,True,Critical (<14d)
20241001,2024-10,2024,10,PRD-00045,Festive Reed Diffuser,Seasonal and Gifting,WH-002,A,22,8.2,2.69,399.3,0.0,810.48,202.44510000000002,False,False,True,Critical (<14d)
20241001,2024-10,2024,10,PRD-00046,Professional Floor Cleaner 5L,Cleaning Products,WH-001,C,173,62.1,2.78,1136.61,0.0,1366.7,190.95048,False,False,False,Excess (60-90d)
20241001,2024-10,2024,10,PRD-00047,Industrial Degreaser 2L,Cleaning Products,WH-003,C,388,73.9,5.25,1416.2,0.0,1625.7200000000003,182.6898,False,False,False,Excess (60-90d)
20241001,2024-10,2024,10,PRD-00048,Antibacterial Surface Spray 1L,Cleaning Products,WH-002,C,210,53.0,3.96,1022.7,0.0,1165.5,125.7921,False,False,False,Healthy (30-60d)
20241001,2024-10,2024,10,PRD-00049,Laundry Detergent 2.5kg,Cleaning Products,WH-002,B,129,28.2,4.58,1366.11,0.0,1550.58,162.56708999999998,False,False,False,Low (14-30d)
20241001,2024-10,2024,10,PRD-00050,Fabric Softener 1.5L,Cleaning Products,WH-002,B,312,67.6,4.61,3104.4,0.0,3719.04,512.226,False,False,False,Excess (60-90d)
20241101,2024-11,2024,11,PRD-00001,Premium Kitchen Roll 6-Pack,Household Essentials,WH-002,C,176,38.5,4.58,871.2,0.0,1038.4,140.2632,False,False,False,Healthy (30-60d)
20241101,2024-11,2024,11,PRD-00002,Aluminium Foil 30m Roll,Household Essentials,WH-003,C,262,37.7,6.96,846.26,0.0,1016.56,142.17168,False,False,False,Healthy (30-60d)
20241101,2024-11,2024,11,PRD-00003,Cling Film 100m,Household Essentials,WH-001,C,0,0.0,4.85,0.0,0.0,0.0,0.0,True,False,False,Stock-Out
20241101,2024-11,2024,11,PRD-00004,Bin Bags 40L 50-Pack,Household Essentials,WH-001,B,193,41.9,4.61,2400.92,0.0,2825.52,360.13800000000003,False,False,False,Healthy (30-60d)
20241101,2024-11,2024,11,PRD-00005,Washing Up Liquid 500ml,Household Essentials,WH-003,C,140,36.8,3.81,785.4,0.0,992.6,164.14859999999996,False,False,False,Healthy (30-60d)
20241101,2024-11,2024,11,PRD-00006,Dishwasher Tablets 60-Pack,Household Essentials,WH-002,C,146,50.8,2.87,1130.04,0.0,1372.4,198.88704,False,False,False,Healthy (30-60d)
20241101,2024-11,2024,11,PRD-00007,Kitchen Cleaner Spray 750ml,Household Essentials,WH-002,B,400,78.6,5.09,4176.0,0.0,5304.0,885.312,False,False,False,Excess (60-90d)
20241101,2024-11,2024,11,PRD-00008,Toilet Cleaner 750ml,Household Essentials,WH-001,C,199,32.3,6.16,746.25,0.0,871.62,106.71375,False,False,False,Healthy (30-60d)
20241101,2024-11,2024,11,PRD-00009,Bathroom Cleaner 500ml,Household Essentials,WH-003,C,24,5.5,4.38,115.92,0.0,147.84,25.15464,False,False,False,Critical (<14d)
20241101,2024-11,2024,11,PRD-00010,Multi-Surface Wipes 80-Pack,Household Essentials,WH-003,C,267,31.9,8.36,718.23,0.0,862.41,119.94440999999999,False,False,False,Healthy (30-60d)
20241101,2024-11,2024,11,PRD-00011,Sponge Scourers 10-Pack,Household Essentials,WH-003,B,62,14.8,4.18,811.58,0.0,1000.06,152.57704,False,False,False,Low (14-30d)
20241101,2024-11,2024,11,PRD-00012,Paper Towels 12-Roll,Household Essentials,WH-003,C,0,0.0,2.77,0.0,0.0,0.0,0.0,True,False,False,Stock-Out
20241101,2024-11,2024,11,PRD-00013,Rubber Gloves Medium Pair,Household Essentials,WH-001,B,117,19.8,5.92,1107.99,0.0,1333.8,187.25030999999998,False,False,False,Low (14-30d)
20241101,2024-11,2024,11,PRD-00014,Oven Cleaner 300ml,Household Essentials,WH-002,C,0,0.0,2.85,0.0,0.0,0.0,0.0,True,False,False,Stock-Out
20241101,2024-11,2024,11,PRD-00015,Drain Unblocker 500ml,Household Essentials,WH-002,C,424,44.9,9.44,1038.8,0.0,1212.6399999999999,150.62599999999998,False,False,False,Healthy (30-60d)
20241101,2024-11,2024,11,PRD-00016,Moisturising Hand Cream 100ml,Personal Care,WH-001,C,66,16.7,3.94,278.52,0.0,452.09999999999997,106.95168,False,False,False,Low (14-30d)
20241101,2024-11,2024,11,PRD-00017,Daily Shampoo 400ml,Personal Care,WH-001,A,300,47.5,6.31,4233.0,0.0,5771.999999999999,1130.211,False,False,False,Healthy (30-60d)
20241101,2024-11,2024,11,PRD-00018,Conditioner 400ml,Personal Care,WH-002,A,0,0.0,5.64,0.0,0.0,0.0,0.0,True,False,False,Stock-Out
20241101,2024-11,2024,11,PRD-00019,Body Lotion 250ml,Personal Care,WH-001,C,288,42.2,6.82,705.6,0.0,1140.48,268.128,False,False,False,Healthy (30-60d)
20241101,2024-11,2024,11,PRD-00020,Shower Gel 500ml,Personal Care,WH-003,B,70,12.2,5.72,557.9,0.0,826.0,180.75959999999998,False,False,False,Critical (<14d)
20241101,2024-11,2024,11,PRD-00021,Deodorant Roll-On 50ml,Personal Care,WH-001,B,184,43.1,4.27,1832.64,0.0,2907.2000000000003,678.0768,False,False,False,Healthy (30-60d)
20241101,2024-11,2024,11,PRD-00022,Facial Cleanser 150ml,Personal Care,WH-001,C,286,51.3,5.58,760.76,0.0,1384.24,341.58124,False,False,False,Healthy (30-60d)
20241101,2024-11,2024,11,PRD-00023,Lip Balm SPF15,Personal Care,WH-001,C,153,42.3,3.61,648.72,0.0,1142.9099999999999,280.24704,False,False,False,Healthy (30-60d)
20241101,2024-11,2024,11,PRD-00024,Hand Sanitiser 500ml,Personal Care,WH-002,C,27,9.5,2.85,164.7,0.0,255.96,58.7979,False,False,False,Critical (<14d)
20241101,2024-11,2024,11,PRD-00025,Toothpaste Whitening 100ml,Personal Care,WH-003,B,0,0.0,5.36,0.0,0.0,0.0,0.0,True,False,False,Stock-Out
20241101,2024-11,2024,11,PRD-00026,Mouthwash Fresh Mint 500ml,Personal Care,WH-002,B,127,30.9,4.11,1518.92,0.0,2084.07,411.62732000000005,False,False,False,Healthy (30-60d)
20241101,2024-11,2024,11,PRD-00027,Cotton Buds 200-Pack,Personal Care,WH-002,A,0,82.2,6.54,0.0,0.0,0.0,0.0,True,False,False,Excess (60-90d)
20241101,2024-11,2024,11,PRD-00028,Premium Ground Coffee 250g,Food and Beverage,WH-002,B,275,42.7,6.44,2128.5,0.0,2882.0,555.5385000000001,False,False,False,Healthy (30-60d)
20241101,2024-11,2024,11,PRD-00029,English Breakfast Tea 80-Pack,Food and Beverage,WH-002,C,207,34.3,6.03,765.9,0.0,927.3600000000001,134.0325,False,False,False,Healthy (30-60d)
20241101,2024-11,2024,11,PRD-00030,Instant Hot Chocolate 400g,Food and Beverage,WH-003,B,499,74.9,6.66,3647.69,0.0,5054.870000000001,1014.0578200000001,False,False,False,Excess (60-90d)
20241101,2024-11,2024,11,PRD-00031,Organic Honey 340g,Food and Beverage,WH-003,C,11,3.2,3.47,60.28,0.0,85.47,17.7826,False,False,False,Critical (<14d)
20241101,2024-11,2024,11,PRD-00032,Extra Virgin Olive Oil 500ml,Food and Beverage,WH-001,C,766,59.9,12.8,1225.6,0.0,1616.26,294.144,False,False,False,Healthy (30-60d)
20241101,2024-11,2024,11,PRD-00033,Apple Cider Vinegar 500ml,Food and Beverage,WH-001,B,237,39.4,6.02,2014.5,0.0,2656.77,487.509,False,False,False,Healthy (30-60d)
20241101,2024-11,2024,11,PRD-00034,Protein Granola 500g,Food and Beverage,WH-002,C,461,62.0,7.44,1189.38,0.0,1673.43,344.9202,False,False,False,Excess (60-90d)
20241101,2024-11,2024,11,PRD-00035,Mixed Nuts 200g,Food and Beverage,WH-001,B,335,56.0,5.98,2968.1,0.0,3782.1499999999996,638.1415000000001,False,False,False,Healthy (30-60d)
20241101,2024-11,2024,11,PRD-00036,Herbal Tea Variety 40-Pack,Food and Beverage,WH-003,C,166,50.7,3.28,1032.52,0.0,1367.8400000000001,253.99992000000003,False,False,False,Healthy (30-60d)
20241101,2024-11,2024,11,PRD-00037,Sparkling Water 12x500ml,Food and Beverage,WH-001,C,192,55.3,3.47,1163.52,0.0,1491.84,255.97439999999997,False,False,False,Healthy (30-60d)
20241101,2024-11,2024,11,PRD-00038,Luxury Bath Gift Set,Seasonal and Gifting,WH-003,A,166,45.8,3.62,3144.04,0.0,5564.320000000001,1367.6573999999998,False,False,False,Healthy (30-60d)
20241101,2024-11,2024,11,PRD-00039,Premium Scented Candle Set,Seasonal and Gifting,WH-003,A,50,17.7,2.82,1374.5,0.0,2151.5,496.19450000000006,False,False,False,Low (14-30d)
20241101,2024-11,2024,11,PRD-00040,Artisan Chocolate Selection Box,Seasonal and Gifting,WH-003,B,361,73.4,4.92,2295.96,0.0,4956.53,1232.9305200000001,False,False,False,Excess (60-90d)
20241101,2024-11,2024,11,PRD-00041,Spa Pamper Set,Seasonal and Gifting,WH-003,A,0,51.2,3.6,0.0,0.0,0.0,0.0,True,False,False,Healthy (30-60d)
20241101,2024-11,2024,11,PRD-00042,Aromatherapy Diffuser Kit,Seasonal and Gifting,WH-002,A,125,44.3,2.82,2542.5,0.0,5378.75,1339.8975,False,False,False,Healthy (30-60d)
20241101,2024-11,2024,11,PRD-00043,Premium Notebook and Pen Set,Seasonal and Gifting,WH-002,A,606,85.7,7.07,6060.0,0.0,10411.08,2533.08,False,False,False,Excess (60-90d)
20241101,2024-11,2024,11,PRD-00044,Personalised Mug Gift Box,Seasonal and Gifting,WH-003,A,27,9.9,2.73,736.02,0.0,1201.23,284.83974,False,False,True,Critical (<14d)
20241101,2024-11,2024,11,PRD-00045,Festive Reed Diffuser,Seasonal and Gifting,WH-003,A,47,14.3,3.3,853.05,0.0,1731.4800000000002,432.49635,False,False,False,Low (14-30d)
20241101,2024-11,2024,11,PRD-00046,Professional Floor Cleaner 5L,Cleaning Products,WH-003,C,300,87.8,3.42,1971.0,0.0,2370.0,331.12800000000004,False,False,False,Excess (60-90d)
20241101,2024-11,2024,11,PRD-00047,Industrial Degreaser 2L,Cleaning Products,WH-003,C,249,38.6,6.44,908.85,0.0,1043.3100000000002,117.24165,False,False,False,Healthy (30-60d)
20241101,2024-11,2024,11,PRD-00048,Antibacterial Surface Spray 1L,Cleaning Products,WH-003,C,129,26.5,4.86,628.23,0.0,715.9499999999999,77.27229,False,False,False,Low (14-30d)
20241101,2024-11,2024,11,PRD-00049,Laundry Detergent 2.5kg,Cleaning Products,WH-002,B,242,43.1,5.62,2562.78,0.0,2908.8399999999997,304.97082,False,False,False,Healthy (30-60d)
20241101,2024-11,2024,11,PRD-00050,Fabric Softener 1.5L,Cleaning Products,WH-003,B,274,48.4,5.66,2726.3,0.0,3266.08,449.83950000000004,False,False,False,Healthy (30-60d)
20241201,2024-12,2024,12,PRD-00001,Premium Kitchen Roll 6-Pack,Household Essentials,WH-002,C,0,0.0,5.08,0.0,0.0,0.0,0.0,True,False,False,Stock-Out
20241201,2024-12,2024,12,PRD-00002,Aluminium Foil 30m Roll,Household Essentials,WH-002,C,501,64.8,7.73,1618.23,0.0,1943.8799999999999,271.86264000000006,False,False,False,Excess (60-90d)
20241201,2024-12,2024,12,PRD-00003,Cling Film 100m,Household Essentials,WH-001,C,119,22.1,5.39,522.41,0.0,662.83,110.22851,False,False,False,Low (14-30d)
20241201,2024-12,2024,12,PRD-00004,Bin Bags 40L 50-Pack,Household Essentials,WH-001,B,92,18.0,5.12,1144.48,0.0,1346.88,171.672,False,False,False,Low (14-30d)
20241201,2024-12,2024,12,PRD-00005,Washing Up Liquid 500ml,Household Essentials,WH-002,C,289,68.3,4.23,1621.29,0.0,2049.0099999999998,338.84961,False,False,False,Excess (60-90d)
20241201,2024-12,2024,12,PRD-00006,Dishwasher Tablets 60-Pack,Household Essentials,WH-002,C,149,46.7,3.19,1153.26,0.0,1400.6000000000001,202.97376,False,False,False,Healthy (30-60d)
20241201,2024-12,2024,12,PRD-00007,Kitchen Cleaner Spray 750ml,Household Essentials,WH-001,B,388,68.6,5.66,4050.72,0.0,5144.88,858.7526399999999,False,False,False,Excess (60-90d)
20241201,2024-12,2024,12,PRD-00008,Toilet Cleaner 750ml,Household Essentials,WH-003,C,566,82.6,6.85,2122.5,0.0,2479.08,303.5175,False,False,False,Excess (60-90d)
20241201,2024-12,2024,12,PRD-00009,Bathroom Cleaner 500ml,Household Essentials,WH-003,C,336,69.0,4.87,1622.88,0.0,2069.76,352.16496,False,False,False,Excess (60-90d)
20241201,2024-12,2024,12,PRD-00010,Multi-Surface Wipes 80-Pack,Household Essentials,WH-002,C,352,37.9,9.29,946.88,0.0,1136.96,158.12895999999998,False,False,False,Healthy (30-60d)
20241201,2024-12,2024,12,PRD-00011,Sponge Scourers 10-Pack,Household Essentials,WH-003,B,274,58.9,4.65,3586.66,0.0,4419.62,674.2920799999999,False,False,False,Healthy (30-60d)
20241201,2024-12,2024,12,PRD-00012,Paper Towels 12-Roll,Household Essentials,WH-002,C,289,93.8,3.08,2404.48,98.17599999999993,2814.86,351.05407999999994,False,True,False,Slow-Mover (>90d)
20241201,2024-12,2024,12,PRD-00013,Rubber Gloves Medium Pair,Household Essentials,WH-001,B,187,28.4,6.58,1770.89,0.0,2131.8,299.28040999999996,False,False,False,Low (14-30d)
20241201,2024-12,2024,12,PRD-00014,Oven Cleaner 300ml,Household Essentials,WH-003,C,140,44.3,3.16,1044.4,0.0,1328.6000000000001,223.5016,False,False,False,Healthy (30-60d)
20241201,2024-12,2024,12,PRD-00015,Drain Unblocker 500ml,Household Essentials,WH-002,C,707,67.4,10.49,1732.15,0.0,2022.02,251.16175000000004,False,False,False,Excess (60-90d)
20241201,2024-12,2024,12,PRD-00016,Moisturising Hand Cream 100ml,Personal Care,WH-003,C,202,46.1,4.38,852.44,0.0,1383.6999999999998,327.33696,False,False,False,Healthy (30-60d)
20241201,2024-12,2024,12,PRD-00017,Daily Shampoo 400ml,Personal Care,WH-002,A,88,12.5,7.02,1241.68,0.0,1693.12,331.52855999999997,False,False,True,Critical (<14d)
20241201,2024-12,2024,12,PRD-00018,Conditioner 400ml,Personal Care,WH-003,A,175,27.9,6.27,2824.5,0.0,3769.5,706.125,False,False,False,Low (14-30d)
20241201,2024-12,2024,12,PRD-00019,Body Lotion 250ml,Personal Care,WH-003,C,0,0.0,7.58,0.0,0.0,0.0,0.0,True,False,False,Stock-Out
20241201,2024-12,2024,12,PRD-00020,Shower Gel 500ml,Personal Care,WH-003,B,112,17.6,6.36,892.64,0.0,1321.6000000000001,289.21536,False,False,False,Low (14-30d)
20241201,2024-12,2024,12,PRD-00021,Deodorant Roll-On 50ml,Personal Care,WH-001,B,85,17.9,4.75,846.6,0.0,1343.0,313.242,False,False,False,Low (14-30d)
20241201,2024-12,2024,12,PRD-00022,Facial Cleanser 150ml,Personal Care,WH-001,C,653,105.4,6.2,1736.98,252.70000000000005,3160.52,779.9040200000001,False,True,False,Slow-Mover (>90d)
20241201,2024-12,2024,12,PRD-00023,Lip Balm SPF15,Personal Care,WH-001,C,202,50.3,4.02,856.48,0.0,1508.94,369.99936,False,False,False,Healthy (30-60d)
20241201,2024-12,2024,12,PRD-00024,Hand Sanitiser 500ml,Personal Care,WH-002,C,156,49.3,3.16,951.6,0.0,1478.88,339.7212,False,False,False,Healthy (30-60d)
20241201,2024-12,2024,12,PRD-00025,Toothpaste Whitening 100ml,Personal Care,WH-002,B,216,36.3,5.96,1784.16,0.0,2719.44,613.75104,False,False,False,Healthy (30-60d)
20241201,2024-12,2024,12,PRD-00026,Mouthwash Fresh Mint 500ml,Personal Care,WH-003,B,142,31.1,4.57,1698.32,0.0,2330.22,460.24472000000003,False,False,False,Healthy (30-60d)
20241201,2024-12,2024,12,PRD-00027,Cotton Buds 200-Pack,Personal Care,WH-001,A,196,27.0,7.27,2183.44,0.0,3639.7200000000003,873.3760000000001,False,False,False,Low (14-30d)
20241201,2024-12,2024,12,PRD-00028,Premium Ground Coffee 250g,Food and Beverage,WH-003,B,470,65.7,7.16,3637.8,0.0,4925.6,949.4658000000002,False,False,False,Excess (60-90d)
20241201,2024-12,2024,12,PRD-00029,English Breakfast Tea 80-Pack,Food and Beverage,WH-002,C,588,87.8,6.7,2175.6,0.0,2634.2400000000002,380.73,False,False,False,Excess (60-90d)
20241201,2024-12,2024,12,PRD-00030,Instant Hot Chocolate 400g,Food and Beverage,WH-003,B,0,0.0,7.4,0.0,0.0,0.0,0.0,True,False,False,Stock-Out
20241201,2024-12,2024,12,PRD-00031,Organic Honey 340g,Food and Beverage,WH-002,C,275,71.2,3.86,1507.0,0.0,2136.75,444.565,False,False,False,Excess (60-90d)
20241201,2024-12,2024,12,PRD-00032,Extra Virgin Olive Oil 500ml,Food and Beverage,WH-001,C,1046,73.6,14.22,1673.6,0.0,2207.06,401.66399999999993,False,False,False,Excess (60-90d)
20241201,2024-12,2024,12,PRD-00033,Apple Cider Vinegar 500ml,Food and Beverage,WH-001,B,251,37.5,6.69,2133.5,0.0,2813.71,516.307,False,False,False,Healthy (30-60d)
20241201,2024-12,2024,12,PRD-00034,Protein Granola 500g,Food and Beverage,WH-001,C,397,48.0,8.26,1024.26,0.0,1441.11,297.0354,False,False,False,Healthy (30-60d)
20241201,2024-12,2024,12,PRD-00035,Mixed Nuts 200g,Food and Beverage,WH-003,B,480,72.3,6.64,4252.8,0.0,5419.2,914.352,False,False,False,Excess (60-90d)
20241201,2024-12,2024,12,PRD-00036,Herbal Tea Variety 40-Pack,Food and Beverage,WH-002,C,199,54.7,3.64,1237.78,0.0,1639.76,304.49388000000005,False,False,False,Healthy (30-60d)
20241201,2024-12,2024,12,PRD-00037,Sparkling Water 12x500ml,Food and Beverage,WH-002,C,388,100.5,3.86,2351.28,246.0360000000005,3014.7599999999998,517.2816,False,True,False,Slow-Mover (>90d)
20241201,2024-12,2024,12,PRD-00038,Luxury Bath Gift Set,Seasonal and Gifting,WH-003,A,515,127.9,4.03,9754.1,0.0,17262.800000000003,4243.0335000000005,False,False,False,Slow-Mover (>90d)
20241201,2024-12,2024,12,PRD-00039,Premium Scented Candle Set,Seasonal and Gifting,WH-002,A,109,34.7,3.14,2996.41,0.0,4690.27,1081.70401,False,False,False,Healthy (30-60d)
20241201,2024-12,2024,12,PRD-00040,Artisan Chocolate Selection Box,Seasonal and Gifting,WH-002,B,376,68.8,5.46,2391.36,0.0,5162.4800000000005,1284.16032,False,False,False,Excess (60-90d)
20241201,2024-12,2024,12,PRD-00041,Spa Pamper Set,Seasonal and Gifting,WH-002,A,229,57.3,4.0,4128.87,0.0,7735.62,1924.05342,False,False,False,Healthy (30-60d)
20241201,2024-12,2024,12,PRD-00042,Aromatherapy Diffuser Kit,Seasonal and Gifting,WH-003,A,121,38.6,3.14,2461.14,0.0,5206.63,1297.0207799999998,False,False,False,Healthy (30-60d)
20241201,2024-12,2024,12,PRD-00043,Premium Notebook and Pen Set,Seasonal and Gifting,WH-003,A,351,44.7,7.86,3510.0,0.0,6030.18,1467.18,False,False,False,Healthy (30-60d)
20241201,2024-12,2024,12,PRD-00044,Personalised Mug Gift Box,Seasonal and Gifting,WH-001,A,14,4.6,3.03,381.64,0.0,622.86,147.69468,False,False,True,Critical (<14d)
20241201,2024-12,2024,12,PRD-00045,Festive Reed Diffuser,Seasonal and Gifting,WH-003,A,72,19.6,3.66,1306.8,0.0,2652.4800000000005,662.5476,False,False,False,Low (14-30d)
20241201,2024-12,2024,12,PRD-00046,Professional Floor Cleaner 5L,Cleaning Products,WH-001,C,149,39.2,3.8,978.93,0.0,1177.1000000000001,164.46024,False,False,False,Healthy (30-60d)
20241201,2024-12,2024,12,PRD-00047,Industrial Degreaser 2L,Cleaning Products,WH-001,C,523,73.0,7.16,1908.95,0.0,2191.3700000000003,246.25455000000002,False,False,False,Excess (60-90d)
20241201,2024-12,2024,12,PRD-00048,Antibacterial Surface Spray 1L,Cleaning Products,WH-001,C,159,29.4,5.41,774.33,0.0,882.4499999999999,95.24259000000002,False,False,False,Low (14-30d)
20241201,2024-12,2024,12,PRD-00049,Laundry Detergent 2.5kg,Cleaning Products,WH-002,B,85,13.6,6.24,900.15,0.0,1021.6999999999999,107.11785,False,False,False,Critical (<14d)
20241201,2024-12,2024,12,PRD-00050,Fabric Softener 1.5L,Cleaning Products,WH-003,B,208,33.1,6.29,2069.6,0.0,2479.36,341.48400000000004,False,False,False,Healthy (30-60d)
20250101,2025-01,2025,1,PRD-00001,Premium Kitchen Roll 6-Pack,Household Essentials,WH-002,C,224,88.1,2.54,1108.8,0.0,1321.6000000000001,178.5168,False,False,False,Excess (60-90d)
20250101,2025-01,2025,1,PRD-00002,Aluminium Foil 30m Roll,Household Essentials,WH-001,C,501,129.6,3.87,1618.23,493.221,1943.8799999999999,271.86264000000006,False,True,False,Slow-Mover (>90d)
20250101,2025-01,2025,1,PRD-00003,Cling Film 100m,Household Essentials,WH-003,C,0,0.0,2.69,0.0,0.0,0.0,0.0,True,False,False,Stock-Out
20250101,2025-01,2025,1,PRD-00004,Bin Bags 40L 50-Pack,Household Essentials,WH-001,B,191,74.6,2.56,2376.04,0.0,2796.2400000000002,356.406,False,False,False,Excess (60-90d)
20250101,2025-01,2025,1,PRD-00005,Washing Up Liquid 500ml,Household Essentials,WH-001,C,0,0.0,2.12,0.0,0.0,0.0,0.0,True,False,False,Stock-Out
20250101,2025-01,2025,1,PRD-00006,Dishwasher Tablets 60-Pack,Household Essentials,WH-003,C,101,63.3,1.6,781.74,0.0,949.4000000000001,137.58624,False,False,False,Excess (60-90d)
20250101,2025-01,2025,1,PRD-00007,Kitchen Cleaner Spray 750ml,Household Essentials,WH-002,B,340,120.2,2.83,3549.6,0.0,4508.4,752.5151999999999,False,False,False,Slow-Mover (>90d)
20250101,2025-01,2025,1,PRD-00008,Toilet Cleaner 750ml,Household Essentials,WH-001,C,14,4.1,3.42,52.5,0.0,61.32,7.5075,False,False,False,Critical (<14d)
20250101,2025-01,2025,1,PRD-00009,Bathroom Cleaner 500ml,Household Essentials,WH-002,C,206,84.6,2.44,994.98,0.0,1268.96,215.91065999999998,False,False,False,Excess (60-90d)
20250101,2025-01,2025,1,PRD-00010,Multi-Surface Wipes 80-Pack,Household Essentials,WH-002,C,0,0.0,4.64,0.0,0.0,0.0,0.0,True,False,False,Stock-Out
20250101,2025-01,2025,1,PRD-00011,Sponge Scourers 10-Pack,Household Essentials,WH-002,B,14,6.0,2.32,183.26,0.0,225.82,34.45288,False,False,False,Critical (<14d)
20250101,2025-01,2025,1,PRD-00012,Paper Towels 12-Roll,Household Essentials,WH-003,C,189,122.7,1.54,1572.48,419.328,1840.8600000000001,229.58208,False,True,False,Slow-Mover (>90d)
20250101,2025-01,2025,1,PRD-00013,Rubber Gloves Medium Pair,Household Essentials,WH-003,B,527,160.2,3.29,4990.69,0.0,6007.8,843.42661,False,False,False,Slow-Mover (>90d)
20250101,2025-01,2025,1,PRD-00014,Oven Cleaner 300ml,Household Essentials,WH-003,C,106,67.1,1.58,790.76,0.0,1005.94,169.22263999999998,False,False,False,Excess (60-90d)
20250101,2025-01,2025,1,PRD-00015,Drain Unblocker 500ml,Household Essentials,WH-002,C,307,58.5,5.24,752.15,0.0,878.02,109.06174999999999,False,False,False,Healthy (30-60d)
20250101,2025-01,2025,1,PRD-00016,Moisturising Hand Cream 100ml,Personal Care,WH-001,C,0,0.0,2.19,0.0,0.0,0.0,0.0,True,False,False,Stock-Out
20250101,2025-01,2025,1,PRD-00017,Daily Shampoo 400ml,Personal Care,WH-002,A,225,64.1,3.51,3174.75,0.0,4329.0,847.65825,False,False,False,Excess (60-90d)
20250101,2025-01,2025,1,PRD-00018,Conditioner 400ml,Personal Care,WH-001,A,98,31.3,3.13,1581.72,0.0,2110.92,395.43,False,False,False,Healthy (30-60d)
20250101,2025-01,2025,1,PRD-00019,Body Lotion 250ml,Personal Care,WH-003,C,0,0.0,3.79,0.0,0.0,0.0,0.0,True,False,False,Stock-Out
20250101,2025-01,2025,1,PRD-00020,Shower Gel 500ml,Personal Care,WH-003,B,89,28.0,3.18,709.33,0.0,1050.2,229.82292,False,False,False,Low (14-30d)
20250101,2025-01,2025,1,PRD-00021,Deodorant Roll-On 50ml,Personal Care,WH-001,B,243,102.4,2.37,2420.28,0.0,3839.4,895.5036,False,False,False,Slow-Mover (>90d)
20250101,2025-01,2025,1,PRD-00022,Facial Cleanser 150ml,Personal Care,WH-002,C,291,93.9,3.1,774.06,31.91999999999996,1408.44,347.5529399999999,False,True,False,Slow-Mover (>90d)
20250101,2025-01,2025,1,PRD-00023,Lip Balm SPF15,Personal Care,WH-003,C,60,29.9,2.01,254.4,0.0,448.2,109.90080000000002,False,False,False,Low (14-30d)
20250101,2025-01,2025,1,PRD-00024,Hand Sanitiser 500ml,Personal Care,WH-002,C,148,93.5,1.58,902.8,35.37999999999988,1403.04,322.2996,False,True,False,Slow-Mover (>90d)
20250101,2025-01,2025,1,PRD-00025,Toothpaste Whitening 100ml,Personal Care,WH-003,B,300,100.7,2.98,2478.0,0.0,3777.0,852.432,False,False,False,Slow-Mover (>90d)
20250101,2025-01,2025,1,PRD-00026,Mouthwash Fresh Mint 500ml,Personal Care,WH-001,B,264,115.5,2.29,3157.44,0.0,4332.24,855.6662400000001,False,False,False,Slow-Mover (>90d)
20250101,2025-01,2025,1,PRD-00027,Cotton Buds 200-Pack,Personal Care,WH-003,A,325,89.4,3.63,3620.5,0.0,6035.25,1448.2,False,False,False,Excess (60-90d)
20250101,2025-01,2025,1,PRD-00028,Premium Ground Coffee 250g,Food and Beverage,WH-001,B,247,69.0,3.58,1911.78,0.0,2588.56,498.97458,False,False,False,Excess (60-90d)
20250101,2025-01,2025,1,PRD-00029,English Breakfast Tea 80-Pack,Food and Beverage,WH-002,C,164,49.0,3.35,606.8,0.0,734.72,106.19,False,False,False,Healthy (30-60d)
20250101,2025-01,2025,1,PRD-00030,Instant Hot Chocolate 400g,Food and Beverage,WH-001,B,198,53.5,3.7,1447.38,0.0,2005.7400000000002,402.37164000000007,False,False,False,Healthy (30-60d)
20250101,2025-01,2025,1,PRD-00031,Organic Honey 340g,Food and Beverage,WH-002,C,66,34.2,1.93,361.68,0.0,512.8199999999999,106.6956,False,False,False,Healthy (30-60d)
20250101,2025-01,2025,1,PRD-00032,Extra Virgin Olive Oil 500ml,Food and Beverage,WH-002,C,725,102.0,7.11,1160.0,136.15999999999997,1529.75,278.4,False,True,False,Slow-Mover (>90d)
20250101,2025-01,2025,1,PRD-00033,Apple Cider Vinegar 500ml,Food and Beverage,WH-002,B,353,105.5,3.35,3000.5,0.0,3957.13,726.1209999999999,False,False,False,Slow-Mover (>90d)
20250101,2025-01,2025,1,PRD-00034,Protein Granola 500g,Food and Beverage,WH-001,C,251,60.7,4.13,647.58,0.0,911.13,187.7982,False,False,False,Excess (60-90d)
20250101,2025-01,2025,1,PRD-00035,Mixed Nuts 200g,Food and Beverage,WH-003,B,505,152.0,3.32,4474.3,0.0,5701.45,961.9744999999999,False,False,False,Slow-Mover (>90d)
20250101,2025-01,2025,1,PRD-00036,Herbal Tea Variety 40-Pack,Food and Beverage,WH-003,C,18,9.9,1.82,111.96,0.0,148.32,27.54216,False,False,False,Critical (<14d)
20250101,2025-01,2025,1,PRD-00037,Sparkling Water 12x500ml,Food and Beverage,WH-003,C,119,61.6,1.93,721.14,0.0,924.63,158.6508,False,False,False,Excess (60-90d)
20250101,2025-01,2025,1,PRD-00038,Luxury Bath Gift Set,Seasonal and Gifting,WH-003,A,413,205.1,2.01,7822.22,0.0,13843.760000000002,3402.6657,False,False,False,Slow-Mover (>90d)
20250101,2025-01,2025,1,PRD-00039,Premium Scented Candle Set,Seasonal and Gifting,WH-001,A,41,26.1,1.57,1127.09,0.0,1764.23,406.87949000000003,False,False,False,Low (14-30d)
20250101,2025-01,2025,1,PRD-00040,Artisan Chocolate Selection Box,Seasonal and Gifting,WH-001,B,120,43.9,2.73,763.2,0.0,1647.6000000000001,409.83840000000004,False,False,False,Healthy (30-60d)
20250101,2025-01,2025,1,PRD-00041,Spa Pamper Set,Seasonal and Gifting,WH-001,A,92,46.0,2.0,1658.76,0.0,3107.76,772.98216,False,False,False,Healthy (30-60d)
20250101,2025-01,2025,1,PRD-00042,Aromatherapy Diffuser Kit,Seasonal and Gifting,WH-002,A,130,82.9,1.57,2644.2,0.0,5593.900000000001,1393.4934,False,False,False,Excess (60-90d)
20250101,2025-01,2025,1,PRD-00043,Premium Notebook and Pen Set,Seasonal and Gifting,WH-001,A,454,115.6,3.93,4540.0,0.0,7799.72,1897.72,False,False,False,Slow-Mover (>90d)
20250101,2025-01,2025,1,PRD-00044,Personalised Mug Gift Box,Seasonal and Gifting,WH-002,A,90,59.3,1.52,2453.4,0.0,4004.1000000000004,949.4658000000002,False,False,False,Healthy (30-60d)
20250101,2025-01,2025,1,PRD-00045,Festive Reed Diffuser,Seasonal and Gifting,WH-003,A,37,20.2,1.83,671.55,0.0,1363.0800000000002,340.47585,False,False,False,Low (14-30d)
20250101,2025-01,2025,1,PRD-00046,Professional Floor Cleaner 5L,Cleaning Products,WH-003,C,393,207.0,1.9,2582.01,1458.5400000000002,3104.7000000000003,433.77768000000003,False,True,False,Slow-Mover (>90d)
20250101,2025-01,2025,1,PRD-00047,Industrial Degreaser 2L,Cleaning Products,WH-001,C,508,141.9,3.58,1854.2,678.1700000000001,2128.52,239.1918,False,True,False,Slow-Mover (>90d)
20250101,2025-01,2025,1,PRD-00048,Antibacterial Surface Spray 1L,Cleaning Products,WH-002,C,252,93.2,2.7,1227.24,43.82999999999993,1398.6,150.95052,False,True,False,Slow-Mover (>90d)
20250101,2025-01,2025,1,PRD-00049,Laundry Detergent 2.5kg,Cleaning Products,WH-001,B,368,118.0,3.12,3897.12,0.0,4423.36,463.75728000000004,False,False,False,Slow-Mover (>90d)
20250101,2025-01,2025,1,PRD-00050,Fabric Softener 1.5L,Cleaning Products,WH-003,B,274,87.1,3.15,2726.3,0.0,3266.08,449.83950000000004,False,False,False,Excess (60-90d)
20250201,2025-02,2025,2,PRD-00001,Premium Kitchen Roll 6-Pack,Household Essentials,WH-001,C,82,30.2,2.71,405.9,0.0,483.8,65.34989999999999,False,False,False,Healthy (30-60d)
20250201,2025-02,2025,2,PRD-00002,Aluminium Foil 30m Roll,Household Essentials,WH-001,C,662,160.5,4.12,2138.26,940.5760000000002,2568.56,359.22768,False,True,False,Slow-Mover (>90d)
20250201,2025-02,2025,2,PRD-00003,Cling Film 100m,Household Essentials,WH-003,C,254,88.4,2.87,1115.06,0.0,1414.78,235.27766,False,False,False,Excess (60-90d)
20250201,2025-02,2025,2,PRD-00004,Bin Bags 40L 50-Pack,Household Essentials,WH-001,B,188,68.8,2.73,2338.72,0.0,2752.32,350.80799999999994,False,False,False,Excess (60-90d)
20250201,2025-02,2025,2,PRD-00005,Washing Up Liquid 500ml,Household Essentials,WH-002,C,195,86.4,2.26,1093.95,0.0,1382.55,228.63555,False,False,False,Excess (60-90d)
20250201,2025-02,2025,2,PRD-00006,Dishwasher Tablets 60-Pack,Household Essentials,WH-001,C,346,203.3,1.7,2678.04,1493.82,3252.4,471.33504,False,True,False,Slow-Mover (>90d)
20250201,2025-02,2025,2,PRD-00007,Kitchen Cleaner Spray 750ml,Household Essentials,WH-003,B,525,174.0,3.02,5481.0,0.0,6961.5,1161.972,False,False,False,Slow-Mover (>90d)
20250201,2025-02,2025,2,PRD-00008,Toilet Cleaner 750ml,Household Essentials,WH-001,C,268,73.4,3.65,1005.0,0.0,1173.84,143.715,False,False,False,Excess (60-90d)
20250201,2025-02,2025,2,PRD-00009,Bathroom Cleaner 500ml,Household Essentials,WH-002,C,209,80.5,2.6,1009.47,0.0,1287.44,219.05499,False,False,False,Excess (60-90d)
20250201,2025-02,2025,2,PRD-00010,Multi-Surface Wipes 80-Pack,Household Essentials,WH-001,C,326,65.8,4.95,876.94,0.0,1052.98,146.44898,False,False,False,Excess (60-90d)
20250201,2025-02,2025,2,PRD-00011,Sponge Scourers 10-Pack,Household Essentials,WH-002,B,0,0.0,2.48,0.0,0.0,0.0,0.0,True,False,False,Stock-Out
20250201,2025-02,2025,2,PRD-00012,Paper Towels 12-Roll,Household Essentials,WH-001,C,177,107.7,1.64,1472.64,244.60800000000017,1723.98,215.00544000000002,False,True,False,Slow-Mover (>90d)
20250201,2025-02,2025,2,PRD-00013,Rubber Gloves Medium Pair,Household Essentials,WH-003,B,439,125.1,3.51,4157.33,0.0,5004.6,702.58877,False,False,False,Slow-Mover (>90d)
20250201,2025-02,2025,2,PRD-00014,Oven Cleaner 300ml,Household Essentials,WH-001,C,95,56.3,1.69,708.7,0.0,901.5500000000001,151.6618,False,False,False,Healthy (30-60d)
20250201,2025-02,2025,2,PRD-00015,Drain Unblocker 500ml,Household Essentials,WH-003,C,421,75.3,5.59,1031.45,0.0,1204.06,149.56025000000002,False,False,False,Excess (60-90d)
20250201,2025-02,2025,2,PRD-00016,Moisturising Hand Cream 100ml,Personal Care,WH-003,C,5,2.1,2.34,21.1,0.0,34.25,8.1024,False,False,False,Critical (<14d)
20250201,2025-02,2025,2,PRD-00017,Daily Shampoo 400ml,Personal Care,WH-003,A,87,23.2,3.74,1227.57,0.0,1673.8799999999999,327.76119,False,False,False,Low (14-30d)
20250201,2025-02,2025,2,PRD-00018,Conditioner 400ml,Personal Care,WH-003,A,159,47.6,3.34,2566.26,0.0,3424.8599999999997,641.565,False,False,False,Healthy (30-60d)
20250201,2025-02,2025,2,PRD-00019,Body Lotion 250ml,Personal Care,WH-002,C,0,0.0,4.04,0.0,0.0,0.0,0.0,True,False,False,Stock-Out
20250201,2025-02,2025,2,PRD-00020,Shower Gel 500ml,Personal Care,WH-003,B,382,112.7,3.39,3044.54,0.0,4507.6,986.4309599999999,False,False,False,Slow-Mover (>90d)
20250201,2025-02,2025,2,PRD-00021,Deodorant Roll-On 50ml,Personal Care,WH-003,B,15,5.9,2.53,149.4,0.0,237.0,55.278,False,False,False,Critical (<14d)
20250201,2025-02,2025,2,PRD-00022,Facial Cleanser 150ml,Personal Care,WH-003,C,119,36.0,3.31,316.54,0.0,575.96,142.12646,False,False,False,Healthy (30-60d)
20250201,2025-02,2025,2,PRD-00023,Lip Balm SPF15,Personal Care,WH-002,C,103,48.1,2.14,436.72,0.0,769.41,188.66304000000002,False,False,False,Healthy (30-60d)
20250201,2025-02,2025,2,PRD-00024,Hand Sanitiser 500ml,Personal Care,WH-002,C,101,59.8,1.69,616.1,0.0,957.48,219.94770000000005,False,False,False,Healthy (30-60d)
20250201,2025-02,2025,2,PRD-00025,Toothpaste Whitening 100ml,Personal Care,WH-001,B,218,68.6,3.18,1800.68,0.0,2744.62,619.43392,False,False,False,Excess (60-90d)
20250201,2025-02,2025,2,PRD-00026,Mouthwash Fresh Mint 500ml,Personal Care,WH-001,B,53,21.7,2.44,633.88,0.0,869.73,171.78148000000002,False,False,False,Low (14-30d)
20250201,2025-02,2025,2,PRD-00027,Cotton Buds 200-Pack,Personal Care,WH-003,A,4,1.0,3.88,44.56,0.0,74.28,17.824,False,False,True,Critical (<14d)
20250201,2025-02,2025,2,PRD-00028,Premium Ground Coffee 250g,Food and Beverage,WH-002,B,230,60.3,3.82,1780.2,0.0,2410.4,464.6322,False,False,False,Excess (60-90d)
20250201,2025-02,2025,2,PRD-00029,English Breakfast Tea 80-Pack,Food and Beverage,WH-002,C,299,83.7,3.57,1106.3,0.0,1339.5200000000002,193.6025,False,False,False,Excess (60-90d)
20250201,2025-02,2025,2,PRD-00030,Instant Hot Chocolate 400g,Food and Beverage,WH-001,B,322,81.5,3.95,2353.82,0.0,3261.86,654.3619600000001,False,False,False,Excess (60-90d)
20250201,2025-02,2025,2,PRD-00031,Organic Honey 340g,Food and Beverage,WH-003,C,294,142.8,2.06,1611.12,595.1279999999998,2284.3799999999997,475.28039999999993,False,True,False,Slow-Mover (>90d)
20250201,2025-02,2025,2,PRD-00032,Extra Virgin Olive Oil 500ml,Food and Beverage,WH-002,C,734,96.8,7.58,1174.4,82.87999999999988,1548.74,281.856,False,True,False,Slow-Mover (>90d)
20250201,2025-02,2025,2,PRD-00033,Apple Cider Vinegar 500ml,Food and Beverage,WH-001,B,128,35.9,3.57,1088.0,0.0,1434.88,263.296,False,False,False,Healthy (30-60d)
20250201,2025-02,2025,2,PRD-00034,Protein Granola 500g,Food and Beverage,WH-002,C,364,82.6,4.41,939.12,0.0,1321.32,272.3448,False,False,False,Excess (60-90d)
20250201,2025-02,2025,2,PRD-00035,Mixed Nuts 200g,Food and Beverage,WH-002,B,451,127.3,3.54,3995.86,0.0,5091.79,859.1099,False,False,False,Slow-Mover (>90d)
20250201,2025-02,2025,2,PRD-00036,Herbal Tea Variety 40-Pack,Food and Beverage,WH-002,C,201,103.5,1.94,1250.22,164.20800000000008,1656.24,307.55412,False,True,False,Slow-Mover (>90d)
20250201,2025-02,2025,2,PRD-00037,Sparkling Water 12x500ml,Food and Beverage,WH-002,C,242,117.5,2.06,1466.52,342.9960000000001,1880.34,322.63439999999997,False,True,False,Slow-Mover (>90d)
20250201,2025-02,2025,2,PRD-00038,Luxury Bath Gift Set,Seasonal and Gifting,WH-002,A,298,138.7,2.15,5644.12,0.0,9988.960000000001,2455.1922,False,False,False,Slow-Mover (>90d)
20250201,2025-02,2025,2,PRD-00039,Premium Scented Candle Set,Seasonal and Gifting,WH-001,A,41,24.5,1.67,1127.09,0.0,1764.23,406.87949000000003,False,False,False,Low (14-30d)
20250201,2025-02,2025,2,PRD-00040,Artisan Chocolate Selection Box,Seasonal and Gifting,WH-003,B,432,148.3,2.91,2747.52,0.0,5931.360000000001,1475.41824,False,False,False,Slow-Mover (>90d)
20250201,2025-02,2025,2,PRD-00041,Spa Pamper Set,Seasonal and Gifting,WH-001,A,247,115.9,2.13,4453.41,0.0,8343.66,2075.28906,False,False,False,Slow-Mover (>90d)
20250201,2025-02,2025,2,PRD-00042,Aromatherapy Diffuser Kit,Seasonal and Gifting,WH-003,A,21,12.6,1.67,427.14,0.0,903.63,225.10278000000002,False,False,True,Critical (<14d)
20250201,2025-02,2025,2,PRD-00043,Premium Notebook and Pen Set,Seasonal and Gifting,WH-003,A,413,98.5,4.19,4130.0,0.0,7095.34,1726.34,False,False,False,Slow-Mover (>90d)
20250201,2025-02,2025,2,PRD-00044,Personalised Mug Gift Box,Seasonal and Gifting,WH-002,A,0,0.0,1.62,0.0,0.0,0.0,0.0,True,False,False,Stock-Out
20250201,2025-02,2025,2,PRD-00045,Festive Reed Diffuser,Seasonal and Gifting,WH-001,A,180,92.1,1.95,3267.0,0.0,6631.200000000001,1656.3690000000001,False,False,False,Slow-Mover (>90d)
20250201,2025-02,2025,2,PRD-00046,Professional Floor Cleaner 5L,Cleaning Products,WH-002,C,213,105.2,2.03,1399.41,199.07100000000014,1682.7,235.10088000000005,False,True,False,Slow-Mover (>90d)
20250201,2025-02,2025,2,PRD-00047,Industrial Degreaser 2L,Cleaning Products,WH-001,C,501,131.2,3.82,1828.65,573.78,2099.19,235.89585000000002,False,True,False,Slow-Mover (>90d)
20250201,2025-02,2025,2,PRD-00048,Antibacterial Surface Spray 1L,Cleaning Products,WH-003,C,89,30.9,2.88,433.43,0.0,493.95,53.311890000000005,False,False,False,Healthy (30-60d)
20250201,2025-02,2025,2,PRD-00049,Laundry Detergent 2.5kg,Cleaning Products,WH-001,B,298,89.5,3.33,3155.82,0.0,3581.96,375.54258000000004,False,False,False,Excess (60-90d)
20250201,2025-02,2025,2,PRD-00050,Fabric Softener 1.5L,Cleaning Products,WH-003,B,69,20.6,3.36,686.55,0.0,822.48,113.28074999999998,False,False,False,Low (14-30d)
20250301,2025-03,2025,3,PRD-00001,Premium Kitchen Roll 6-Pack,Household Essentials,WH-001,C,344,112.8,3.05,1702.8,344.02499999999986,2029.6000000000001,274.1508,False,True,False,Slow-Mover (>90d)
20250301,2025-03,2025,3,PRD-00002,Aluminium Foil 30m Roll,Household Essentials,WH-001,C,217,46.8,4.64,700.91,0.0,841.9599999999999,117.75288,False,False,False,Healthy (30-60d)
20250301,2025-03,2025,3,PRD-00003,Cling Film 100m,Household Essentials,WH-003,C,125,38.7,3.23,548.75,0.0,696.25,115.78625,False,False,False,Healthy (30-60d)
20250301,2025-03,2025,3,PRD-00004,Bin Bags 40L 50-Pack,Household Essentials,WH-001,B,69,22.4,3.07,858.36,0.0,1010.1600000000001,128.754,False,False,False,Low (14-30d)
20250301,2025-03,2025,3,PRD-00005,Washing Up Liquid 500ml,Household Essentials,WH-001,C,41,16.1,2.54,230.01,0.0,290.69,48.072089999999996,False,False,False,Low (14-30d)
20250301,2025-03,2025,3,PRD-00006,Dishwasher Tablets 60-Pack,Household Essentials,WH-001,C,70,36.6,1.91,541.8,0.0,658.0,95.3568,False,False,False,Healthy (30-60d)
20250301,2025-03,2025,3,PRD-00007,Kitchen Cleaner Spray 750ml,Household Essentials,WH-001,B,470,138.5,3.39,4906.8,0.0,6232.2,1040.2416,False,False,False,Slow-Mover (>90d)
20250301,2025-03,2025,3,PRD-00008,Toilet Cleaner 750ml,Household Essentials,WH-002,C,0,0.0,4.11,0.0,0.0,0.0,0.0,True,False,False,Stock-Out
20250301,2025-03,2025,3,PRD-00009,Bathroom Cleaner 500ml,Household Essentials,WH-001,C,205,70.2,2.92,990.15,0.0,1262.8,214.86254999999997,False,False,False,Excess (60-90d)
20250301,2025-03,2025,3,PRD-00010,Multi-Surface Wipes 80-Pack,Household Essentials,WH-003,C,219,39.3,5.57,589.11,0.0,707.37,98.38137,False,False,False,Healthy (30-60d)
20250301,2025-03,2025,3,PRD-00011,Sponge Scourers 10-Pack,Household Essentials,WH-001,B,0,0.0,2.79,0.0,0.0,0.0,0.0,True,False,False,Stock-Out
20250301,2025-03,2025,3,PRD-00012,Paper Towels 12-Roll,Household Essentials,WH-003,C,84,45.5,1.85,698.88,0.0,818.16,102.03648,False,False,False,Healthy (30-60d)
20250301,2025-03,2025,3,PRD-00013,Rubber Gloves Medium Pair,Household Essentials,WH-002,B,298,75.5,3.95,2822.06,0.0,3397.2000000000003,476.92814,False,False,False,Excess (60-90d)
20250301,2025-03,2025,3,PRD-00014,Oven Cleaner 300ml,Household Essentials,WH-002,C,146,77.0,1.9,1089.16,0.0,1385.54,233.08024,False,False,False,Excess (60-90d)
20250301,2025-03,2025,3,PRD-00015,Drain Unblocker 500ml,Household Essentials,WH-002,C,673,106.9,6.29,1648.85,261.90499999999975,1924.78,239.08324999999996,False,True,False,Slow-Mover (>90d)
20250301,2025-03,2025,3,PRD-00016,Moisturising Hand Cream 100ml,Personal Care,WH-003,C,95,36.2,2.63,400.9,0.0,650.75,153.94559999999998,False,False,False,Healthy (30-60d)
20250301,2025-03,2025,3,PRD-00017,Daily Shampoo 400ml,Personal Care,WH-002,A,100,23.8,4.21,1411.0,0.0,1923.9999999999998,376.73699999999997,False,False,False,Low (14-30d)
20250301,2025-03,2025,3,PRD-00018,Conditioner 400ml,Personal Care,WH-001,A,256,68.1,3.76,4131.84,0.0,5514.24,1032.96,False,False,False,Excess (60-90d)
20250301,2025-03,2025,3,PRD-00019,Body Lotion 250ml,Personal Care,WH-003,C,262,57.6,4.55,641.9,0.0,1037.52,243.922,False,False,False,Healthy (30-60d)
20250301,2025-03,2025,3,PRD-00020,Shower Gel 500ml,Personal Care,WH-002,B,0,0.0,3.81,0.0,0.0,0.0,0.0,True,False,False,Stock-Out
20250301,2025-03,2025,3,PRD-00021,Deodorant Roll-On 50ml,Personal Care,WH-003,B,265,93.0,2.85,2639.4,0.0,4187.0,976.578,False,False,False,Slow-Mover (>90d)
20250301,2025-03,2025,3,PRD-00022,Facial Cleanser 150ml,Personal Care,WH-002,C,210,56.5,3.72,558.6,0.0,1016.4,250.8114,False,False,False,Healthy (30-60d)
20250301,2025-03,2025,3,PRD-00023,Lip Balm SPF15,Personal Care,WH-003,C,150,62.2,2.41,636.0,0.0,1120.5,274.752,False,False,False,Excess (60-90d)
20250301,2025-03,2025,3,PRD-00024,Hand Sanitiser 500ml,Personal Care,WH-001,C,209,110.1,1.9,1274.9,231.80000000000018,1981.3200000000002,455.13930000000005,False,True,False,Slow-Mover (>90d)
20250301,2025-03,2025,3,PRD-00025,Toothpaste Whitening 100ml,Personal Care,WH-001,B,183,51.2,3.57,1511.58,0.0,2303.97,519.98352,False,False,False,Healthy (30-60d)
20250301,2025-03,2025,3,PRD-00026,Mouthwash Fresh Mint 500ml,Personal Care,WH-002,B,72,26.3,2.74,861.12,0.0,1181.52,233.36352000000002,False,False,False,Low (14-30d)
20250301,2025-03,2025,3,PRD-00027,Cotton Buds 200-Pack,Personal Care,WH-003,A,154,35.3,4.36,1715.56,0.0,2859.78,686.2239999999999,False,False,False,Healthy (30-60d)
20250301,2025-03,2025,3,PRD-00028,Premium Ground Coffee 250g,Food and Beverage,WH-003,B,550,128.1,4.29,4257.0,0.0,5764.0,1111.0770000000002,False,False,False,Slow-Mover (>90d)
20250301,2025-03,2025,3,PRD-00029,English Breakfast Tea 80-Pack,Food and Beverage,WH-003,C,108,26.9,4.02,399.6,0.0,483.84000000000003,69.93,False,False,False,Low (14-30d)
20250301,2025-03,2025,3,PRD-00030,Instant Hot Chocolate 400g,Food and Beverage,WH-003,B,23,5.2,4.44,168.13,0.0,232.99,46.740140000000004,False,False,False,Critical (<14d)
20250301,2025-03,2025,3,PRD-00031,Organic Honey 340g,Food and Beverage,WH-002,C,25,10.8,2.32,137.0,0.0,194.25,40.415,False,False,False,Critical (<14d)
20250301,2025-03,2025,3,PRD-00032,Extra Virgin Olive Oil 500ml,Food and Beverage,WH-001,C,745,87.3,8.53,1192.0,0.0,1571.9499999999998,286.08,False,False,False,Excess (60-90d)
20250301,2025-03,2025,3,PRD-00033,Apple Cider Vinegar 500ml,Food and Beverage,WH-003,B,336,83.7,4.01,2856.0,0.0,3766.5600000000004,691.1519999999999,False,False,False,Excess (60-90d)
20250301,2025-03,2025,3,PRD-00034,Protein Granola 500g,Food and Beverage,WH-001,C,6,1.2,4.96,15.48,0.0,21.78,4.4892,False,False,False,Critical (<14d)
20250301,2025-03,2025,3,PRD-00035,Mixed Nuts 200g,Food and Beverage,WH-002,B,352,88.3,3.99,3118.72,0.0,3974.08,670.5247999999999,False,False,False,Excess (60-90d)
20250301,2025-03,2025,3,PRD-00036,Herbal Tea Variety 40-Pack,Food and Beverage,WH-003,C,303,138.7,2.18,1884.66,664.296,2496.7200000000003,463.62636000000003,False,True,False,Slow-Mover (>90d)
20250301,2025-03,2025,3,PRD-00037,Sparkling Water 12x500ml,Food and Beverage,WH-001,C,148,63.9,2.32,896.88,0.0,1149.96,197.3136,False,False,False,Excess (60-90d)
20250301,2025-03,2025,3,PRD-00038,Luxury Bath Gift Set,Seasonal and Gifting,WH-001,A,354,146.5,2.42,6704.76,0.0,11866.080000000002,2916.5706,False,False,False,Slow-Mover (>90d)
20250301,2025-03,2025,3,PRD-00039,Premium Scented Candle Set,Seasonal and Gifting,WH-001,A,57,30.3,1.88,1566.93,0.0,2452.71,565.66173,False,False,False,Healthy (30-60d)
20250301,2025-03,2025,3,PRD-00040,Artisan Chocolate Selection Box,Seasonal and Gifting,WH-002,B,398,121.4,3.28,2531.28,0.0,5464.54,1359.29736,False,False,False,Slow-Mover (>90d)
20250301,2025-03,2025,3,PRD-00041,Spa Pamper Set,Seasonal and Gifting,WH-001,A,206,85.9,2.4,3714.18,0.0,6958.68,1730.80788,False,False,False,Excess (60-90d)
20250301,2025-03,2025,3,PRD-00042,Aromatherapy Diffuser Kit,Seasonal and Gifting,WH-002,A,14,7.4,1.88,284.76,0.0,602.4200000000001,150.06852,False,False,True,Critical (<14d)
20250301,2025-03,2025,3,PRD-00043,Premium Notebook and Pen Set,Seasonal and Gifting,WH-002,A,313,66.4,4.71,3130.0,0.0,5377.34,1308.34,False,False,False,Excess (60-90d)
20250301,2025-03,2025,3,PRD-00044,Personalised Mug Gift Box,Seasonal and Gifting,WH-001,A,0,0.0,1.82,0.0,0.0,0.0,0.0,True,False,False,Stock-Out
20250301,2025-03,2025,3,PRD-00045,Festive Reed Diffuser,Seasonal and Gifting,WH-003,A,87,39.6,2.2,1579.05,0.0,3205.0800000000004,800.5783500000001,False,False,False,Healthy (30-60d)
20250301,2025-03,2025,3,PRD-00046,Professional Floor Cleaner 5L,Cleaning Products,WH-002,C,257,112.8,2.28,1688.49,340.326,2030.3000000000002,283.66632000000004,False,True,False,Slow-Mover (>90d)
20250301,2025-03,2025,3,PRD-00047,Industrial Degreaser 2L,Cleaning Products,WH-003,C,502,116.9,4.3,1832.3,419.75,2103.38,236.36669999999998,False,True,False,Slow-Mover (>90d)
20250301,2025-03,2025,3,PRD-00048,Antibacterial Surface Spray 1L,Cleaning Products,WH-003,C,406,125.2,3.24,1977.22,557.1279999999999,2253.2999999999997,243.19806,False,True,False,Slow-Mover (>90d)
20250301,2025-03,2025,3,PRD-00049,Laundry Detergent 2.5kg,Cleaning Products,WH-001,B,415,110.9,3.74,4394.85,0.0,4988.3,522.98715,False,False,False,Slow-Mover (>90d)
20250301,2025-03,2025,3,PRD-00050,Fabric Softener 1.5L,Cleaning Products,WH-002,B,140,37.1,3.78,1393.0,0.0,1668.8,229.845,False,False,False,Healthy (30-60d)
20250401,2025-04,2025,4,PRD-00001,Premium Kitchen Roll 6-Pack,Household Essentials,WH-003,C,0,0.0,3.22,0.0,0.0,0.0,0.0,True,False,False,Stock-Out
20250401,2025-04,2025,4,PRD-00002,Aluminium Foil 30m Roll,Household Essentials,WH-001,C,482,98.4,4.9,1556.86,132.42999999999984,1870.1599999999999,261.55248,False,True,False,Slow-Mover (>90d)
20250401,2025-04,2025,4,PRD-00003,Cling Film 100m,Household Essentials,WH-003,C,329,96.4,3.41,1444.31,97.019,1832.5300000000002,304.74941,False,True,False,Slow-Mover (>90d)
20250401,2025-04,2025,4,PRD-00004,Bin Bags 40L 50-Pack,Household Essentials,WH-003,B,150,46.2,3.24,1866.0,0.0,2196.0,279.9,False,False,False,Healthy (30-60d)
20250401,2025-04,2025,4,PRD-00005,Washing Up Liquid 500ml,Household Essentials,WH-002,C,216,80.6,2.68,1211.76,0.0,1531.44,253.25784,False,False,False,Excess (60-90d)
20250401,2025-04,2025,4,PRD-00006,Dishwasher Tablets 60-Pack,Household Essentials,WH-002,C,190,94.0,2.02,1470.6,63.46799999999985,1786.0,258.8256,False,True,False,Slow-Mover (>90d)
20250401,2025-04,2025,4,PRD-00007,Kitchen Cleaner Spray 750ml,Household Essentials,WH-001,B,278,77.6,3.58,2902.32,0.0,3686.2799999999997,615.29184,False,False,False,Excess (60-90d)
20250401,2025-04,2025,4,PRD-00008,Toilet Cleaner 750ml,Household Essentials,WH-001,C,0,0.0,4.34,0.0,0.0,0.0,0.0,True,False,False,Stock-Out
20250401,2025-04,2025,4,PRD-00009,Bathroom Cleaner 500ml,Household Essentials,WH-001,C,311,100.8,3.08,1502.13,163.25400000000013,1915.76,325.96221,False,True,False,Slow-Mover (>90d)
20250401,2025-04,2025,4,PRD-00010,Multi-Surface Wipes 80-Pack,Household Essentials,WH-001,C,444,75.5,5.88,1194.36,0.0,1434.12,199.45811999999998,False,False,False,Excess (60-90d)
20250401,2025-04,2025,4,PRD-00011,Sponge Scourers 10-Pack,Household Essentials,WH-001,B,34,11.5,2.94,445.06,0.0,548.42,83.67128000000001,False,False,False,Critical (<14d)
20250401,2025-04,2025,4,PRD-00012,Paper Towels 12-Roll,Household Essentials,WH-002,C,60,30.8,1.95,499.2,0.0,584.4,72.8832,False,False,False,Healthy (30-60d)
20250401,2025-04,2025,4,PRD-00013,Rubber Gloves Medium Pair,Household Essentials,WH-003,B,488,117.1,4.17,4621.36,0.0,5563.2,781.0098399999998,False,False,False,Slow-Mover (>90d)
20250401,2025-04,2025,4,PRD-00014,Oven Cleaner 300ml,Household Essentials,WH-002,C,140,69.9,2.0,1044.4,0.0,1328.6000000000001,223.5016,False,False,False,Excess (60-90d)
20250401,2025-04,2025,4,PRD-00015,Drain Unblocker 500ml,Household Essentials,WH-003,C,566,85.2,6.64,1386.7,0.0,1618.76,201.07150000000001,False,False,False,Excess (60-90d)
20250401,2025-04,2025,4,PRD-00016,Moisturising Hand Cream 100ml,Personal Care,WH-001,C,200,72.1,2.77,844.0,0.0,1370.0,324.096,False,False,False,Excess (60-90d)
20250401,2025-04,2025,4,PRD-00017,Daily Shampoo 400ml,Personal Care,WH-002,A,188,42.3,4.44,2652.68,0.0,3617.12,708.2655599999999,False,False,False,Healthy (30-60d)
20250401,2025-04,2025,4,PRD-00018,Conditioner 400ml,Personal Care,WH-001,A,215,54.2,3.97,3470.1,0.0,4631.099999999999,867.525,False,False,False,Healthy (30-60d)
20250401,2025-04,2025,4,PRD-00019,Body Lotion 250ml,Personal Care,WH-002,C,398,83.0,4.8,975.1,0.0,1576.08,370.538,False,False,False,Excess (60-90d)
20250401,2025-04,2025,4,PRD-00020,Shower Gel 500ml,Personal Care,WH-001,B,72,17.9,4.03,573.84,0.0,849.6,185.92416,False,False,False,Low (14-30d)
20250401,2025-04,2025,4,PRD-00021,Deodorant Roll-On 50ml,Personal Care,WH-001,B,227,75.5,3.01,2260.92,0.0,3586.6000000000004,836.5404000000001,False,False,False,Excess (60-90d)
20250401,2025-04,2025,4,PRD-00022,Facial Cleanser 150ml,Personal Care,WH-001,C,386,98.3,3.93,1026.76,85.918,1868.24,461.01523999999995,False,True,False,Slow-Mover (>90d)
20250401,2025-04,2025,4,PRD-00023,Lip Balm SPF15,Personal Care,WH-002,C,3,1.2,2.54,12.72,0.0,22.41,5.49504,False,False,False,Critical (<14d)
20250401,2025-04,2025,4,PRD-00024,Hand Sanitiser 500ml,Personal Care,WH-002,C,220,109.8,2.0,1342.0,244.0,2085.6,479.094,False,True,False,Slow-Mover (>90d)
20250401,2025-04,2025,4,PRD-00025,Toothpaste Whitening 100ml,Personal Care,WH-003,B,355,94.1,3.77,2932.3,0.0,4469.45,1008.7112,False,False,False,Slow-Mover (>90d)
20250401,2025-04,2025,4,PRD-00026,Mouthwash Fresh Mint 500ml,Personal Care,WH-003,B,0,0.0,2.89,0.0,0.0,0.0,0.0,True,False,False,Stock-Out
20250401,2025-04,2025,4,PRD-00027,Cotton Buds 200-Pack,Personal Care,WH-002,A,261,56.7,4.6,2907.54,0.0,4846.77,1163.016,False,False,False,Healthy (30-60d)
20250401,2025-04,2025,4,PRD-00028,Premium Ground Coffee 250g,Food and Beverage,WH-002,B,241,53.2,4.53,1865.34,0.0,2525.6800000000003,486.85374,False,False,False,Healthy (30-60d)
20250401,2025-04,2025,4,PRD-00029,English Breakfast Tea 80-Pack,Food and Beverage,WH-002,C,124,29.2,4.24,458.8,0.0,555.5200000000001,80.29,False,False,False,Low (14-30d)
20250401,2025-04,2025,4,PRD-00030,Instant Hot Chocolate 400g,Food and Beverage,WH-002,B,327,69.7,4.69,2390.37,0.0,3312.51,664.5228599999999,False,False,False,Excess (60-90d)
20250401,2025-04,2025,4,PRD-00031,Organic Honey 340g,Food and Beverage,WH-001,C,90,36.8,2.45,493.2,0.0,699.3,145.494,False,False,False,Healthy (30-60d)
20250401,2025-04,2025,4,PRD-00032,Extra Virgin Olive Oil 500ml,Food and Beverage,WH-001,C,0,0.0,9.0,0.0,0.0,0.0,0.0,True,False,False,Stock-Out
20250401,2025-04,2025,4,PRD-00033,Apple Cider Vinegar 500ml,Food and Beverage,WH-003,B,189,44.6,4.24,1606.5,0.0,2118.69,388.77299999999997,False,False,False,Healthy (30-60d)
20250401,2025-04,2025,4,PRD-00034,Protein Granola 500g,Food and Beverage,WH-001,C,562,107.4,5.23,1449.96,235.55399999999986,2040.06,420.4884,False,True,False,Slow-Mover (>90d)
20250401,2025-04,2025,4,PRD-00035,Mixed Nuts 200g,Food and Beverage,WH-003,B,469,111.5,4.21,4155.34,0.0,5295.009999999999,893.3981,False,False,False,Slow-Mover (>90d)
20250401,2025-04,2025,4,PRD-00036,Herbal Tea Variety 40-Pack,Food and Beverage,WH-001,C,216,93.7,2.31,1343.52,50.38200000000006,1779.8400000000001,330.50592000000006,False,True,False,Slow-Mover (>90d)
20250401,2025-04,2025,4,PRD-00037,Sparkling Water 12x500ml,Food and Beverage,WH-002,C,98,40.1,2.45,593.88,0.0,761.4599999999999,130.6536,False,False,False,Healthy (30-60d)
20250401,2025-04,2025,4,PRD-00038,Luxury Bath Gift Set,Seasonal and Gifting,WH-003,A,406,159.2,2.55,7689.64,0.0,13609.12,3344.9934000000003,False,False,False,Slow-Mover (>90d)
20250401,2025-04,2025,4,PRD-00039,Premium Scented Candle Set,Seasonal and Gifting,WH-002,A,189,95.1,1.99,5195.61,0.0,8132.67,1875.6152100000002,False,False,False,Slow-Mover (>90d)
20250401,2025-04,2025,4,PRD-00040,Artisan Chocolate Selection Box,Seasonal and Gifting,WH-003,B,40,11.6,3.46,254.4,0.0,549.2,136.6128,False,False,False,Critical (<14d)
20250401,2025-04,2025,4,PRD-00041,Spa Pamper Set,Seasonal and Gifting,WH-001,A,334,132.0,2.53,6022.02,0.0,11282.52,2806.2613200000005,False,False,False,Slow-Mover (>90d)
20250401,2025-04,2025,4,PRD-00042,Aromatherapy Diffuser Kit,Seasonal and Gifting,WH-003,A,118,59.4,1.99,2400.12,0.0,5077.54,1264.8632400000001,False,False,False,Healthy (30-60d)
20250401,2025-04,2025,4,PRD-00043,Premium Notebook and Pen Set,Seasonal and Gifting,WH-001,A,201,40.4,4.98,2010.0,0.0,3453.18,840.18,False,False,False,Healthy (30-60d)
20250401,2025-04,2025,4,PRD-00044,Personalised Mug Gift Box,Seasonal and Gifting,WH-002,A,27,14.0,1.92,736.02,0.0,1201.23,284.83974,False,False,False,Critical (<14d)
20250401,2025-04,2025,4,PRD-00045,Festive Reed Diffuser,Seasonal and Gifting,WH-001,A,10,4.3,2.32,181.5,0.0,368.40000000000003,92.02050000000001,False,False,True,Critical (<14d)
20250401,2025-04,2025,4,PRD-00046,Professional Floor Cleaner 5L,Cleaning Products,WH-002,C,187,77.8,2.41,1228.59,0.0,1477.3,206.40311999999997,False,False,False,Excess (60-90d)
20250401,2025-04,2025,4,PRD-00047,Industrial Degreaser 2L,Cleaning Products,WH-001,C,680,150.0,4.53,2482.0,993.895,2849.2000000000003,320.178,False,True,False,Slow-Mover (>90d)
20250401,2025-04,2025,4,PRD-00048,Antibacterial Surface Spray 1L,Cleaning Products,WH-001,C,158,46.2,3.42,769.46,0.0,876.9,94.64358,False,False,False,Healthy (30-60d)
20250401,2025-04,2025,4,PRD-00049,Laundry Detergent 2.5kg,Cleaning Products,WH-003,B,335,84.8,3.95,3547.65,0.0,4026.7,422.17035000000004,False,False,False,Excess (60-90d)
20250401,2025-04,2025,4,PRD-00050,Fabric Softener 1.5L,Cleaning Products,WH-002,B,27,6.8,3.98,268.65,0.0,321.84,44.32724999999999,False,False,False,Critical (<14d)
20250501,2025-05,2025,5,PRD-00001,Premium Kitchen Roll 6-Pack,Household Essentials,WH-001,C,251,74.0,3.39,1242.45,0.0,1480.9,200.03445000000002,False,False,False,Excess (60-90d)
20250501,2025-05,2025,5,PRD-00002,Aluminium Foil 30m Roll,Household Essentials,WH-002,C,234,45.4,5.15,755.82,0.0,907.92,126.97776000000002,False,False,False,Healthy (30-60d)
20250501,2025-05,2025,5,PRD-00003,Cling Film 100m,Household Essentials,WH-002,C,247,68.8,3.59,1084.33,0.0,1375.79,228.79363,False,False,False,Excess (60-90d)
20250501,2025-05,2025,5,PRD-00004,Bin Bags 40L 50-Pack,Household Essentials,WH-002,B,0,0.0,3.42,0.0,0.0,0.0,0.0,True,False,False,Stock-Out
20250501,2025-05,2025,5,PRD-00005,Washing Up Liquid 500ml,Household Essentials,WH-003,C,86,30.5,2.82,482.46,0.0,609.74,100.83413999999999,False,False,False,Healthy (30-60d)
20250501,2025-05,2025,5,PRD-00006,Dishwasher Tablets 60-Pack,Household Essentials,WH-003,C,68,32.0,2.13,526.32,0.0,639.2,92.63232000000002,False,False,False,Healthy (30-60d)
20250501,2025-05,2025,5,PRD-00007,Kitchen Cleaner Spray 750ml,Household Essentials,WH-003,B,455,120.7,3.77,4750.2,0.0,6033.3,1007.0423999999999,False,False,False,Slow-Mover (>90d)
20250501,2025-05,2025,5,PRD-00008,Toilet Cleaner 750ml,Household Essentials,WH-002,C,494,108.2,4.57,1852.5,310.125,2163.72,264.9075,False,True,False,Slow-Mover (>90d)
20250501,2025-05,2025,5,PRD-00009,Bathroom Cleaner 500ml,Household Essentials,WH-001,C,222,68.4,3.25,1072.26,0.0,1367.52,232.68041999999997,False,False,False,Excess (60-90d)
20250501,2025-05,2025,5,PRD-00010,Multi-Surface Wipes 80-Pack,Household Essentials,WH-003,C,236,38.1,6.19,634.84,0.0,762.28,106.01827999999999,False,False,False,Healthy (30-60d)
20250501,2025-05,2025,5,PRD-00011,Sponge Scourers 10-Pack,Household Essentials,WH-003,B,155,50.0,3.1,2028.95,0.0,2500.1499999999996,381.4426,False,False,False,Healthy (30-60d)
20250501,2025-05,2025,5,PRD-00012,Paper Towels 12-Roll,Household Essentials,WH-001,C,180,87.7,2.05,1497.6,0.0,1753.2,218.6496,False,False,False,Excess (60-90d)
20250501,2025-05,2025,5,PRD-00013,Rubber Gloves Medium Pair,Household Essentials,WH-003,B,371,84.6,4.39,3513.37,0.0,4229.400000000001,593.7595299999999,False,False,False,Excess (60-90d)
20250501,2025-05,2025,5,PRD-00014,Oven Cleaner 300ml,Household Essentials,WH-003,C,0,0.0,2.11,0.0,0.0,0.0,0.0,True,False,False,Stock-Out
20250501,2025-05,2025,5,PRD-00015,Drain Unblocker 500ml,Household Essentials,WH-001,C,333,47.6,6.99,815.85,0.0,952.38,118.29825000000001,False,False,False,Healthy (30-60d)
20250501,2025-05,2025,5,PRD-00016,Moisturising Hand Cream 100ml,Personal Care,WH-003,C,121,41.4,2.92,510.62,0.0,828.8499999999999,196.07808,False,False,False,Healthy (30-60d)
20250501,2025-05,2025,5,PRD-00017,Daily Shampoo 400ml,Personal Care,WH-001,A,213,45.5,4.68,3005.43,0.0,4098.12,802.44981,False,False,False,Healthy (30-60d)
20250501,2025-05,2025,5,PRD-00018,Conditioner 400ml,Personal Care,WH-003,A,169,40.4,4.18,2727.66,0.0,3640.2599999999998,681.915,False,False,False,Healthy (30-60d)
20250501,2025-05,2025,5,PRD-00019,Body Lotion 250ml,Personal Care,WH-003,C,0,0.0,5.05,0.0,0.0,0.0,0.0,True,False,False,Stock-Out
20250501,2025-05,2025,5,PRD-00020,Shower Gel 500ml,Personal Care,WH-001,B,0,0.0,4.24,0.0,0.0,0.0,0.0,True,False,False,Stock-Out
20250501,2025-05,2025,5,PRD-00021,Deodorant Roll-On 50ml,Personal Care,WH-001,B,79,25.0,3.16,786.84,0.0,1248.2,291.1308,False,False,False,Low (14-30d)
20250501,2025-05,2025,5,PRD-00022,Facial Cleanser 150ml,Personal Care,WH-001,C,68,16.5,4.13,180.88,0.0,329.12,81.21512,False,False,False,Low (14-30d)
20250501,2025-05,2025,5,PRD-00023,Lip Balm SPF15,Personal Care,WH-003,C,0,0.0,2.68,0.0,0.0,0.0,0.0,True,False,False,Stock-Out
20250501,2025-05,2025,5,PRD-00024,Hand Sanitiser 500ml,Personal Care,WH-002,C,260,123.2,2.11,1586.0,427.6100000000001,2464.8,566.202,False,True,False,Slow-Mover (>90d)
20250501,2025-05,2025,5,PRD-00025,Toothpaste Whitening 100ml,Personal Care,WH-002,B,59,14.9,3.97,487.34,0.0,742.81,167.64496,False,False,False,Low (14-30d)
20250501,2025-05,2025,5,PRD-00026,Mouthwash Fresh Mint 500ml,Personal Care,WH-002,B,28,9.2,3.05,334.88,0.0,459.48,90.75247999999999,False,False,False,Critical (<14d)
20250501,2025-05,2025,5,PRD-00027,Cotton Buds 200-Pack,Personal Care,WH-002,A,296,61.1,4.85,3297.44,0.0,5496.72,1318.976,False,False,False,Excess (60-90d)
20250501,2025-05,2025,5,PRD-00028,Premium Ground Coffee 250g,Food and Beverage,WH-001,B,787,165.0,4.77,6091.38,0.0,8247.76,1589.8501800000001,False,False,False,Slow-Mover (>90d)
20250501,2025-05,2025,5,PRD-00029,English Breakfast Tea 80-Pack,Food and Beverage,WH-002,C,141,31.6,4.46,521.7,0.0,631.6800000000001,91.2975,False,False,False,Healthy (30-60d)
20250501,2025-05,2025,5,PRD-00030,Instant Hot Chocolate 400g,Food and Beverage,WH-002,B,106,21.5,4.94,774.86,0.0,1073.78,215.41108,False,False,False,Low (14-30d)
20250501,2025-05,2025,5,PRD-00031,Organic Honey 340g,Food and Beverage,WH-001,C,61,23.7,2.57,334.28,0.0,473.96999999999997,98.61259999999999,False,False,False,Low (14-30d)
20250501,2025-05,2025,5,PRD-00032,Extra Virgin Olive Oil 500ml,Food and Beverage,WH-003,C,757,79.9,9.48,1211.2,0.0,1597.27,290.68800000000005,False,False,False,Excess (60-90d)
20250501,2025-05,2025,5,PRD-00033,Apple Cider Vinegar 500ml,Food and Beverage,WH-002,B,616,138.1,4.46,5236.0,0.0,6905.360000000001,1267.112,False,False,False,Slow-Mover (>90d)
20250501,2025-05,2025,5,PRD-00034,Protein Granola 500g,Food and Beverage,WH-002,C,234,42.5,5.51,603.72,0.0,849.42,175.0788,False,False,False,Healthy (30-60d)
20250501,2025-05,2025,5,PRD-00035,Mixed Nuts 200g,Food and Beverage,WH-001,B,204,46.1,4.43,1807.44,0.0,2303.16,388.5996,False,False,False,Healthy (30-60d)
20250501,2025-05,2025,5,PRD-00036,Herbal Tea Variety 40-Pack,Food and Beverage,WH-002,C,202,83.2,2.43,1256.44,0.0,1664.48,309.08424,False,False,False,Excess (60-90d)
20250501,2025-05,2025,5,PRD-00037,Sparkling Water 12x500ml,Food and Beverage,WH-001,C,117,45.5,2.57,709.02,0.0,909.0899999999999,155.9844,False,False,False,Healthy (30-60d)
20250501,2025-05,2025,5,PRD-00038,Luxury Bath Gift Set,Seasonal and Gifting,WH-001,A,531,197.8,2.68,10057.14,0.0,17799.120000000003,4374.8559,False,False,False,Slow-Mover (>90d)
20250501,2025-05,2025,5,PRD-00039,Premium Scented Candle Set,Seasonal and Gifting,WH-001,A,86,41.1,2.09,2364.14,0.0,3700.58,853.45454,False,False,False,Healthy (30-60d)
20250501,2025-05,2025,5,PRD-00040,Artisan Chocolate Selection Box,Seasonal and Gifting,WH-001,B,250,68.7,3.64,1590.0,0.0,3432.5,853.83,False,False,False,Excess (60-90d)
20250501,2025-05,2025,5,PRD-00041,Spa Pamper Set,Seasonal and Gifting,WH-001,A,46,17.3,2.66,829.38,0.0,1553.88,386.49108,False,False,False,Low (14-30d)
20250501,2025-05,2025,5,PRD-00042,Aromatherapy Diffuser Kit,Seasonal and Gifting,WH-003,A,90,43.0,2.09,1830.6,0.0,3872.7000000000003,964.7262,False,False,False,Healthy (30-60d)
20250501,2025-05,2025,5,PRD-00043,Premium Notebook and Pen Set,Seasonal and Gifting,WH-002,A,0,0.0,5.24,0.0,0.0,0.0,0.0,True,False,False,Stock-Out
20250501,2025-05,2025,5,PRD-00044,Personalised Mug Gift Box,Seasonal and Gifting,WH-003,A,0,0.0,2.02,0.0,0.0,0.0,0.0,True,False,False,Stock-Out
20250501,2025-05,2025,5,PRD-00045,Festive Reed Diffuser,Seasonal and Gifting,WH-001,A,94,38.5,2.44,1706.1,0.0,3462.9600000000005,864.9927,False,False,False,Healthy (30-60d)
20250501,2025-05,2025,5,PRD-00046,Professional Floor Cleaner 5L,Cleaning Products,WH-001,C,353,139.4,2.53,2319.21,823.221,2788.7000000000003,389.62728000000004,False,True,False,Slow-Mover (>90d)
20250501,2025-05,2025,5,PRD-00047,Industrial Degreaser 2L,Cleaning Products,WH-003,C,1019,213.5,4.77,3719.35,2152.405,4269.610000000001,479.79614999999995,False,True,False,Slow-Mover (>90d)
20250501,2025-05,2025,5,PRD-00048,Antibacterial Surface Spray 1L,Cleaning Products,WH-002,C,0,0.0,3.6,0.0,0.0,0.0,0.0,True,False,False,Stock-Out
20250501,2025-05,2025,5,PRD-00049,Laundry Detergent 2.5kg,Cleaning Products,WH-001,B,7,1.7,4.16,74.13,0.0,84.14,8.82147,False,False,False,Critical (<14d)
20250501,2025-05,2025,5,PRD-00050,Fabric Softener 1.5L,Cleaning Products,WH-001,B,0,0.0,4.19,0.0,0.0,0.0,0.0,True,False,False,Stock-Out
20250601,2025-06,2025,6,PRD-00001,Premium Kitchen Roll 6-Pack,Household Essentials,WH-003,C,229,64.3,3.56,1133.55,0.0,1351.1000000000001,182.50155000000004,False,False,False,Excess (60-90d)
20250601,2025-06,2025,6,PRD-00002,Aluminium Foil 30m Roll,Household Essentials,WH-001,C,304,56.2,5.41,981.92,0.0,1179.52,164.96256000000002,False,False,False,Healthy (30-60d)
20250601,2025-06,2025,6,PRD-00003,Cling Film 100m,Household Essentials,WH-002,C,146,38.7,3.77,640.94,0.0,813.22,135.23834000000002,False,False,False,Healthy (30-60d)
20250601,2025-06,2025,6,PRD-00004,Bin Bags 40L 50-Pack,Household Essentials,WH-002,B,115,32.1,3.59,1430.6,0.0,1683.6000000000001,214.59,False,False,False,Healthy (30-60d)
20250601,2025-06,2025,6,PRD-00005,Washing Up Liquid 500ml,Household Essentials,WH-002,C,187,63.1,2.96,1049.07,0.0,1325.83,219.25563,False,False,False,Excess (60-90d)
20250601,2025-06,2025,6,PRD-00006,Dishwasher Tablets 60-Pack,Household Essentials,WH-002,C,106,47.4,2.23,820.44,0.0,996.4000000000001,144.39744000000002,False,False,False,Healthy (30-60d)
20250601,2025-06,2025,6,PRD-00007,Kitchen Cleaner Spray 750ml,Household Essentials,WH-002,B,261,65.9,3.96,2724.84,0.0,3460.86,577.66608,False,False,False,Excess (60-90d)
20250601,2025-06,2025,6,PRD-00008,Toilet Cleaner 750ml,Household Essentials,WH-001,C,479,99.9,4.79,1796.25,179.625,2098.02,256.86375,False,True,False,Slow-Mover (>90d)
20250601,2025-06,2025,6,PRD-00009,Bathroom Cleaner 500ml,Household Essentials,WH-003,C,529,155.2,3.41,2555.07,1072.743,3258.64,554.45019,False,True,False,Slow-Mover (>90d)
20250601,2025-06,2025,6,PRD-00010,Multi-Surface Wipes 80-Pack,Household Essentials,WH-001,C,0,0.0,6.5,0.0,0.0,0.0,0.0,True,False,False,Stock-Out
20250601,2025-06,2025,6,PRD-00011,Sponge Scourers 10-Pack,Household Essentials,WH-003,B,0,0.0,3.25,0.0,0.0,0.0,0.0,True,False,False,Stock-Out
20250601,2025-06,2025,6,PRD-00012,Paper Towels 12-Roll,Household Essentials,WH-003,C,0,0.0,2.16,0.0,0.0,0.0,0.0,True,False,False,Stock-Out
20250601,2025-06,2025,6,PRD-00013,Rubber Gloves Medium Pair,Household Essentials,WH-001,B,38,8.3,4.61,359.86,0.0,433.2,60.81634,False,False,False,Critical (<14d)
20250601,2025-06,2025,6,PRD-00014,Oven Cleaner 300ml,Household Essentials,WH-001,C,0,0.0,2.21,0.0,0.0,0.0,0.0,True,False,False,Stock-Out
20250601,2025-06,2025,6,PRD-00015,Drain Unblocker 500ml,Household Essentials,WH-003,C,212,28.9,7.34,519.4,0.0,606.3199999999999,75.31299999999999,False,False,False,Low (14-30d)
20250601,2025-06,2025,6,PRD-00016,Moisturising Hand Cream 100ml,Personal Care,WH-003,C,129,42.1,3.07,544.38,0.0,883.65,209.04192,False,False,False,Healthy (30-60d)
20250601,2025-06,2025,6,PRD-00017,Daily Shampoo 400ml,Personal Care,WH-003,A,150,30.5,4.91,2116.5,0.0,2885.9999999999995,565.1055,False,False,False,Healthy (30-60d)
20250601,2025-06,2025,6,PRD-00018,Conditioner 400ml,Personal Care,WH-001,A,0,0.0,4.39,0.0,0.0,0.0,0.0,True,False,False,Stock-Out
20250601,2025-06,2025,6,PRD-00019,Body Lotion 250ml,Personal Care,WH-003,C,0,0.0,5.3,0.0,0.0,0.0,0.0,True,False,False,Stock-Out
20250601,2025-06,2025,6,PRD-00020,Shower Gel 500ml,Personal Care,WH-001,B,144,32.4,4.45,1147.68,0.0,1699.2,371.84832,False,False,False,Healthy (30-60d)
20250601,2025-06,2025,6,PRD-00021,Deodorant Roll-On 50ml,Personal Care,WH-002,B,215,64.7,3.32,2141.4,0.0,3397.0,792.318,False,False,False,Excess (60-90d)
20250601,2025-06,2025,6,PRD-00022,Facial Cleanser 150ml,Personal Care,WH-002,C,211,48.6,4.34,561.26,0.0,1021.24,252.00574,False,False,False,Healthy (30-60d)
20250601,2025-06,2025,6,PRD-00023,Lip Balm SPF15,Personal Care,WH-002,C,0,0.0,2.81,0.0,0.0,0.0,0.0,True,False,False,Stock-Out
20250601,2025-06,2025,6,PRD-00024,Hand Sanitiser 500ml,Personal Care,WH-003,C,207,93.4,2.22,1262.7,43.92000000000007,1962.3600000000001,450.7839000000001,False,True,False,Slow-Mover (>90d)
20250601,2025-06,2025,6,PRD-00025,Toothpaste Whitening 100ml,Personal Care,WH-002,B,26,6.2,4.17,214.76,0.0,327.34,73.87743999999999,False,False,False,Critical (<14d)
20250601,2025-06,2025,6,PRD-00026,Mouthwash Fresh Mint 500ml,Personal Care,WH-001,B,543,169.7,3.2,6494.28,0.0,8910.63,1759.9498800000001,False,False,False,Slow-Mover (>90d)
20250601,2025-06,2025,6,PRD-00027,Cotton Buds 200-Pack,Personal Care,WH-001,A,0,0.0,5.09,0.0,0.0,0.0,0.0,True,False,False,Stock-Out
20250601,2025-06,2025,6,PRD-00028,Premium Ground Coffee 250g,Food and Beverage,WH-001,B,590,117.8,5.01,4566.6,0.0,6183.2,1191.8826000000001,False,False,False,Slow-Mover (>90d)
20250601,2025-06,2025,6,PRD-00029,English Breakfast Tea 80-Pack,Food and Beverage,WH-001,C,200,42.7,4.69,740.0,0.0,896.0000000000001,129.5,False,False,False,Healthy (30-60d)
20250601,2025-06,2025,6,PRD-00030,Instant Hot Chocolate 400g,Food and Beverage,WH-003,B,301,58.1,5.18,2200.31,0.0,3049.13,611.68618,False,False,False,Healthy (30-60d)
20250601,2025-06,2025,6,PRD-00031,Organic Honey 340g,Food and Beverage,WH-001,C,111,41.1,2.7,608.28,0.0,862.4699999999999,179.44259999999997,False,False,False,Healthy (30-60d)
20250601,2025-06,2025,6,PRD-00032,Extra Virgin Olive Oil 500ml,Food and Beverage,WH-001,C,1185,119.1,9.95,1896.0,463.20000000000005,2500.35,455.04,False,True,False,Slow-Mover (>90d)
20250601,2025-06,2025,6,PRD-00033,Apple Cider Vinegar 500ml,Food and Beverage,WH-001,B,130,27.8,4.68,1105.0,0.0,1457.3000000000002,267.41,False,False,False,Low (14-30d)
20250601,2025-06,2025,6,PRD-00034,Protein Granola 500g,Food and Beverage,WH-003,C,516,89.2,5.79,1331.28,0.0,1873.08,386.07120000000003,False,False,False,Excess (60-90d)
20250601,2025-06,2025,6,PRD-00035,Mixed Nuts 200g,Food and Beverage,WH-002,B,688,148.0,4.65,6095.68,0.0,7767.5199999999995,1310.5712,False,False,False,Slow-Mover (>90d)
20250601,2025-06,2025,6,PRD-00036,Herbal Tea Variety 40-Pack,Food and Beverage,WH-003,C,252,98.9,2.55,1567.44,139.95000000000027,2076.48,385.59024000000005,False,True,False,Slow-Mover (>90d)
20250601,2025-06,2025,6,PRD-00037,Sparkling Water 12x500ml,Food and Beverage,WH-003,C,166,61.4,2.7,1005.96,0.0,1289.82,221.3112,False,False,False,Excess (60-90d)
20250601,2025-06,2025,6,PRD-00038,Luxury Bath Gift Set,Seasonal and Gifting,WH-001,A,485,172.0,2.82,9185.9,0.0,16257.2,3995.8664999999996,False,False,False,Slow-Mover (>90d)
20250601,2025-06,2025,6,PRD-00039,Premium Scented Candle Set,Seasonal and Gifting,WH-002,A,0,0.0,2.2,0.0,0.0,0.0,0.0,True,False,False,Stock-Out
20250601,2025-06,2025,6,PRD-00040,Artisan Chocolate Selection Box,Seasonal and Gifting,WH-003,B,489,127.9,3.82,3110.04,0.0,6713.97,1670.09148,False,False,False,Slow-Mover (>90d)
20250601,2025-06,2025,6,PRD-00041,Spa Pamper Set,Seasonal and Gifting,WH-001,A,0,0.0,2.8,0.0,0.0,0.0,0.0,True,False,False,Stock-Out
20250601,2025-06,2025,6,PRD-00042,Aromatherapy Diffuser Kit,Seasonal and Gifting,WH-001,A,0,0.0,2.2,0.0,0.0,0.0,0.0,True,False,False,Stock-Out
20250601,2025-06,2025,6,PRD-00043,Premium Notebook and Pen Set,Seasonal and Gifting,WH-002,A,536,97.4,5.5,5360.0,0.0,9208.48,2240.4799999999996,False,False,False,Slow-Mover (>90d)
20250601,2025-06,2025,6,PRD-00044,Personalised Mug Gift Box,Seasonal and Gifting,WH-002,A,0,0.0,2.12,0.0,0.0,0.0,0.0,True,False,False,Stock-Out
20250601,2025-06,2025,6,PRD-00045,Festive Reed Diffuser,Seasonal and Gifting,WH-003,A,17,6.6,2.57,308.55,0.0,626.2800000000001,156.43485,False,False,True,Critical (<14d)
20250601,2025-06,2025,6,PRD-00046,Professional Floor Cleaner 5L,Cleaning Products,WH-002,C,207,77.9,2.66,1359.99,0.0,1635.3000000000002,228.47832000000002,False,False,False,Excess (60-90d)
20250601,2025-06,2025,6,PRD-00047,Industrial Degreaser 2L,Cleaning Products,WH-001,C,358,71.4,5.01,1306.7,0.0,1500.0200000000002,168.5643,False,False,False,Excess (60-90d)
20250601,2025-06,2025,6,PRD-00048,Antibacterial Surface Spray 1L,Cleaning Products,WH-001,C,0,0.0,3.78,0.0,0.0,0.0,0.0,True,False,False,Stock-Out
20250601,2025-06,2025,6,PRD-00049,Laundry Detergent 2.5kg,Cleaning Products,WH-003,B,323,74.0,4.37,3420.57,0.0,3882.46,407.04783000000003,False,False,False,Excess (60-90d)
20250601,2025-06,2025,6,PRD-00050,Fabric Softener 1.5L,Cleaning Products,WH-001,B,0,0.0,4.4,0.0,0.0,0.0,0.0,True,False,False,Stock-Out
20250701,2025-07,2025,7,PRD-00001,Premium Kitchen Roll 6-Pack,Household Essentials,WH-001,C,57,15.3,3.73,282.15,0.0,336.3,45.42615,False,False,False,Low (14-30d)
20250701,2025-07,2025,7,PRD-00002,Aluminium Foil 30m Roll,Household Essentials,WH-002,C,0,0.0,5.67,0.0,0.0,0.0,0.0,True,False,False,Stock-Out
20250701,2025-07,2025,7,PRD-00003,Cling Film 100m,Household Essentials,WH-003,C,43,10.9,3.95,188.77,0.0,239.51000000000002,39.830470000000005,False,False,False,Critical (<14d)
20250701,2025-07,2025,7,PRD-00004,Bin Bags 40L 50-Pack,Household Essentials,WH-001,B,0,0.0,3.76,0.0,0.0,0.0,0.0,True,False,False,Stock-Out
20250701,2025-07,2025,7,PRD-00005,Washing Up Liquid 500ml,Household Essentials,WH-003,C,67,21.6,3.1,375.87,0.0,475.03,78.55683,False,False,False,Low (14-30d)
20250701,2025-07,2025,7,PRD-00006,Dishwasher Tablets 60-Pack,Household Essentials,WH-002,C,93,39.7,2.34,719.82,0.0,874.2,126.68832000000002,False,False,False,Healthy (30-60d)
20250701,2025-07,2025,7,PRD-00007,Kitchen Cleaner Spray 750ml,Household Essentials,WH-002,B,452,109.0,4.15,4718.88,0.0,5993.5199999999995,1000.40256,False,False,False,Slow-Mover (>90d)
20250701,2025-07,2025,7,PRD-00008,Toilet Cleaner 750ml,Household Essentials,WH-003,C,0,0.0,5.02,0.0,0.0,0.0,0.0,True,False,False,Stock-Out
20250701,2025-07,2025,7,PRD-00009,Bathroom Cleaner 500ml,Household Essentials,WH-002,C,176,49.3,3.57,850.08,0.0,1084.16,184.46736,False,False,False,Healthy (30-60d)
20250701,2025-07,2025,7,PRD-00010,Multi-Surface Wipes 80-Pack,Household Essentials,WH-002,C,236,34.6,6.81,634.84,0.0,762.28,106.01827999999999,False,False,False,Healthy (30-60d)
20250701,2025-07,2025,7,PRD-00011,Sponge Scourers 10-Pack,Household Essentials,WH-003,B,0,0.0,3.41,0.0,0.0,0.0,0.0,True,False,False,Stock-Out
20250701,2025-07,2025,7,PRD-00012,Paper Towels 12-Roll,Household Essentials,WH-001,C,0,0.0,2.26,0.0,0.0,0.0,0.0,True,False,False,Stock-Out
20250701,2025-07,2025,7,PRD-00013,Rubber Gloves Medium Pair,Household Essentials,WH-003,B,0,0.0,4.82,0.0,0.0,0.0,0.0,True,False,False,Stock-Out
20250701,2025-07,2025,7,PRD-00014,Oven Cleaner 300ml,Household Essentials,WH-002,C,0,0.0,2.32,0.0,0.0,0.0,0.0,True,False,False,Stock-Out
20250701,2025-07,2025,7,PRD-00015,Drain Unblocker 500ml,Household Essentials,WH-002,C,371,48.2,7.69,908.95,0.0,1061.06,131.79775,False,False,False,Healthy (30-60d)
20250701,2025-07,2025,7,PRD-00016,Moisturising Hand Cream 100ml,Personal Care,WH-002,C,193,60.1,3.21,814.46,0.0,1322.05,312.75264,False,False,False,Excess (60-90d)
20250701,2025-07,2025,7,PRD-00017,Daily Shampoo 400ml,Personal Care,WH-001,A,115,22.3,5.15,1622.65,0.0,2212.6,433.24755000000005,False,False,False,Low (14-30d)
20250701,2025-07,2025,7,PRD-00018,Conditioner 400ml,Personal Care,WH-001,A,72,15.7,4.6,1162.08,0.0,1550.8799999999999,290.52,False,False,False,Low (14-30d)
20250701,2025-07,2025,7,PRD-00019,Body Lotion 250ml,Personal Care,WH-003,C,218,39.2,5.56,534.1,0.0,863.28,202.958,False,False,False,Healthy (30-60d)
20250701,2025-07,2025,7,PRD-00020,Shower Gel 500ml,Personal Care,WH-003,B,305,65.4,4.66,2430.85,0.0,3599.0,787.5953999999999,False,False,False,Excess (60-90d)
20250701,2025-07,2025,7,PRD-00021,Deodorant Roll-On 50ml,Personal Care,WH-001,B,303,87.0,3.48,3017.88,0.0,4787.400000000001,1116.6156,False,False,False,Excess (60-90d)
20250701,2025-07,2025,7,PRD-00022,Facial Cleanser 150ml,Personal Care,WH-003,C,0,0.0,4.55,0.0,0.0,0.0,0.0,True,False,False,Stock-Out
20250701,2025-07,2025,7,PRD-00023,Lip Balm SPF15,Personal Care,WH-003,C,0,0.0,2.95,0.0,0.0,0.0,0.0,True,False,False,Stock-Out
20250701,2025-07,2025,7,PRD-00024,Hand Sanitiser 500ml,Personal Care,WH-001,C,251,108.2,2.32,1531.1,257.4200000000001,2379.48,546.6027,False,True,False,Slow-Mover (>90d)
20250701,2025-07,2025,7,PRD-00025,Toothpaste Whitening 100ml,Personal Care,WH-003,B,0,0.0,4.37,0.0,0.0,0.0,0.0,True,False,False,Stock-Out
20250701,2025-07,2025,7,PRD-00026,Mouthwash Fresh Mint 500ml,Personal Care,WH-002,B,318,94.9,3.35,3803.28,0.0,5218.38,1030.6888800000002,False,False,False,Slow-Mover (>90d)
20250701,2025-07,2025,7,PRD-00027,Cotton Buds 200-Pack,Personal Care,WH-001,A,99,18.6,5.33,1102.86,0.0,1838.43,441.14399999999995,False,False,False,Low (14-30d)
20250701,2025-07,2025,7,PRD-00028,Premium Ground Coffee 250g,Food and Beverage,WH-002,B,957,182.4,5.25,7407.18,0.0,10029.36,1933.2739800000002,False,False,False,Slow-Mover (>90d)
20250701,2025-07,2025,7,PRD-00029,English Breakfast Tea 80-Pack,Food and Beverage,WH-002,C,0,0.0,4.91,0.0,0.0,0.0,0.0,True,False,False,Stock-Out
20250701,2025-07,2025,7,PRD-00030,Instant Hot Chocolate 400g,Food and Beverage,WH-002,B,330,60.8,5.43,2412.3,0.0,3342.9,670.6194,False,False,False,Excess (60-90d)
20250701,2025-07,2025,7,PRD-00031,Organic Honey 340g,Food and Beverage,WH-001,C,122,43.1,2.83,668.56,0.0,947.9399999999999,197.22519999999997,False,False,False,Healthy (30-60d)
20250701,2025-07,2025,7,PRD-00032,Extra Virgin Olive Oil 500ml,Food and Beverage,WH-003,C,975,93.5,10.43,1560.0,58.07999999999993,2057.25,374.4,False,True,False,Slow-Mover (>90d)
20250701,2025-07,2025,7,PRD-00033,Apple Cider Vinegar 500ml,Food and Beverage,WH-001,B,340,69.3,4.91,2890.0,0.0,3811.4,699.38,False,False,False,Excess (60-90d)
20250701,2025-07,2025,7,PRD-00034,Protein Granola 500g,Food and Beverage,WH-001,C,14,2.3,6.06,36.12,0.0,50.82,10.4748,False,False,False,Critical (<14d)
20250701,2025-07,2025,7,PRD-00035,Mixed Nuts 200g,Food and Beverage,WH-001,B,594,121.9,4.87,5262.84,0.0,6706.259999999999,1131.5106,False,False,False,Slow-Mover (>90d)
20250701,2025-07,2025,7,PRD-00036,Herbal Tea Variety 40-Pack,Food and Beverage,WH-002,C,92,34.5,2.67,572.24,0.0,758.08,140.77104,False,False,False,Healthy (30-60d)
20250701,2025-07,2025,7,PRD-00037,Sparkling Water 12x500ml,Food and Beverage,WH-002,C,86,30.4,2.83,521.16,0.0,668.2199999999999,114.65519999999998,False,False,False,Healthy (30-60d)
20250701,2025-07,2025,7,PRD-00038,Luxury Bath Gift Set,Seasonal and Gifting,WH-002,A,324,109.7,2.95,6136.56,0.0,10860.480000000001,2669.4036000000006,False,False,False,Slow-Mover (>90d)
20250701,2025-07,2025,7,PRD-00039,Premium Scented Candle Set,Seasonal and Gifting,WH-003,A,0,0.0,2.3,0.0,0.0,0.0,0.0,True,False,False,Stock-Out
20250701,2025-07,2025,7,PRD-00040,Artisan Chocolate Selection Box,Seasonal and Gifting,WH-001,B,246,61.4,4.01,1564.56,0.0,3377.58,840.16872,False,False,False,Excess (60-90d)
20250701,2025-07,2025,7,PRD-00041,Spa Pamper Set,Seasonal and Gifting,WH-002,A,86,29.3,2.93,1550.58,0.0,2905.08,722.57028,False,False,False,Low (14-30d)
20250701,2025-07,2025,7,PRD-00042,Aromatherapy Diffuser Kit,Seasonal and Gifting,WH-002,A,67,29.1,2.3,1362.78,0.0,2883.01,718.1850600000001,False,False,False,Low (14-30d)
20250701,2025-07,2025,7,PRD-00043,Premium Notebook and Pen Set,Seasonal and Gifting,WH-002,A,592,102.7,5.76,5920.0,0.0,10170.56,2474.5599999999995,False,False,False,Slow-Mover (>90d)
20250701,2025-07,2025,7,PRD-00044,Personalised Mug Gift Box,Seasonal and Gifting,WH-001,A,43,19.3,2.23,1172.18,0.0,1913.0700000000002,453.6336600000001,False,False,False,Low (14-30d)
20250701,2025-07,2025,7,PRD-00045,Festive Reed Diffuser,Seasonal and Gifting,WH-002,A,223,83.0,2.69,4047.45,0.0,8215.320000000002,2052.05715,False,False,False,Excess (60-90d)
20250701,2025-07,2025,7,PRD-00046,Professional Floor Cleaner 5L,Cleaning Products,WH-003,C,362,130.0,2.78,2378.34,734.5260000000001,2859.8,399.56112,False,True,False,Slow-Mover (>90d)
20250701,2025-07,2025,7,PRD-00047,Industrial Degreaser 2L,Cleaning Products,WH-003,C,655,124.7,5.25,2390.75,666.125,2744.4500000000003,308.40675,False,True,False,Slow-Mover (>90d)
20250701,2025-07,2025,7,PRD-00048,Antibacterial Surface Spray 1L,Cleaning Products,WH-003,C,0,0.0,3.96,0.0,0.0,0.0,0.0,True,False,False,Stock-Out
20250701,2025-07,2025,7,PRD-00049,Laundry Detergent 2.5kg,Cleaning Products,WH-003,B,55,12.0,4.58,582.45,0.0,661.1,69.31155000000001,False,False,False,Critical (<14d)
20250701,2025-07,2025,7,PRD-00050,Fabric Softener 1.5L,Cleaning Products,WH-002,B,292,63.3,4.61,2905.4,0.0,3480.64,479.39099999999996,False,False,False,Excess (60-90d)
20250801,2025-08,2025,8,PRD-00001,Premium Kitchen Roll 6-Pack,Household Essentials,WH-001,C,204,57.3,3.56,1009.8,0.0,1203.6000000000001,162.5778,False,False,False,Healthy (30-60d)
20250801,2025-08,2025,8,PRD-00002,Aluminium Foil 30m Roll,Household Essentials,WH-002,C,0,0.0,5.41,0.0,0.0,0.0,0.0,True,False,False,Stock-Out
20250801,2025-08,2025,8,PRD-00003,Cling Film 100m,Household Essentials,WH-003,C,69,18.3,3.77,302.91,0.0,384.33000000000004,63.914010000000005,False,False,False,Low (14-30d)
20250801,2025-08,2025,8,PRD-00004,Bin Bags 40L 50-Pack,Household Essentials,WH-002,B,367,102.3,3.59,4565.48,0.0,5372.88,684.822,False,False,False,Slow-Mover (>90d)
20250801,2025-08,2025,8,PRD-00005,Washing Up Liquid 500ml,Household Essentials,WH-001,C,209,70.6,2.96,1172.49,0.0,1481.81,245.05040999999997,False,False,False,Excess (60-90d)
20250801,2025-08,2025,8,PRD-00006,Dishwasher Tablets 60-Pack,Household Essentials,WH-002,C,197,88.2,2.23,1524.78,0.0,1851.8000000000002,268.36128,False,False,False,Excess (60-90d)
20250801,2025-08,2025,8,PRD-00007,Kitchen Cleaner Spray 750ml,Household Essentials,WH-001,B,800,202.1,3.96,8352.0,0.0,10608.0,1770.624,False,False,False,Slow-Mover (>90d)
20250801,2025-08,2025,8,PRD-00008,Toilet Cleaner 750ml,Household Essentials,WH-003,C,0,0.0,4.79,0.0,0.0,0.0,0.0,True,False,False,Stock-Out
20250801,2025-08,2025,8,PRD-00009,Bathroom Cleaner 500ml,Household Essentials,WH-002,C,203,59.5,3.41,980.49,0.0,1250.48,212.76632999999998,False,False,False,Healthy (30-60d)
20250801,2025-08,2025,8,PRD-00010,Multi-Surface Wipes 80-Pack,Household Essentials,WH-002,C,0,0.0,6.5,0.0,0.0,0.0,0.0,True,False,False,Stock-Out
20250801,2025-08,2025,8,PRD-00011,Sponge Scourers 10-Pack,Household Essentials,WH-001,B,0,0.0,3.25,0.0,0.0,0.0,0.0,True,False,False,Stock-Out
20250801,2025-08,2025,8,PRD-00012,Paper Towels 12-Roll,Household Essentials,WH-002,C,178,82.6,2.16,1480.96,0.0,1733.72,216.22016,False,False,False,Excess (60-90d)
20250801,2025-08,2025,8,PRD-00013,Rubber Gloves Medium Pair,Household Essentials,WH-002,B,436,94.7,4.61,4128.92,0.0,4970.400000000001,697.78748,False,False,False,Slow-Mover (>90d)
20250801,2025-08,2025,8,PRD-00014,Oven Cleaner 300ml,Household Essentials,WH-002,C,0,0.0,2.21,0.0,0.0,0.0,0.0,True,False,False,Stock-Out
20250801,2025-08,2025,8,PRD-00015,Drain Unblocker 500ml,Household Essentials,WH-001,C,712,97.0,7.34,1744.4,125.92999999999984,2036.32,252.93800000000002,False,True,False,Slow-Mover (>90d)
20250801,2025-08,2025,8,PRD-00016,Moisturising Hand Cream 100ml,Personal Care,WH-002,C,112,36.5,3.07,472.64,0.0,767.1999999999999,181.49376,False,False,False,Healthy (30-60d)
20250801,2025-08,2025,8,PRD-00017,Daily Shampoo 400ml,Personal Care,WH-003,A,86,17.5,4.91,1213.46,0.0,1654.6399999999999,323.99382,False,False,False,Low (14-30d)
20250801,2025-08,2025,8,PRD-00018,Conditioner 400ml,Personal Care,WH-001,A,313,71.3,4.39,5051.82,0.0,6742.0199999999995,1262.955,False,False,False,Excess (60-90d)
20250801,2025-08,2025,8,PRD-00019,Body Lotion 250ml,Personal Care,WH-003,C,0,0.0,5.3,0.0,0.0,0.0,0.0,True,False,False,Stock-Out
20250801,2025-08,2025,8,PRD-00020,Shower Gel 500ml,Personal Care,WH-002,B,307,69.0,4.45,2446.79,0.0,3622.6000000000004,792.75996,False,False,False,Excess (60-90d)
20250801,2025-08,2025,8,PRD-00021,Deodorant Roll-On 50ml,Personal Care,WH-001,B,0,0.0,3.32,0.0,0.0,0.0,0.0,True,False,False,Stock-Out
20250801,2025-08,2025,8,PRD-00022,Facial Cleanser 150ml,Personal Care,WH-002,C,0,0.0,4.34,0.0,0.0,0.0,0.0,True,False,False,Stock-Out
20250801,2025-08,2025,8,PRD-00023,Lip Balm SPF15,Personal Care,WH-001,C,301,107.1,2.81,1276.24,203.94399999999996,2248.47,551.33568,False,True,False,Slow-Mover (>90d)
20250801,2025-08,2025,8,PRD-00024,Hand Sanitiser 500ml,Personal Care,WH-001,C,155,70.0,2.22,945.5,0.0,1469.4,337.54350000000005,False,False,False,Excess (60-90d)
20250801,2025-08,2025,8,PRD-00025,Toothpaste Whitening 100ml,Personal Care,WH-002,B,0,0.0,4.17,0.0,0.0,0.0,0.0,True,False,False,Stock-Out
20250801,2025-08,2025,8,PRD-00026,Mouthwash Fresh Mint 500ml,Personal Care,WH-001,B,0,0.0,3.2,0.0,0.0,0.0,0.0,True,False,False,Stock-Out
20250801,2025-08,2025,8,PRD-00027,Cotton Buds 200-Pack,Personal Care,WH-002,A,408,80.2,5.09,4545.12,0.0,7576.56,1818.0479999999998,False,False,False,Excess (60-90d)
20250801,2025-08,2025,8,PRD-00028,Premium Ground Coffee 250g,Food and Beverage,WH-002,B,629,125.6,5.01,4868.46,0.0,6591.92,1270.6680600000002,False,False,False,Slow-Mover (>90d)
20250801,2025-08,2025,8,PRD-00029,English Breakfast Tea 80-Pack,Food and Beverage,WH-003,C,207,44.2,4.69,765.9,0.0,927.3600000000001,134.0325,False,False,False,Healthy (30-60d)
20250801,2025-08,2025,8,PRD-00030,Instant Hot Chocolate 400g,Food and Beverage,WH-001,B,476,91.8,5.18,3479.56,0.0,4821.88,967.31768,False,False,False,Slow-Mover (>90d)
20250801,2025-08,2025,8,PRD-00031,Organic Honey 340g,Food and Beverage,WH-001,C,149,55.1,2.7,816.52,0.0,1157.73,240.8734,False,False,False,Healthy (30-60d)
20250801,2025-08,2025,8,PRD-00032,Extra Virgin Olive Oil 500ml,Food and Beverage,WH-002,C,26,2.6,9.95,41.6,0.0,54.86,9.984000000000002,False,False,False,Critical (<14d)
20250801,2025-08,2025,8,PRD-00033,Apple Cider Vinegar 500ml,Food and Beverage,WH-001,B,552,117.9,4.68,4692.0,0.0,6187.92,1135.464,False,False,False,Slow-Mover (>90d)
20250801,2025-08,2025,8,PRD-00034,Protein Granola 500g,Food and Beverage,WH-003,C,0,0.0,5.79,0.0,0.0,0.0,0.0,True,False,False,Stock-Out
20250801,2025-08,2025,8,PRD-00035,Mixed Nuts 200g,Food and Beverage,WH-002,B,18,3.9,4.65,159.48,0.0,203.21999999999997,34.288199999999996,False,False,False,Critical (<14d)
20250801,2025-08,2025,8,PRD-00036,Herbal Tea Variety 40-Pack,Food and Beverage,WH-001,C,168,65.9,2.55,1044.96,0.0,1384.32,257.06016000000005,False,False,False,Excess (60-90d)
20250801,2025-08,2025,8,PRD-00037,Sparkling Water 12x500ml,Food and Beverage,WH-001,C,233,86.2,2.7,1411.98,0.0,1810.4099999999999,310.6356,False,False,False,Excess (60-90d)
20250801,2025-08,2025,8,PRD-00038,Luxury Bath Gift Set,Seasonal and Gifting,WH-001,A,470,166.7,2.82,8901.8,0.0,15754.400000000001,3872.283,False,False,False,Slow-Mover (>90d)
20250801,2025-08,2025,8,PRD-00039,Premium Scented Candle Set,Seasonal and Gifting,WH-001,A,238,108.4,2.2,6542.62,0.0,10241.14,2361.88582,False,False,False,Slow-Mover (>90d)
20250801,2025-08,2025,8,PRD-00040,Artisan Chocolate Selection Box,Seasonal and Gifting,WH-001,B,465,121.6,3.82,2957.4,0.0,6384.45,1588.1238,False,False,False,Slow-Mover (>90d)
20250801,2025-08,2025,8,PRD-00041,Spa Pamper Set,Seasonal and Gifting,WH-001,A,0,0.0,2.8,0.0,0.0,0.0,0.0,True,False,False,Stock-Out
20250801,2025-08,2025,8,PRD-00042,Aromatherapy Diffuser Kit,Seasonal and Gifting,WH-001,A,0,0.0,2.2,0.0,0.0,0.0,0.0,True,False,False,Stock-Out
20250801,2025-08,2025,8,PRD-00043,Premium Notebook and Pen Set,Seasonal and Gifting,WH-001,A,0,0.0,5.5,0.0,0.0,0.0,0.0,True,False,False,Stock-Out
20250801,2025-08,2025,8,PRD-00044,Personalised Mug Gift Box,Seasonal and Gifting,WH-002,A,23,10.8,2.12,626.98,0.0,1023.2700000000001,242.64126000000005,False,False,True,Critical (<14d)
20250801,2025-08,2025,8,PRD-00045,Festive Reed Diffuser,Seasonal and Gifting,WH-002,A,189,73.7,2.57,3430.35,0.0,6962.76,1739.18745,False,False,False,Excess (60-90d)
20250801,2025-08,2025,8,PRD-00046,Professional Floor Cleaner 5L,Cleaning Products,WH-002,C,378,142.2,2.66,2483.46,910.6019999999999,2986.2000000000003,417.22128000000004,False,True,False,Slow-Mover (>90d)
20250801,2025-08,2025,8,PRD-00047,Industrial Degreaser 2L,Cleaning Products,WH-003,C,421,84.0,5.01,1536.65,0.0,1763.9900000000002,198.22785000000005,False,False,False,Excess (60-90d)
20250801,2025-08,2025,8,PRD-00048,Antibacterial Surface Spray 1L,Cleaning Products,WH-002,C,136,35.9,3.78,662.32,0.0,754.8,81.46536,False,False,False,Healthy (30-60d)
20250801,2025-08,2025,8,PRD-00049,Laundry Detergent 2.5kg,Cleaning Products,WH-002,B,338,77.4,4.37,3579.42,0.0,4062.7599999999998,425.9509800000001,False,False,False,Excess (60-90d)
20250801,2025-08,2025,8,PRD-00050,Fabric Softener 1.5L,Cleaning Products,WH-003,B,0,0.0,4.4,0.0,0.0,0.0,0.0,True,False,False,Stock-Out
20250901,2025-09,2025,9,PRD-00001,Premium Kitchen Roll 6-Pack,Household Essentials,WH-003,C,46,13.6,3.39,227.7,0.0,271.40000000000003,36.6597,False,False,False,Critical (<14d)
20250901,2025-09,2025,9,PRD-00002,Aluminium Foil 30m Roll,Household Essentials,WH-003,C,95,18.4,5.15,306.85,0.0,368.59999999999997,51.55080000000001,False,False,False,Low (14-30d)
20250901,2025-09,2025,9,PRD-00003,Cling Film 100m,Household Essentials,WH-003,C,304,84.7,3.59,1334.56,0.0,1693.2800000000002,281.59216,False,False,False,Excess (60-90d)
20250901,2025-09,2025,9,PRD-00004,Bin Bags 40L 50-Pack,Household Essentials,WH-002,B,0,0.0,3.42,0.0,0.0,0.0,0.0,True,False,False,Stock-Out
20250901,2025-09,2025,9,PRD-00005,Washing Up Liquid 500ml,Household Essentials,WH-001,C,0,0.0,2.82,0.0,0.0,0.0,0.0,True,False,False,Stock-Out
20250901,2025-09,2025,9,PRD-00006,Dishwasher Tablets 60-Pack,Household Essentials,WH-003,C,62,29.1,2.13,479.88,0.0,582.8000000000001,84.45888000000001,False,False,False,Low (14-30d)
20250901,2025-09,2025,9,PRD-00007,Kitchen Cleaner Spray 750ml,Household Essentials,WH-001,B,639,169.5,3.77,6671.16,0.0,8473.14,1414.28592,False,False,False,Slow-Mover (>90d)
20250901,2025-09,2025,9,PRD-00008,Toilet Cleaner 750ml,Household Essentials,WH-002,C,0,0.0,4.57,0.0,0.0,0.0,0.0,True,False,False,Stock-Out
20250901,2025-09,2025,9,PRD-00009,Bathroom Cleaner 500ml,Household Essentials,WH-002,C,192,59.1,3.25,927.36,0.0,1182.72,201.23712,False,False,False,Healthy (30-60d)
20250901,2025-09,2025,9,PRD-00010,Multi-Surface Wipes 80-Pack,Household Essentials,WH-002,C,0,0.0,6.19,0.0,0.0,0.0,0.0,True,False,False,Stock-Out
20250901,2025-09,2025,9,PRD-00011,Sponge Scourers 10-Pack,Household Essentials,WH-001,B,91,29.4,3.1,1191.19,0.0,1467.83,223.94372000000004,False,False,False,Low (14-30d)
20250901,2025-09,2025,9,PRD-00012,Paper Towels 12-Roll,Household Essentials,WH-001,C,0,0.0,2.05,0.0,0.0,0.0,0.0,True,False,False,Stock-Out
20250901,2025-09,2025,9,PRD-00013,Rubber Gloves Medium Pair,Household Essentials,WH-001,B,48,10.9,4.39,454.56,0.0,547.2,76.82064,False,False,False,Critical (<14d)
20250901,2025-09,2025,9,PRD-00014,Oven Cleaner 300ml,Household Essentials,WH-003,C,0,0.0,2.11,0.0,0.0,0.0,0.0,True,False,False,Stock-Out
20250901,2025-09,2025,9,PRD-00015,Drain Unblocker 500ml,Household Essentials,WH-002,C,96,13.7,6.99,235.2,0.0,274.56,34.104,False,False,False,Critical (<14d)
20250901,2025-09,2025,9,PRD-00016,Moisturising Hand Cream 100ml,Personal Care,WH-003,C,0,0.0,2.92,0.0,0.0,0.0,0.0,True,False,False,Stock-Out
20250901,2025-09,2025,9,PRD-00017,Daily Shampoo 400ml,Personal Care,WH-002,A,266,56.9,4.68,3753.26,0.0,5117.839999999999,1002.12042,False,False,False,Healthy (30-60d)
20250901,2025-09,2025,9,PRD-00018,Conditioner 400ml,Personal Care,WH-001,A,360,86.2,4.18,5810.4,0.0,7754.4,1452.6,False,False,False,Excess (60-90d)
20250901,2025-09,2025,9,PRD-00019,Body Lotion 250ml,Personal Care,WH-001,C,73,14.5,5.05,178.85,0.0,289.08,67.96300000000001,False,False,False,Low (14-30d)
20250901,2025-09,2025,9,PRD-00020,Shower Gel 500ml,Personal Care,WH-003,B,180,42.5,4.24,1434.6,0.0,2124.0,464.81039999999996,False,False,False,Healthy (30-60d)
20250901,2025-09,2025,9,PRD-00021,Deodorant Roll-On 50ml,Personal Care,WH-003,B,178,56.2,3.16,1772.88,0.0,2812.4,655.9656,False,False,False,Healthy (30-60d)
20250901,2025-09,2025,9,PRD-00022,Facial Cleanser 150ml,Personal Care,WH-003,C,373,90.3,4.13,992.18,3.45799999999997,1805.32,445.48882,False,True,False,Slow-Mover (>90d)
20250901,2025-09,2025,9,PRD-00023,Lip Balm SPF15,Personal Care,WH-002,C,0,0.0,2.68,0.0,0.0,0.0,0.0,True,False,False,Stock-Out
20250901,2025-09,2025,9,PRD-00024,Hand Sanitiser 500ml,Personal Care,WH-002,C,125,59.2,2.11,762.5,0.0,1185.0,272.21250000000003,False,False,False,Healthy (30-60d)
20250901,2025-09,2025,9,PRD-00025,Toothpaste Whitening 100ml,Personal Care,WH-002,B,254,64.0,3.97,2098.04,0.0,3197.86,721.72576,False,False,False,Excess (60-90d)
20250901,2025-09,2025,9,PRD-00026,Mouthwash Fresh Mint 500ml,Personal Care,WH-002,B,243,79.8,3.05,2906.28,0.0,3987.63,787.60188,False,False,False,Excess (60-90d)
20250901,2025-09,2025,9,PRD-00027,Cotton Buds 200-Pack,Personal Care,WH-002,A,16,3.3,4.85,178.24,0.0,297.12,71.296,False,False,True,Critical (<14d)
20250901,2025-09,2025,9,PRD-00028,Premium Ground Coffee 250g,Food and Beverage,WH-003,B,580,121.6,4.77,4489.2,0.0,6078.400000000001,1171.6812,False,False,False,Slow-Mover (>90d)
20250901,2025-09,2025,9,PRD-00029,English Breakfast Tea 80-Pack,Food and Beverage,WH-001,C,256,57.3,4.46,947.2,0.0,1146.88,165.76,False,False,False,Healthy (30-60d)
20250901,2025-09,2025,9,PRD-00030,Instant Hot Chocolate 400g,Food and Beverage,WH-002,B,263,53.3,4.94,1922.53,0.0,2664.19,534.46334,False,False,False,Healthy (30-60d)
20250901,2025-09,2025,9,PRD-00031,Organic Honey 340g,Food and Beverage,WH-001,C,0,0.0,2.57,0.0,0.0,0.0,0.0,True,False,False,Stock-Out
20250901,2025-09,2025,9,PRD-00032,Extra Virgin Olive Oil 500ml,Food and Beverage,WH-002,C,613,64.7,9.48,980.8,0.0,1293.4299999999998,235.39199999999997,False,False,False,Excess (60-90d)
20250901,2025-09,2025,9,PRD-00033,Apple Cider Vinegar 500ml,Food and Beverage,WH-001,B,518,116.1,4.46,4403.0,0.0,5806.780000000001,1065.5259999999998,False,False,False,Slow-Mover (>90d)
20250901,2025-09,2025,9,PRD-00034,Protein Granola 500g,Food and Beverage,WH-001,C,0,0.0,5.51,0.0,0.0,0.0,0.0,True,False,False,Stock-Out
20250901,2025-09,2025,9,PRD-00035,Mixed Nuts 200g,Food and Beverage,WH-002,B,211,47.6,4.43,1869.46,0.0,2382.1899999999996,401.9339,False,False,False,Healthy (30-60d)
20250901,2025-09,2025,9,PRD-00036,Herbal Tea Variety 40-Pack,Food and Beverage,WH-001,C,0,0.0,2.43,0.0,0.0,0.0,0.0,True,False,False,Stock-Out
20250901,2025-09,2025,9,PRD-00037,Sparkling Water 12x500ml,Food and Beverage,WH-001,C,203,78.9,2.57,1230.18,0.0,1577.31,270.63960000000003,False,False,False,Excess (60-90d)
20250901,2025-09,2025,9,PRD-00038,Luxury Bath Gift Set,Seasonal and Gifting,WH-001,A,536,199.6,2.68,10151.84,0.0,17966.72,4416.0504,False,False,False,Slow-Mover (>90d)
20250901,2025-09,2025,9,PRD-00039,Premium Scented Candle Set,Seasonal and Gifting,WH-001,A,252,120.5,2.09,6927.48,0.0,10843.56,2500.82028,False,False,False,Slow-Mover (>90d)
20250901,2025-09,2025,9,PRD-00040,Artisan Chocolate Selection Box,Seasonal and Gifting,WH-003,B,253,69.5,3.64,1609.08,0.0,3473.69,864.07596,False,False,False,Excess (60-90d)
20250901,2025-09,2025,9,PRD-00041,Spa Pamper Set,Seasonal and Gifting,WH-003,A,358,134.4,2.66,6454.74,0.0,12093.24,3007.90884,False,False,False,Slow-Mover (>90d)
20250901,2025-09,2025,9,PRD-00042,Aromatherapy Diffuser Kit,Seasonal and Gifting,WH-001,A,35,16.7,2.09,711.9,0.0,1506.05,375.1713,False,False,False,Low (14-30d)
20250901,2025-09,2025,9,PRD-00043,Premium Notebook and Pen Set,Seasonal and Gifting,WH-002,A,9,1.7,5.24,90.0,0.0,154.62,37.62,False,False,True,Critical (<14d)
20250901,2025-09,2025,9,PRD-00044,Personalised Mug Gift Box,Seasonal and Gifting,WH-001,A,31,15.3,2.02,845.06,0.0,1379.19,327.03822,False,False,False,Low (14-30d)
20250901,2025-09,2025,9,PRD-00045,Festive Reed Diffuser,Seasonal and Gifting,WH-001,A,199,81.5,2.44,3611.85,0.0,7331.160000000001,1831.2079500000002,False,False,False,Excess (60-90d)
20250901,2025-09,2025,9,PRD-00046,Professional Floor Cleaner 5L,Cleaning Products,WH-001,C,460,181.7,2.53,3022.2,1526.2109999999998,3634.0,507.7296,False,True,False,Slow-Mover (>90d)
20250901,2025-09,2025,9,PRD-00047,Industrial Degreaser 2L,Cleaning Products,WH-001,C,381,79.8,4.77,1390.65,0.0,1596.39,179.39385000000001,False,False,False,Excess (60-90d)
20250901,2025-09,2025,9,PRD-00048,Antibacterial Surface Spray 1L,Cleaning Products,WH-003,C,0,0.0,3.6,0.0,0.0,0.0,0.0,True,False,False,Stock-Out
20250901,2025-09,2025,9,PRD-00049,Laundry Detergent 2.5kg,Cleaning Products,WH-002,B,467,112.3,4.16,4945.53,0.0,5613.34,588.51807,False,False,False,Slow-Mover (>90d)
20250901,2025-09,2025,9,PRD-00050,Fabric Softener 1.5L,Cleaning Products,WH-001,B,140,33.4,4.19,1393.0,0.0,1668.8,229.845,False,False,False,Healthy (30-60d)
20251001,2025-10,2025,10,PRD-00001,Premium Kitchen Roll 6-Pack,Household Essentials,WH-001,C,0,0.0,3.73,0.0,0.0,0.0,0.0,True,False,False,Stock-Out
20251001,2025-10,2025,10,PRD-00002,Aluminium Foil 30m Roll,Household Essentials,WH-003,C,628,110.8,5.67,2028.44,380.17100000000005,2436.64,340.77792,False,True,False,Slow-Mover (>90d)
20251001,2025-10,2025,10,PRD-00003,Cling Film 100m,Household Essentials,WH-002,C,93,23.5,3.95,408.27,0.0,518.01,86.14497,False,False,False,Low (14-30d)
20251001,2025-10,2025,10,PRD-00004,Bin Bags 40L 50-Pack,Household Essentials,WH-003,B,111,29.5,3.76,1380.84,0.0,1625.04,207.12599999999998,False,False,False,Low (14-30d)
20251001,2025-10,2025,10,PRD-00005,Washing Up Liquid 500ml,Household Essentials,WH-001,C,275,88.6,3.1,1542.75,0.0,1949.75,322.43475,False,False,False,Excess (60-90d)
20251001,2025-10,2025,10,PRD-00006,Dishwasher Tablets 60-Pack,Household Essentials,WH-003,C,307,131.2,2.34,2376.18,746.1359999999997,2885.8,418.20768000000004,False,True,False,Slow-Mover (>90d)
20251001,2025-10,2025,10,PRD-00007,Kitchen Cleaner Spray 750ml,Household Essentials,WH-001,B,226,54.5,4.15,2359.44,0.0,2996.7599999999998,500.20128,False,False,False,Healthy (30-60d)
20251001,2025-10,2025,10,PRD-00008,Toilet Cleaner 750ml,Household Essentials,WH-002,C,280,55.7,5.02,1050.0,0.0,1226.3999999999999,150.15,False,False,False,Healthy (30-60d)
20251001,2025-10,2025,10,PRD-00009,Bathroom Cleaner 500ml,Household Essentials,WH-003,C,414,115.9,3.57,1999.62,447.74099999999976,2550.2400000000002,433.9175399999999,False,True,False,Slow-Mover (>90d)
20251001,2025-10,2025,10,PRD-00010,Multi-Surface Wipes 80-Pack,Household Essentials,WH-003,C,216,31.7,6.81,581.04,0.0,697.68,97.03367999999999,False,False,False,Healthy (30-60d)
20251001,2025-10,2025,10,PRD-00011,Sponge Scourers 10-Pack,Household Essentials,WH-001,B,0,0.0,3.41,0.0,0.0,0.0,0.0,True,False,False,Stock-Out
20251001,2025-10,2025,10,PRD-00012,Paper Towels 12-Roll,Household Essentials,WH-001,C,25,11.1,2.26,208.0,0.0,243.5,30.368,False,False,False,Critical (<14d)
20251001,2025-10,2025,10,PRD-00013,Rubber Gloves Medium Pair,Household Essentials,WH-003,B,0,0.0,4.82,0.0,0.0,0.0,0.0,True,False,False,Stock-Out
20251001,2025-10,2025,10,PRD-00014,Oven Cleaner 300ml,Household Essentials,WH-003,C,0,0.0,2.32,0.0,0.0,0.0,0.0,True,False,False,Stock-Out
20251001,2025-10,2025,10,PRD-00015,Drain Unblocker 500ml,Household Essentials,WH-002,C,584,75.9,7.69,1430.8,0.0,1670.24,207.46599999999998,False,False,False,Excess (60-90d)
20251001,2025-10,2025,10,PRD-00016,Moisturising Hand Cream 100ml,Personal Care,WH-003,C,273,85.0,3.21,1152.06,0.0,1870.05,442.39104,False,False,False,Excess (60-90d)
20251001,2025-10,2025,10,PRD-00017,Daily Shampoo 400ml,Personal Care,WH-002,A,419,81.4,5.15,5912.09,0.0,8061.5599999999995,1578.52803,False,False,False,Excess (60-90d)
20251001,2025-10,2025,10,PRD-00018,Conditioner 400ml,Personal Care,WH-003,A,0,0.0,4.6,0.0,0.0,0.0,0.0,True,False,False,Stock-Out
20251001,2025-10,2025,10,PRD-00019,Body Lotion 250ml,Personal Care,WH-002,C,288,51.8,5.56,705.6,0.0,1140.48,268.128,False,False,False,Healthy (30-60d)
20251001,2025-10,2025,10,PRD-00020,Shower Gel 500ml,Personal Care,WH-003,B,0,0.0,4.66,0.0,0.0,0.0,0.0,True,False,False,Stock-Out
20251001,2025-10,2025,10,PRD-00021,Deodorant Roll-On 50ml,Personal Care,WH-002,B,102,29.3,3.48,1015.92,0.0,1611.6000000000001,375.8904,False,False,False,Low (14-30d)
20251001,2025-10,2025,10,PRD-00022,Facial Cleanser 150ml,Personal Care,WH-003,C,0,0.0,4.55,0.0,0.0,0.0,0.0,True,False,False,Stock-Out
20251001,2025-10,2025,10,PRD-00023,Lip Balm SPF15,Personal Care,WH-001,C,196,66.6,2.95,831.04,0.0,1464.12,359.00928,False,False,False,Excess (60-90d)
20251001,2025-10,2025,10,PRD-00024,Hand Sanitiser 500ml,Personal Care,WH-002,C,183,78.9,2.32,1116.3,0.0,1734.8400000000001,398.51910000000004,False,False,False,Excess (60-90d)
20251001,2025-10,2025,10,PRD-00025,Toothpaste Whitening 100ml,Personal Care,WH-002,B,177,40.5,4.37,1462.02,0.0,2228.43,502.93487999999996,False,False,False,Healthy (30-60d)
20251001,2025-10,2025,10,PRD-00026,Mouthwash Fresh Mint 500ml,Personal Care,WH-003,B,63,18.8,3.35,753.48,0.0,1033.83,204.19308,False,False,False,Low (14-30d)
20251001,2025-10,2025,10,PRD-00027,Cotton Buds 200-Pack,Personal Care,WH-003,A,12,2.3,5.33,133.68,0.0,222.84,53.47200000000001,False,False,True,Critical (<14d)
20251001,2025-10,2025,10,PRD-00028,Premium Ground Coffee 250g,Food and Beverage,WH-001,B,436,83.1,5.25,3374.64,0.0,4569.28,880.7810400000001,False,False,False,Excess (60-90d)
20251001,2025-10,2025,10,PRD-00029,English Breakfast Tea 80-Pack,Food and Beverage,WH-001,C,60,12.2,4.91,222.0,0.0,268.8,38.85,False,False,False,Critical (<14d)
20251001,2025-10,2025,10,PRD-00030,Instant Hot Chocolate 400g,Food and Beverage,WH-002,B,404,74.4,5.43,2953.24,0.0,4092.5200000000004,821.00072,False,False,False,Excess (60-90d)
20251001,2025-10,2025,10,PRD-00031,Organic Honey 340g,Food and Beverage,WH-001,C,356,125.7,2.83,1950.88,555.1239999999998,2766.12,575.5096000000001,False,True,False,Slow-Mover (>90d)
20251001,2025-10,2025,10,PRD-00032,Extra Virgin Olive Oil 500ml,Food and Beverage,WH-001,C,68,6.5,10.43,108.8,0.0,143.48,26.112,False,False,False,Critical (<14d)
20251001,2025-10,2025,10,PRD-00033,Apple Cider Vinegar 500ml,Food and Beverage,WH-002,B,365,74.4,4.91,3102.5,0.0,4091.65,750.805,False,False,False,Excess (60-90d)
20251001,2025-10,2025,10,PRD-00034,Protein Granola 500g,Food and Beverage,WH-002,C,235,38.8,6.06,606.3,0.0,853.05,175.82699999999997,False,False,False,Healthy (30-60d)
20251001,2025-10,2025,10,PRD-00035,Mixed Nuts 200g,Food and Beverage,WH-003,B,179,36.7,4.87,1585.94,0.0,2020.9099999999999,340.9771,False,False,False,Healthy (30-60d)
20251001,2025-10,2025,10,PRD-00036,Herbal Tea Variety 40-Pack,Food and Beverage,WH-003,C,182,68.2,2.67,1132.04,0.0,1499.68,278.48184000000003,False,False,False,Excess (60-90d)
20251001,2025-10,2025,10,PRD-00037,Sparkling Water 12x500ml,Food and Beverage,WH-002,C,63,22.3,2.83,381.78,0.0,489.51,83.9916,False,False,False,Low (14-30d)
20251001,2025-10,2025,10,PRD-00038,Luxury Bath Gift Set,Seasonal and Gifting,WH-001,A,355,120.2,2.95,6723.7,0.0,11899.6,2924.8095000000003,False,False,False,Slow-Mover (>90d)
20251001,2025-10,2025,10,PRD-00039,Premium Scented Candle Set,Seasonal and Gifting,WH-003,A,88,38.2,2.3,2419.12,0.0,3786.6400000000003,873.30232,False,False,False,Healthy (30-60d)
20251001,2025-10,2025,10,PRD-00040,Artisan Chocolate Selection Box,Seasonal and Gifting,WH-002,B,178,44.4,4.01,1132.08,0.0,2443.94,607.92696,False,False,False,Healthy (30-60d)
20251001,2025-10,2025,10,PRD-00041,Spa Pamper Set,Seasonal and Gifting,WH-002,A,264,90.1,2.93,4759.92,0.0,8917.92,2218.12272,False,False,False,Slow-Mover (>90d)
20251001,2025-10,2025,10,PRD-00042,Aromatherapy Diffuser Kit,Seasonal and Gifting,WH-002,A,54,23.5,2.3,1098.36,0.0,2323.62,578.83572,False,False,False,Low (14-30d)
20251001,2025-10,2025,10,PRD-00043,Premium Notebook and Pen Set,Seasonal and Gifting,WH-002,A,741,128.6,5.76,7410.0,0.0,12730.38,3097.38,False,False,False,Slow-Mover (>90d)
20251001,2025-10,2025,10,PRD-00044,Personalised Mug Gift Box,Seasonal and Gifting,WH-001,A,220,98.9,2.23,5997.2,0.0,9787.800000000001,2320.9164,False,False,False,Slow-Mover (>90d)
20251001,2025-10,2025,10,PRD-00045,Festive Reed Diffuser,Seasonal and Gifting,WH-003,A,0,0.0,2.69,0.0,0.0,0.0,0.0,True,False,False,Stock-Out
20251001,2025-10,2025,10,PRD-00046,Professional Floor Cleaner 5L,Cleaning Products,WH-002,C,344,123.5,2.78,2260.08,616.2659999999998,2717.6,379.69343999999995,False,True,False,Slow-Mover (>90d)
20251001,2025-10,2025,10,PRD-00047,Industrial Degreaser 2L,Cleaning Products,WH-002,C,542,103.2,5.25,1978.3,253.67499999999995,2270.98,255.20069999999998,False,True,False,Slow-Mover (>90d)
20251001,2025-10,2025,10,PRD-00048,Antibacterial Surface Spray 1L,Cleaning Products,WH-002,C,27,6.8,3.96,131.49,0.0,149.85,16.173270000000002,False,False,False,Critical (<14d)
20251001,2025-10,2025,10,PRD-00049,Laundry Detergent 2.5kg,Cleaning Products,WH-002,B,462,101.0,4.58,4892.58,0.0,5553.24,582.2170199999999,False,False,False,Slow-Mover (>90d)
20251001,2025-10,2025,10,PRD-00050,Fabric Softener 1.5L,Cleaning Products,WH-003,B,37,8.0,4.61,368.15,0.0,441.04,60.744749999999996,False,False,False,Critical (<14d)
20251101,2025-11,2025,11,PRD-00001,Premium Kitchen Roll 6-Pack,Household Essentials,WH-002,C,129,28.2,4.58,638.55,0.0,761.1,102.80655,False,False,False,Low (14-30d)
20251101,2025-11,2025,11,PRD-00002,Aluminium Foil 30m Roll,Household Essentials,WH-003,C,0,0.0,6.96,0.0,0.0,0.0,0.0,True,False,False,Stock-Out
20251101,2025-11,2025,11,PRD-00003,Cling Film 100m,Household Essentials,WH-002,C,329,67.9,4.85,1444.31,0.0,1832.5300000000002,304.74941,False,False,False,Excess (60-90d)
20251101,2025-11,2025,11,PRD-00004,Bin Bags 40L 50-Pack,Household Essentials,WH-002,B,476,103.2,4.61,5921.44,0.0,6968.64,888.2159999999999,False,False,False,Slow-Mover (>90d)
20251101,2025-11,2025,11,PRD-00005,Washing Up Liquid 500ml,Household Essentials,WH-002,C,137,36.0,3.81,768.57,0.0,971.3299999999999,160.63112999999998,False,False,False,Healthy (30-60d)
20251101,2025-11,2025,11,PRD-00006,Dishwasher Tablets 60-Pack,Household Essentials,WH-001,C,260,90.5,2.87,2012.4,13.157999999999902,2444.0,354.18240000000003,False,True,False,Slow-Mover (>90d)
20251101,2025-11,2025,11,PRD-00007,Kitchen Cleaner Spray 750ml,Household Essentials,WH-002,B,575,113.0,5.09,6003.0,0.0,7624.5,1272.636,False,False,False,Slow-Mover (>90d)
20251101,2025-11,2025,11,PRD-00008,Toilet Cleaner 750ml,Household Essentials,WH-002,C,121,19.6,6.16,453.75,0.0,529.98,64.88625,False,False,False,Low (14-30d)
20251101,2025-11,2025,11,PRD-00009,Bathroom Cleaner 500ml,Household Essentials,WH-003,C,202,46.1,4.38,975.66,0.0,1244.32,211.71822,False,False,False,Healthy (30-60d)
20251101,2025-11,2025,11,PRD-00010,Multi-Surface Wipes 80-Pack,Household Essentials,WH-003,C,0,0.0,8.36,0.0,0.0,0.0,0.0,True,False,False,Stock-Out
20251101,2025-11,2025,11,PRD-00011,Sponge Scourers 10-Pack,Household Essentials,WH-001,B,0,0.0,4.18,0.0,0.0,0.0,0.0,True,False,False,Stock-Out
20251101,2025-11,2025,11,PRD-00012,Paper Towels 12-Roll,Household Essentials,WH-001,C,0,0.0,2.77,0.0,0.0,0.0,0.0,True,False,False,Stock-Out
20251101,2025-11,2025,11,PRD-00013,Rubber Gloves Medium Pair,Household Essentials,WH-001,B,0,0.0,5.92,0.0,0.0,0.0,0.0,True,False,False,Stock-Out
20251101,2025-11,2025,11,PRD-00014,Oven Cleaner 300ml,Household Essentials,WH-003,C,216,75.9,2.85,1611.36,0.0,2049.84,344.8310399999999,False,False,False,Excess (60-90d)
20251101,2025-11,2025,11,PRD-00015,Drain Unblocker 500ml,Household Essentials,WH-001,C,568,60.2,9.44,1391.6,0.0,1624.48,201.78199999999998,False,False,False,Excess (60-90d)
20251101,2025-11,2025,11,PRD-00016,Moisturising Hand Cream 100ml,Personal Care,WH-003,C,22,5.6,3.94,92.84,0.0,150.7,35.65056,False,False,False,Critical (<14d)
20251101,2025-11,2025,11,PRD-00017,Daily Shampoo 400ml,Personal Care,WH-002,A,0,0.0,6.31,0.0,0.0,0.0,0.0,True,False,False,Stock-Out
20251101,2025-11,2025,11,PRD-00018,Conditioner 400ml,Personal Care,WH-003,A,228,40.4,5.64,3679.92,0.0,4911.12,919.98,False,False,False,Healthy (30-60d)
20251101,2025-11,2025,11,PRD-00019,Body Lotion 250ml,Personal Care,WH-001,C,0,0.0,6.82,0.0,0.0,0.0,0.0,True,False,False,Stock-Out
20251101,2025-11,2025,11,PRD-00020,Shower Gel 500ml,Personal Care,WH-003,B,0,0.0,5.72,0.0,0.0,0.0,0.0,True,False,False,Stock-Out
20251101,2025-11,2025,11,PRD-00021,Deodorant Roll-On 50ml,Personal Care,WH-003,B,386,90.4,4.27,3844.56,0.0,6098.8,1422.4872,False,False,False,Slow-Mover (>90d)
20251101,2025-11,2025,11,PRD-00022,Facial Cleanser 150ml,Personal Care,WH-003,C,248,44.5,5.58,659.68,0.0,1200.32,296.19631999999996,False,False,False,Healthy (30-60d)
20251101,2025-11,2025,11,PRD-00023,Lip Balm SPF15,Personal Care,WH-002,C,7,1.9,3.61,29.68,0.0,52.29,12.821760000000001,False,False,False,Critical (<14d)
20251101,2025-11,2025,11,PRD-00024,Hand Sanitiser 500ml,Personal Care,WH-001,C,565,198.4,2.85,3446.5,1881.8500000000001,5356.2,1230.4005,False,True,False,Slow-Mover (>90d)
20251101,2025-11,2025,11,PRD-00025,Toothpaste Whitening 100ml,Personal Care,WH-002,B,103,19.2,5.36,850.78,0.0,1296.77,292.66832,False,False,False,Low (14-30d)
20251101,2025-11,2025,11,PRD-00026,Mouthwash Fresh Mint 500ml,Personal Care,WH-002,B,89,21.6,4.11,1064.44,0.0,1460.49,288.46324000000004,False,False,False,Low (14-30d)
20251101,2025-11,2025,11,PRD-00027,Cotton Buds 200-Pack,Personal Care,WH-002,A,309,47.2,6.54,3442.26,0.0,5738.13,1376.9040000000002,False,False,False,Healthy (30-60d)
20251101,2025-11,2025,11,PRD-00028,Premium Ground Coffee 250g,Food and Beverage,WH-002,B,144,22.4,6.44,1114.56,0.0,1509.1200000000001,290.90015999999997,False,False,False,Low (14-30d)
20251101,2025-11,2025,11,PRD-00029,English Breakfast Tea 80-Pack,Food and Beverage,WH-001,C,353,58.6,6.03,1306.1,0.0,1581.44,228.5675,False,False,False,Healthy (30-60d)
20251101,2025-11,2025,11,PRD-00030,Instant Hot Chocolate 400g,Food and Beverage,WH-001,B,403,60.5,6.66,2945.93,0.0,4082.3900000000003,818.96854,False,False,False,Excess (60-90d)
20251101,2025-11,2025,11,PRD-00031,Organic Honey 340g,Food and Beverage,WH-001,C,0,0.0,3.47,0.0,0.0,0.0,0.0,True,False,False,Stock-Out
20251101,2025-11,2025,11,PRD-00032,Extra Virgin Olive Oil 500ml,Food and Beverage,WH-003,C,596,46.6,12.8,953.6,0.0,1257.56,228.864,False,False,False,Healthy (30-60d)
20251101,2025-11,2025,11,PRD-00033,Apple Cider Vinegar 500ml,Food and Beverage,WH-002,B,375,62.3,6.02,3187.5,0.0,4203.75,771.375,False,False,False,Excess (60-90d)
20251101,2025-11,2025,11,PRD-00034,Protein Granola 500g,Food and Beverage,WH-003,C,102,13.7,7.44,263.16,0.0,370.26,76.3164,False,False,False,Critical (<14d)
20251101,2025-11,2025,11,PRD-00035,Mixed Nuts 200g,Food and Beverage,WH-001,B,528,88.3,5.98,4678.08,0.0,5961.12,1005.7872,False,False,False,Excess (60-90d)
20251101,2025-11,2025,11,PRD-00036,Herbal Tea Variety 40-Pack,Food and Beverage,WH-003,C,115,35.1,3.28,715.3,0.0,947.6,175.96380000000002,False,False,False,Healthy (30-60d)
20251101,2025-11,2025,11,PRD-00037,Sparkling Water 12x500ml,Food and Beverage,WH-001,C,145,41.7,3.47,878.7,0.0,1126.6499999999999,193.31400000000002,False,False,False,Healthy (30-60d)
20251101,2025-11,2025,11,PRD-00038,Luxury Bath Gift Set,Seasonal and Gifting,WH-002,A,466,128.6,3.62,8826.04,0.0,15620.320000000002,3839.3274000000006,False,False,False,Slow-Mover (>90d)
20251101,2025-11,2025,11,PRD-00039,Premium Scented Candle Set,Seasonal and Gifting,WH-002,A,54,19.1,2.82,1484.46,0.0,2323.62,535.8900600000001,False,False,False,Low (14-30d)
20251101,2025-11,2025,11,PRD-00040,Artisan Chocolate Selection Box,Seasonal and Gifting,WH-001,B,343,69.8,4.92,2181.48,0.0,4709.39,1171.45476,False,False,False,Excess (60-90d)
20251101,2025-11,2025,11,PRD-00041,Spa Pamper Set,Seasonal and Gifting,WH-002,A,437,121.5,3.6,7879.11,0.0,14761.86,3671.66526,False,False,False,Slow-Mover (>90d)
20251101,2025-11,2025,11,PRD-00042,Aromatherapy Diffuser Kit,Seasonal and Gifting,WH-002,A,93,32.9,2.82,1891.62,0.0,4001.79,996.88374,False,False,False,Healthy (30-60d)
20251101,2025-11,2025,11,PRD-00043,Premium Notebook and Pen Set,Seasonal and Gifting,WH-003,A,827,116.9,7.07,8270.0,0.0,14207.86,3456.86,False,False,False,Slow-Mover (>90d)
20251101,2025-11,2025,11,PRD-00044,Personalised Mug Gift Box,Seasonal and Gifting,WH-001,A,104,38.1,2.73,2835.04,0.0,4626.96,1097.16048,False,False,False,Healthy (30-60d)
20251101,2025-11,2025,11,PRD-00045,Festive Reed Diffuser,Seasonal and Gifting,WH-001,A,0,0.0,3.3,0.0,0.0,0.0,0.0,True,False,False,Stock-Out
20251101,2025-11,2025,11,PRD-00046,Professional Floor Cleaner 5L,Cleaning Products,WH-001,C,361,105.6,3.42,2371.77,349.5239999999999,2851.9,398.45736000000005,False,True,False,Slow-Mover (>90d)
20251101,2025-11,2025,11,PRD-00047,Industrial Degreaser 2L,Cleaning Products,WH-001,C,1171,181.7,6.44,4274.15,2158.6099999999997,4906.490000000001,551.3653499999999,False,True,False,Slow-Mover (>90d)
20251101,2025-11,2025,11,PRD-00048,Antibacterial Surface Spray 1L,Cleaning Products,WH-003,C,0,0.0,4.86,0.0,0.0,0.0,0.0,True,False,False,Stock-Out
20251101,2025-11,2025,11,PRD-00049,Laundry Detergent 2.5kg,Cleaning Products,WH-001,B,12,2.1,5.62,127.08,0.0,144.24,15.12252,False,False,False,Critical (<14d)
20251101,2025-11,2025,11,PRD-00050,Fabric Softener 1.5L,Cleaning Products,WH-002,B,201,35.5,5.66,1999.95,0.0,2395.92,329.99175,False,False,False,Healthy (30-60d)
20251201,2025-12,2025,12,PRD-00001,Premium Kitchen Roll 6-Pack,Household Essentials,WH-001,C,116,22.8,5.08,574.2,0.0,684.4000000000001,92.4462,False,False,False,Low (14-30d)
20251201,2025-12,2025,12,PRD-00002,Aluminium Foil 30m Roll,Household Essentials,WH-002,C,125,16.2,7.73,403.75,0.0,485.0,67.83,False,False,False,Low (14-30d)
20251201,2025-12,2025,12,PRD-00003,Cling Film 100m,Household Essentials,WH-001,C,85,15.8,5.39,373.15,0.0,473.45000000000005,78.73465,False,False,False,Low (14-30d)
20251201,2025-12,2025,12,PRD-00004,Bin Bags 40L 50-Pack,Household Essentials,WH-001,B,15,2.9,5.12,186.6,0.0,219.60000000000002,27.99,False,False,False,Critical (<14d)
20251201,2025-12,2025,12,PRD-00005,Washing Up Liquid 500ml,Household Essentials,WH-001,C,0,0.0,4.23,0.0,0.0,0.0,0.0,True,False,False,Stock-Out
20251201,2025-12,2025,12,PRD-00006,Dishwasher Tablets 60-Pack,Household Essentials,WH-003,C,0,0.0,3.19,0.0,0.0,0.0,0.0,True,False,False,Stock-Out
20251201,2025-12,2025,12,PRD-00007,Kitchen Cleaner Spray 750ml,Household Essentials,WH-002,B,229,40.5,5.66,2390.76,0.0,3036.54,506.84112,False,False,False,Healthy (30-60d)
20251201,2025-12,2025,12,PRD-00008,Toilet Cleaner 750ml,Household Essentials,WH-002,C,294,42.9,6.85,1102.5,0.0,1287.72,157.6575,False,False,False,Healthy (30-60d)
20251201,2025-12,2025,12,PRD-00009,Bathroom Cleaner 500ml,Household Essentials,WH-001,C,413,84.8,4.87,1994.79,0.0,2544.08,432.86942999999997,False,False,False,Excess (60-90d)
20251201,2025-12,2025,12,PRD-00010,Multi-Surface Wipes 80-Pack,Household Essentials,WH-003,C,234,25.2,9.29,629.46,0.0,755.82,105.11982,False,False,False,Low (14-30d)
20251201,2025-12,2025,12,PRD-00011,Sponge Scourers 10-Pack,Household Essentials,WH-003,B,0,0.0,4.65,0.0,0.0,0.0,0.0,True,False,False,Stock-Out
20251201,2025-12,2025,12,PRD-00012,Paper Towels 12-Roll,Household Essentials,WH-003,C,51,16.6,3.08,424.32,0.0,496.74,61.950720000000004,False,False,False,Low (14-30d)
20251201,2025-12,2025,12,PRD-00013,Rubber Gloves Medium Pair,Household Essentials,WH-002,B,78,11.9,6.58,738.66,0.0,889.2,124.83353999999997,False,False,False,Critical (<14d)
20251201,2025-12,2025,12,PRD-00014,Oven Cleaner 300ml,Household Essentials,WH-002,C,0,0.0,3.16,0.0,0.0,0.0,0.0,True,False,False,Stock-Out
20251201,2025-12,2025,12,PRD-00015,Drain Unblocker 500ml,Household Essentials,WH-003,C,824,78.6,10.49,2018.8,0.0,2356.64,292.726,False,False,False,Excess (60-90d)
20251201,2025-12,2025,12,PRD-00016,Moisturising Hand Cream 100ml,Personal Care,WH-002,C,443,101.2,4.38,1869.46,205.93600000000015,3034.5499999999997,717.8726399999999,False,True,False,Slow-Mover (>90d)
20251201,2025-12,2025,12,PRD-00017,Daily Shampoo 400ml,Personal Care,WH-002,A,0,0.0,7.02,0.0,0.0,0.0,0.0,True,False,False,Stock-Out
20251201,2025-12,2025,12,PRD-00018,Conditioner 400ml,Personal Care,WH-001,A,0,0.0,6.27,0.0,0.0,0.0,0.0,True,False,False,Stock-Out
20251201,2025-12,2025,12,PRD-00019,Body Lotion 250ml,Personal Care,WH-003,C,777,102.6,7.58,1903.65,232.25999999999976,3076.92,723.387,False,True,False,Slow-Mover (>90d)
20251201,2025-12,2025,12,PRD-00020,Shower Gel 500ml,Personal Care,WH-003,B,622,97.9,6.36,4957.34,0.0,7339.6,1606.17816,False,False,False,Slow-Mover (>90d)
20251201,2025-12,2025,12,PRD-00021,Deodorant Roll-On 50ml,Personal Care,WH-002,B,338,71.2,4.75,3366.48,0.0,5340.400000000001,1245.5976,False,False,False,Excess (60-90d)
20251201,2025-12,2025,12,PRD-00022,Facial Cleanser 150ml,Personal Care,WH-003,C,46,7.4,6.2,122.36,0.0,222.64,54.93964,False,False,False,Critical (<14d)
20251201,2025-12,2025,12,PRD-00023,Lip Balm SPF15,Personal Care,WH-001,C,247,61.5,4.02,1047.28,0.0,1845.09,452.42496,False,False,False,Excess (60-90d)
20251201,2025-12,2025,12,PRD-00024,Hand Sanitiser 500ml,Personal Care,WH-002,C,278,87.8,3.16,1695.8,0.0,2635.44,605.4006,False,False,False,Excess (60-90d)
20251201,2025-12,2025,12,PRD-00025,Toothpaste Whitening 100ml,Personal Care,WH-002,B,241,40.5,5.96,1990.66,0.0,3034.19,684.7870399999999,False,False,False,Healthy (30-60d)
20251201,2025-12,2025,12,PRD-00026,Mouthwash Fresh Mint 500ml,Personal Care,WH-003,B,59,12.9,4.57,705.64,0.0,968.19,191.22844,False,False,False,Critical (<14d)
20251201,2025-12,2025,12,PRD-00027,Cotton Buds 200-Pack,Personal Care,WH-002,A,190,26.1,7.27,2116.6,0.0,3528.3,846.64,False,False,False,Low (14-30d)
20251201,2025-12,2025,12,PRD-00028,Premium Ground Coffee 250g,Food and Beverage,WH-001,B,489,68.3,7.16,3784.86,0.0,5124.72,987.84846,False,False,False,Excess (60-90d)
20251201,2025-12,2025,12,PRD-00029,English Breakfast Tea 80-Pack,Food and Beverage,WH-003,C,0,0.0,6.7,0.0,0.0,0.0,0.0,True,False,False,Stock-Out
20251201,2025-12,2025,12,PRD-00030,Instant Hot Chocolate 400g,Food and Beverage,WH-003,B,153,20.7,7.4,1118.43,0.0,1549.89,310.92354,False,False,False,Low (14-30d)
20251201,2025-12,2025,12,PRD-00031,Organic Honey 340g,Food and Beverage,WH-002,C,58,15.0,3.86,317.84,0.0,450.65999999999997,93.76279999999998,False,False,False,Low (14-30d)
20251201,2025-12,2025,12,PRD-00032,Extra Virgin Olive Oil 500ml,Food and Beverage,WH-001,C,324,22.8,14.22,518.4,0.0,683.64,124.41599999999998,False,False,False,Low (14-30d)
20251201,2025-12,2025,12,PRD-00033,Apple Cider Vinegar 500ml,Food and Beverage,WH-001,B,357,53.4,6.69,3034.5,0.0,4001.9700000000003,734.3489999999999,False,False,False,Healthy (30-60d)
20251201,2025-12,2025,12,PRD-00034,Protein Granola 500g,Food and Beverage,WH-003,C,482,58.3,8.26,1243.56,0.0,1749.6599999999999,360.63239999999996,False,False,False,Healthy (30-60d)
20251201,2025-12,2025,12,PRD-00035,Mixed Nuts 200g,Food and Beverage,WH-002,B,231,34.8,6.64,2046.66,0.0,2607.99,440.0319,False,False,False,Healthy (30-60d)
20251201,2025-12,2025,12,PRD-00036,Herbal Tea Variety 40-Pack,Food and Beverage,WH-002,C,220,60.4,3.64,1368.4,0.0,1812.8,336.62640000000005,False,False,False,Excess (60-90d)
20251201,2025-12,2025,12,PRD-00037,Sparkling Water 12x500ml,Food and Beverage,WH-002,C,355,91.9,3.86,2151.3,46.056000000000495,2758.35,473.28600000000006,False,True,False,Slow-Mover (>90d)
20251201,2025-12,2025,12,PRD-00038,Luxury Bath Gift Set,Seasonal and Gifting,WH-003,A,644,159.9,4.03,12197.36,0.0,21586.88,5305.8516,False,False,False,Slow-Mover (>90d)
20251201,2025-12,2025,12,PRD-00039,Premium Scented Candle Set,Seasonal and Gifting,WH-001,A,137,43.7,3.14,3766.13,0.0,5895.110000000001,1359.57293,False,False,False,Healthy (30-60d)
20251201,2025-12,2025,12,PRD-00040,Artisan Chocolate Selection Box,Seasonal and Gifting,WH-003,B,350,64.1,5.46,2226.0,0.0,4805.5,1195.362,False,False,False,Excess (60-90d)
20251201,2025-12,2025,12,PRD-00041,Spa Pamper Set,Seasonal and Gifting,WH-003,A,0,0.0,4.0,0.0,0.0,0.0,0.0,True,False,False,Stock-Out
20251201,2025-12,2025,12,PRD-00042,Aromatherapy Diffuser Kit,Seasonal and Gifting,WH-001,A,132,42.1,3.14,2684.88,0.0,5679.96,1414.9317600000002,False,False,False,Healthy (30-60d)
20251201,2025-12,2025,12,PRD-00043,Premium Notebook and Pen Set,Seasonal and Gifting,WH-001,A,391,49.8,7.86,3910.0,0.0,6717.38,1634.38,False,False,False,Healthy (30-60d)
20251201,2025-12,2025,12,PRD-00044,Personalised Mug Gift Box,Seasonal and Gifting,WH-001,A,0,8.6,3.03,0.0,0.0,0.0,0.0,True,False,True,Critical (<14d)
20251201,2025-12,2025,12,PRD-00045,Festive Reed Diffuser,Seasonal and Gifting,WH-003,A,0,0.0,3.66,0.0,0.0,0.0,0.0,True,False,False,Stock-Out
20251201,2025-12,2025,12,PRD-00046,Professional Floor Cleaner 5L,Cleaning Products,WH-002,C,178,46.9,3.8,1169.46,0.0,1406.2,196.46928,False,False,False,Healthy (30-60d)
20251201,2025-12,2025,12,PRD-00047,Industrial Degreaser 2L,Cleaning Products,WH-003,C,147,20.5,7.16,536.55,0.0,615.9300000000001,69.21495,False,False,False,Low (14-30d)
20251201,2025-12,2025,12,PRD-00048,Antibacterial Surface Spray 1L,Cleaning Products,WH-003,C,59,10.9,5.41,287.33,0.0,327.45,35.341590000000004,False,False,False,Critical (<14d)
20251201,2025-12,2025,12,PRD-00049,Laundry Detergent 2.5kg,Cleaning Products,WH-003,B,595,95.4,6.24,6301.05,0.0,7151.9,749.8249500000001,False,False,False,Slow-Mover (>90d)
20251201,2025-12,2025,12,PRD-00050,Fabric Softener 1.5L,Cleaning Products,WH-003,B,0,0.0,6.29,0.0,0.0,0.0,0.0,True,False,False,Stock-Out
