order_id,DateKey,YearMonth,Year,MonthNumber,product_id,supplier_id,supplier_name,warehouse_id,category_name,abc_class,region,country_of_origin,quantity_ordered,unit_cost_gbp,total_cost_gbp,lead_time_days,transport_mode,weight_kg_total,is_urgent_order,order_status,lead_time_performance
PO-000001,20240121,2024-01,2024,1,PRD-00001,SUP-006,MedTrade SRL,WH-001,Household Essentials,B,EUROPEAN,Italy,288,4.99,1437.12,12,ROAD,705.31,False,DELIVERED,On Time
PO-000002,20240309,2024-03,2024,3,PRD-00001,SUP-006,MedTrade SRL,WH-002,Household Essentials,B,EUROPEAN,Italy,342,5.03,1720.26,15,ROAD,837.56,False,DELIVERED,Slightly Late (<5d)
PO-000003,20240423,2024-04,2024,4,PRD-00001,SUP-006,MedTrade SRL,WH-002,Household Essentials,B,EUROPEAN,Italy,360,5.11,1839.6,13,ROAD,881.64,False,DELIVERED,Slightly Late (<5d)
PO-000004,20240611,2024-06,2024,6,PRD-00001,SUP-006,MedTrade SRL,WH-001,Household Essentials,B,EUROPEAN,Italy,402,4.94,1985.88,12,ROAD,984.5,False,DELIVERED,On Time
PO-000005,20240730,2024-07,2024,7,PRD-00001,SUP-006,MedTrade SRL,WH-003,Household Essentials,B,EUROPEAN,Italy,420,4.94,2074.8,13,ROAD,1028.58,False,DELIVERED,Slightly Late (<5d)
PO-000006,20240913,2024-09,2024,9,PRD-00001,SUP-006,MedTrade SRL,WH-003,Household Essentials,B,EUROPEAN,Italy,384,5.07,1946.88,10,ROAD,940.42,False,DELIVERED,On Time
PO-000007,20241024,2024-10,2024,10,PRD-00001,SUP-006,MedTrade SRL,WH-001,Household Essentials,B,EUROPEAN,Italy,420,5.06,2125.2,13,ROAD,1028.58,False,DELIVERED,Slightly Late (<5d)
PO-000008,20241213,2024-12,2024,12,PRD-00001,SUP-006,MedTrade SRL,WH-003,Household Essentials,B,EUROPEAN,Italy,570,4.84,2758.8,15,ROAD,1395.93,False,DELIVERED,Slightly Late (<5d)
PO-000009,20250130,2025-01,2025,1,PRD-00001,SUP-006,MedTrade SRL,WH-002,Household Essentials,B,EUROPEAN,Italy,288,4.91,1414.08,14,ROAD,705.31,False,DELIVERED,Slightly Late (<5d)
PO-000010,20250321,2025-03,2025,3,PRD-00001,SUP-006,MedTrade SRL,WH-001,Household Essentials,B,EUROPEAN,Italy,342,5.02,1716.84,13,ROAD,837.56,False,DELIVERED,Slightly Late (<5d)
PO-000011,20250510,2025-05,2025,5,PRD-00001,SUP-006,MedTrade SRL,WH-001,Household Essentials,B,EUROPEAN,Italy,384,4.87,1870.08,11,ROAD,940.42,False,DELIVERED,On Time
PO-000012,20250621,2025-06,2025,6,PRD-00001,SUP-006,MedTrade SRL,WH-002,Household Essentials,B,EUROPEAN,Italy,402,4.93,1981.86,13,ROAD,984.5,False,DELIVERED,Slightly Late (<5d)
PO-000013,20250804,2025-08,2025,8,PRD-00001,SUP-006,MedTrade SRL,WH-001,Household Essentials,B,EUROPEAN,Italy,402,5.0,2010.0,12,ROAD,984.5,False,DELIVERED,On Time
PO-000014,20250919,2025-09,2025,9,PRD-00001,SUP-006,MedTrade SRL,WH-001,Household Essentials,B,EUROPEAN,Italy,384,5.01,1923.84,12,ROAD,940.42,False,DELIVERED,On Time
PO-000015,20251102,2025-11,2025,11,PRD-00001,SUP-006,MedTrade SRL,WH-002,Household Essentials,B,EUROPEAN,Italy,516,4.9,2528.4,14,ROAD,1263.68,False,DELIVERED,Slightly Late (<5d)
PO-000016,20251219,2025-12,2025,12,PRD-00001,SUP-006,MedTrade SRL,WH-002,Household Essentials,B,EUROPEAN,Italy,570,4.99,2844.3,12,ROAD,1395.93,False,IN_TRANSIT,On Time
PO-000017,20240104,2024-01,2024,1,PRD-00002,SUP-006,MedTrade SRL,WH-002,Household Essentials,C,EUROPEAN,Italy,240,3.25,780.0,13,ROAD,593.52,False,DELIVERED,Slightly Late (<5d)
PO-000018,20240229,2024-02,2024,2,PRD-00002,SUP-006,MedTrade SRL,WH-001,Household Essentials,C,EUROPEAN,Italy,240,3.34,801.6,16,ROAD,593.52,False,DELIVERED,Slightly Late (<5d)
PO-000019,20240425,2024-04,2024,4,PRD-00002,SUP-006,MedTrade SRL,WH-002,Household Essentials,C,EUROPEAN,Italy,288,3.24,933.12,10,ROAD,712.22,False,DELIVERED,On Time
PO-000020,20240627,2024-06,2024,6,PRD-00002,SUP-006,MedTrade SRL,WH-001,Household Essentials,C,EUROPEAN,Italy,336,3.17,1065.12,12,ROAD,830.93,False,DELIVERED,On Time
PO-000021,20240826,2024-08,2024,8,PRD-00002,SUP-006,MedTrade SRL,WH-003,Household Essentials,C,EUROPEAN,Italy,336,3.1,1041.6,10,ROAD,830.93,False,DELIVERED,On Time
PO-000022,20241030,2024-10,2024,10,PRD-00002,SUP-006,MedTrade SRL,WH-001,Household Essentials,C,EUROPEAN,Italy,336,3.21,1078.56,12,ROAD,830.93,False,DELIVERED,On Time
PO-000023,20241225,2024-12,2024,12,PRD-00002,SUP-006,MedTrade SRL,WH-003,Household Essentials,C,EUROPEAN,Italy,456,3.22,1468.32,13,ROAD,1127.69,False,DELIVERED,Slightly Late (<5d)
PO-000024,20250227,2025-02,2025,2,PRD-00002,SUP-006,MedTrade SRL,WH-002,Household Essentials,C,EUROPEAN,Italy,240,3.31,794.4,14,ROAD,593.52,False,DELIVERED,Slightly Late (<5d)
PO-000025,20250502,2025-05,2025,5,PRD-00002,SUP-006,MedTrade SRL,WH-001,Household Essentials,C,EUROPEAN,Italy,312,3.2,998.4,11,ROAD,771.58,False,DELIVERED,On Time
PO-000026,20250627,2025-06,2025,6,PRD-00002,SUP-006,MedTrade SRL,WH-002,Household Essentials,C,EUROPEAN,Italy,336,3.18,1068.48,15,ROAD,830.93,False,DELIVERED,Slightly Late (<5d)
PO-000027,20250823,2025-08,2025,8,PRD-00002,SUP-006,MedTrade SRL,WH-002,Household Essentials,C,EUROPEAN,Italy,336,3.36,1128.96,16,ROAD,830.93,False,DELIVERED,Slightly Late (<5d)
PO-000028,20251019,2025-10,2025,10,PRD-00002,SUP-006,MedTrade SRL,WH-003,Household Essentials,C,EUROPEAN,Italy,336,3.24,1088.64,12,ROAD,830.93,False,DELIVERED,On Time
PO-000029,20251218,2025-12,2025,12,PRD-00002,SUP-006,MedTrade SRL,WH-002,Household Essentials,C,EUROPEAN,Italy,456,3.15,1436.4,13,ROAD,1127.69,False,DELIVERED,Slightly Late (<5d)
PO-000030,20240106,2024-01,2024,1,PRD-00003,SUP-006,MedTrade SRL,WH-001,Household Essentials,B,EUROPEAN,Italy,300,4.21,1263.0,17,ROAD,458.4,False,DELIVERED,Slightly Late (<5d)
PO-000031,20240221,2024-02,2024,2,PRD-00003,SUP-006,MedTrade SRL,WH-002,Household Essentials,B,EUROPEAN,Italy,300,4.36,1308.0,12,ROAD,458.4,False,DELIVERED,On Time
PO-000032,20240401,2024-04,2024,4,PRD-00003,SUP-006,MedTrade SRL,WH-001,Household Essentials,B,EUROPEAN,Italy,400,4.53,1812.0,22,ROAD,611.2,False,DELIVERED,Late (>5d)
PO-000033,20240515,2024-05,2024,5,PRD-00003,SUP-006,MedTrade SRL,WH-003,Household Essentials,B,EUROPEAN,Italy,400,4.34,1736.0,14,ROAD,611.2,False,DELIVERED,Slightly Late (<5d)
PO-000034,20240629,2024-06,2024,6,PRD-00003,SUP-006,MedTrade SRL,WH-003,Household Essentials,B,EUROPEAN,Italy,400,4.52,1808.0,17,ROAD,611.2,False,DELIVERED,Slightly Late (<5d)
PO-000035,20240818,2024-08,2024,8,PRD-00003,SUP-006,MedTrade SRL,WH-001,Household Essentials,B,EUROPEAN,Italy,400,4.28,1712.0,10,ROAD,611.2,False,DELIVERED,On Time
PO-000036,20241003,2024-10,2024,10,PRD-00003,SUP-006,MedTrade SRL,WH-003,Household Essentials,B,EUROPEAN,Italy,400,4.3,1720.0,14,ROAD,611.2,False,DELIVERED,Slightly Late (<5d)
PO-000037,20241119,2024-11,2024,11,PRD-00003,SUP-006,MedTrade SRL,WH-003,Household Essentials,B,EUROPEAN,Italy,500,4.43,2215.0,14,ROAD,764.0,False,DELIVERED,Slightly Late (<5d)
PO-000038,20250103,2025-01,2025,1,PRD-00003,SUP-006,MedTrade SRL,WH-002,Household Essentials,B,EUROPEAN,Italy,300,4.23,1269.0,11,ROAD,458.4,False,DELIVERED,On Time
PO-000039,20250216,2025-02,2025,2,PRD-00003,SUP-006,MedTrade SRL,WH-001,Household Essentials,B,EUROPEAN,Italy,300,4.5,1350.0,12,ROAD,458.4,False,DELIVERED,On Time
PO-000040,20250403,2025-04,2025,4,PRD-00003,SUP-006,MedTrade SRL,WH-003,Household Essentials,B,EUROPEAN,Italy,400,4.5,1800.0,13,ROAD,611.2,False,DELIVERED,Slightly Late (<5d)
PO-000041,20250518,2025-05,2025,5,PRD-00003,SUP-006,MedTrade SRL,WH-002,Household Essentials,B,EUROPEAN,Italy,400,4.46,1784.0,12,ROAD,611.2,False,DELIVERED,On Time
PO-000042,20250703,2025-07,2025,7,PRD-00003,SUP-006,MedTrade SRL,WH-003,Household Essentials,B,EUROPEAN,Italy,400,4.36,1744.0,12,ROAD,611.2,False,DELIVERED,On Time
PO-000043,20250817,2025-08,2025,8,PRD-00003,SUP-006,MedTrade SRL,WH-003,Household Essentials,B,EUROPEAN,Italy,400,4.45,1780.0,10,ROAD,611.2,False,DELIVERED,On Time
PO-000044,20250927,2025-09,2025,9,PRD-00003,SUP-006,MedTrade SRL,WH-001,Household Essentials,B,EUROPEAN,Italy,400,4.37,1748.0,16,ROAD,611.2,False,DELIVERED,Slightly Late (<5d)
PO-000045,20251106,2025-11,2025,11,PRD-00003,SUP-006,MedTrade SRL,WH-003,Household Essentials,B,EUROPEAN,Italy,500,4.55,2275.0,10,ROAD,764.0,False,DELIVERED,On Time
PO-000046,20251226,2025-12,2025,12,PRD-00003,SUP-006,MedTrade SRL,WH-001,Household Essentials,B,EUROPEAN,Italy,600,4.41,2646.0,10,ROAD,916.8,False,IN_TRANSIT,On Time
PO-000047,20240119,2024-01,2024,1,PRD-00004,SUP-006,MedTrade SRL,WH-002,Household Essentials,A,EUROPEAN,Italy,100,12.46,1246.0,10,ROAD,117.4,False,DELIVERED,On Time
PO-000048,20240219,2024-02,2024,2,PRD-00004,SUP-006,MedTrade SRL,WH-003,Household Essentials,A,EUROPEAN,Italy,100,12.63,1263.0,12,ROAD,117.4,False,DELIVERED,On Time
PO-000049,20240318,2024-03,2024,3,PRD-00004,SUP-006,MedTrade SRL,WH-003,Household Essentials,A,EUROPEAN,Italy,200,12.09,2418.0,14,ROAD,234.8,False,DELIVERED,Slightly Late (<5d)
PO-000050,20240412,2024-04,2024,4,PRD-00004,SUP-006,MedTrade SRL,WH-003,Household Essentials,A,EUROPEAN,Italy,200,12.42,2484.0,14,ROAD,234.8,False,DELIVERED,Slightly Late (<5d)
PO-000051,20240515,2024-05,2024,5,PRD-00004,SUP-006,MedTrade SRL,WH-001,Household Essentials,A,EUROPEAN,Italy,200,12.25,2450.0,12,ROAD,234.8,False,DELIVERED,On Time
PO-000052,20240612,2024-06,2024,6,PRD-00004,SUP-006,MedTrade SRL,WH-002,Household Essentials,A,EUROPEAN,Italy,200,12.45,2490.0,19,,234.8,True,DELIVERED,Late (>5d)
PO-000053,20240711,2024-07,2024,7,PRD-00004,SUP-006,MedTrade SRL,WH-003,Household Essentials,A,EUROPEAN,Italy,200,12.14,2428.0,13,ROAD,234.8,False,DELIVERED,Slightly Late (<5d)
PO-000054,20240814,2024-08,2024,8,PRD-00004,SUP-006,MedTrade SRL,WH-003,Household Essentials,A,EUROPEAN,Italy,200,12.51,2502.0,13,ROAD,234.8,False,DELIVERED,Slightly Late (<5d)
PO-000055,20240908,2024-09,2024,9,PRD-00004,SUP-006,MedTrade SRL,WH-002,Household Essentials,A,EUROPEAN,Italy,200,12.39,2478.0,14,ROAD,234.8,False,DELIVERED,Slightly Late (<5d)
PO-000056,20241008,2024-10,2024,10,PRD-00004,SUP-006,MedTrade SRL,WH-001,Household Essentials,A,EUROPEAN,Italy,200,12.08,2416.0,15,ROAD,234.8,False,DELIVERED,Slightly Late (<5d)
PO-000057,20241112,2024-11,2024,11,PRD-00004,SUP-006,MedTrade SRL,WH-002,Household Essentials,A,EUROPEAN,Italy,200,12.65,2530.0,15,ROAD,234.8,False,DELIVERED,Slightly Late (<5d)
PO-000058,20241207,2024-12,2024,12,PRD-00004,SUP-006,MedTrade SRL,WH-001,Household Essentials,A,EUROPEAN,Italy,300,12.55,3765.0,13,ROAD,352.2,False,DELIVERED,Slightly Late (<5d)
PO-000059,20250107,2025-01,2025,1,PRD-00004,SUP-006,MedTrade SRL,WH-001,Household Essentials,A,EUROPEAN,Italy,100,12.65,1265.0,15,ROAD,117.4,False,DELIVERED,Slightly Late (<5d)
PO-000060,20250209,2025-02,2025,2,PRD-00004,SUP-006,MedTrade SRL,WH-001,Household Essentials,A,EUROPEAN,Italy,100,12.71,1271.0,10,ROAD,117.4,False,DELIVERED,On Time
PO-000061,20250311,2025-03,2025,3,PRD-00004,SUP-006,MedTrade SRL,WH-003,Household Essentials,A,EUROPEAN,Italy,200,12.73,2546.0,13,ROAD,234.8,False,DELIVERED,Slightly Late (<5d)
PO-000062,20250412,2025-04,2025,4,PRD-00004,SUP-006,MedTrade SRL,WH-002,Household Essentials,A,EUROPEAN,Italy,200,12.19,2438.0,13,ROAD,234.8,False,DELIVERED,Slightly Late (<5d)
PO-000063,20250510,2025-05,2025,5,PRD-00004,SUP-006,MedTrade SRL,WH-001,Household Essentials,A,EUROPEAN,Italy,200,12.55,2510.0,10,ROAD,234.8,False,DELIVERED,On Time
PO-000064,20250611,2025-06,2025,6,PRD-00004,SUP-006,MedTrade SRL,WH-003,Household Essentials,A,EUROPEAN,Italy,200,12.07,2414.0,15,ROAD,234.8,False,DELIVERED,Slightly Late (<5d)
PO-000065,20250712,2025-07,2025,7,PRD-00004,SUP-006,MedTrade SRL,WH-001,Household Essentials,A,EUROPEAN,Italy,200,12.7,2540.0,12,ROAD,234.8,False,DELIVERED,On Time
PO-000066,20250810,2025-08,2025,8,PRD-00004,SUP-006,MedTrade SRL,WH-001,Household Essentials,A,EUROPEAN,Italy,200,12.88,2576.0,12,ROAD,234.8,False,DELIVERED,On Time
PO-000067,20250905,2025-09,2025,9,PRD-00004,SUP-006,MedTrade SRL,WH-003,Household Essentials,A,EUROPEAN,Italy,200,12.74,2548.0,14,ROAD,234.8,False,DELIVERED,Slightly Late (<5d)
PO-000068,20251003,2025-10,2025,10,PRD-00004,SUP-006,MedTrade SRL,WH-002,Household Essentials,A,EUROPEAN,Italy,200,12.89,2578.0,11,ROAD,234.8,False,DELIVERED,On Time
PO-000069,20251106,2025-11,2025,11,PRD-00004,SUP-006,MedTrade SRL,WH-003,Household Essentials,A,EUROPEAN,Italy,200,12.66,2532.0,22,ROAD,234.8,False,DELIVERED,Late (>5d)
PO-000070,20251211,2025-12,2025,12,PRD-00004,SUP-006,MedTrade SRL,WH-001,Household Essentials,A,EUROPEAN,Italy,300,12.69,3807.0,12,ROAD,352.2,False,DELIVERED,On Time
PO-000071,20240105,2024-01,2024,1,PRD-00005,SUP-002,EuroFast GmbH,WH-003,Household Essentials,B,EUROPEAN,Germany,240,5.72,1372.8,10,ROAD,97.44,False,DELIVERED,On Time
PO-000072,20240218,2024-02,2024,2,PRD-00005,SUP-002,EuroFast GmbH,WH-003,Household Essentials,B,EUROPEAN,Germany,252,5.68,1431.36,9,ROAD,102.31,False,DELIVERED,On Time
PO-000073,20240401,2024-04,2024,4,PRD-00005,SUP-002,EuroFast GmbH,WH-002,Household Essentials,B,EUROPEAN,Germany,300,5.48,1644.0,7,ROAD,121.8,False,DELIVERED,Early (>5d)
PO-000074,20240519,2024-05,2024,5,PRD-00005,SUP-002,EuroFast GmbH,WH-002,Household Essentials,B,EUROPEAN,Germany,318,5.59,1777.62,8,ROAD,129.11,False,DELIVERED,On Time
PO-000075,20240701,2024-07,2024,7,PRD-00005,SUP-002,EuroFast GmbH,WH-003,Household Essentials,B,EUROPEAN,Germany,348,5.47,1903.56,8,ROAD,141.29,False,DELIVERED,On Time
PO-000076,20240820,2024-08,2024,8,PRD-00005,SUP-002,EuroFast GmbH,WH-002,Household Essentials,B,EUROPEAN,Germany,336,5.34,1794.24,10,ROAD,136.42,False,DELIVERED,On Time
PO-000077,20241007,2024-10,2024,10,PRD-00005,SUP-002,EuroFast GmbH,WH-001,Household Essentials,B,EUROPEAN,Germany,348,5.9,2053.2,7,ROAD,141.29,False,DELIVERED,Early (>5d)
PO-000078,20241118,2024-11,2024,11,PRD-00005,SUP-002,EuroFast GmbH,WH-001,Household Essentials,B,EUROPEAN,Germany,426,5.81,2475.06,8,ROAD,172.96,False,DELIVERED,On Time
PO-000079,20241228,2024-12,2024,12,PRD-00005,SUP-002,EuroFast GmbH,WH-003,Household Essentials,B,EUROPEAN,Germany,474,5.7,2701.8,8,ROAD,192.44,False,DELIVERED,On Time
PO-000080,20250216,2025-02,2025,2,PRD-00005,SUP-002,EuroFast GmbH,WH-001,Household Essentials,B,EUROPEAN,Germany,252,5.61,1413.72,8,ROAD,102.31,False,DELIVERED,On Time
PO-000081,20250402,2025-04,2025,4,PRD-00005,SUP-002,EuroFast GmbH,WH-001,Household Essentials,B,EUROPEAN,Germany,300,5.36,1608.0,7,ROAD,121.8,False,DELIVERED,Early (>5d)
PO-000082,20250521,2025-05,2025,5,PRD-00005,SUP-002,EuroFast GmbH,WH-001,Household Essentials,B,EUROPEAN,Germany,318,5.57,1771.26,7,ROAD,129.11,False,DELIVERED,Early (>5d)
PO-000083,20250705,2025-07,2025,7,PRD-00005,SUP-002,EuroFast GmbH,WH-002,Household Essentials,B,EUROPEAN,Germany,348,5.5,1914.0,7,ROAD,141.29,False,DELIVERED,Early (>5d)
PO-000084,20250818,2025-08,2025,8,PRD-00005,SUP-002,EuroFast GmbH,WH-002,Household Essentials,B,EUROPEAN,Germany,336,5.66,1901.76,7,ROAD,136.42,False,DELIVERED,Early (>5d)
PO-000085,20251004,2025-10,2025,10,PRD-00005,SUP-002,EuroFast GmbH,WH-003,Household Essentials,B,EUROPEAN,Germany,348,5.62,1955.76,8,ROAD,141.29,False,DELIVERED,On Time
PO-000086,20251121,2025-11,2025,11,PRD-00005,SUP-002,EuroFast GmbH,WH-003,Household Essentials,B,EUROPEAN,Germany,426,5.65,2406.9,8,ROAD,172.96,False,DELIVERED,On Time
PO-000087,20240130,2024-01,2024,1,PRD-00006,SUP-006,MedTrade SRL,WH-001,Household Essentials,B,EUROPEAN,Italy,180,7.94,1429.2,12,ROAD,198.0,False,DELIVERED,On Time
PO-000088,20240311,2024-03,2024,3,PRD-00006,SUP-006,MedTrade SRL,WH-002,Household Essentials,B,EUROPEAN,Italy,216,7.5,1620.0,11,ROAD,237.6,False,DELIVERED,On Time
PO-000089,20240430,2024-04,2024,4,PRD-00006,SUP-006,MedTrade SRL,WH-002,Household Essentials,B,EUROPEAN,Italy,228,7.93,1808.04,13,ROAD,250.8,False,DELIVERED,Slightly Late (<5d)
PO-000090,20240617,2024-06,2024,6,PRD-00006,SUP-006,MedTrade SRL,WH-003,Household Essentials,B,EUROPEAN,Italy,252,7.57,1907.64,11,ROAD,277.2,False,DELIVERED,On Time
PO-000091,20240806,2024-08,2024,8,PRD-00006,SUP-006,MedTrade SRL,WH-002,Household Essentials,B,EUROPEAN,Italy,252,7.81,1968.12,14,ROAD,277.2,False,DELIVERED,Slightly Late (<5d)
PO-000092,20240917,2024-09,2024,9,PRD-00006,SUP-006,MedTrade SRL,WH-001,Household Essentials,B,EUROPEAN,Italy,240,7.78,1867.2,10,ROAD,264.0,False,DELIVERED,On Time
PO-000093,20241101,2024-11,2024,11,PRD-00006,SUP-006,MedTrade SRL,WH-002,Household Essentials,B,EUROPEAN,Italy,324,7.91,2562.84,17,ROAD,356.4,False,DELIVERED,Slightly Late (<5d)
PO-000094,20241220,2024-12,2024,12,PRD-00006,SUP-006,MedTrade SRL,WH-002,Household Essentials,B,EUROPEAN,Italy,360,7.57,2725.2,13,ROAD,396.0,False,DELIVERED,Slightly Late (<5d)
PO-000095,20250207,2025-02,2025,2,PRD-00006,SUP-006,MedTrade SRL,WH-002,Household Essentials,B,EUROPEAN,Italy,192,7.69,1476.48,14,ROAD,211.2,False,DELIVERED,Slightly Late (<5d)
PO-000096,20250323,2025-03,2025,3,PRD-00006,SUP-006,MedTrade SRL,WH-002,Household Essentials,B,EUROPEAN,Italy,216,7.81,1686.96,15,ROAD,237.6,False,DELIVERED,Slightly Late (<5d)
PO-000097,20250506,2025-05,2025,5,PRD-00006,SUP-006,MedTrade SRL,WH-002,Household Essentials,B,EUROPEAN,Italy,240,7.83,1879.2,13,ROAD,264.0,False,DELIVERED,Slightly Late (<5d)
PO-000098,20250617,2025-06,2025,6,PRD-00006,SUP-006,MedTrade SRL,WH-001,Household Essentials,B,EUROPEAN,Italy,252,7.56,1905.12,11,ROAD,277.2,False,DELIVERED,On Time
PO-000099,20250801,2025-08,2025,8,PRD-00006,SUP-006,MedTrade SRL,WH-001,Household Essentials,B,EUROPEAN,Italy,252,7.8,1965.6,13,ROAD,277.2,False,DELIVERED,Slightly Late (<5d)
PO-000100,20250914,2025-09,2025,9,PRD-00006,SUP-006,MedTrade SRL,WH-003,Household Essentials,B,EUROPEAN,Italy,240,7.74,1857.6,12,ROAD,264.0,False,DELIVERED,On Time
PO-000101,20251030,2025-10,2025,10,PRD-00006,SUP-006,MedTrade SRL,WH-003,Household Essentials,B,EUROPEAN,Italy,264,7.94,2096.16,13,ROAD,290.4,False,DELIVERED,Slightly Late (<5d)
PO-000102,20251214,2025-12,2025,12,PRD-00006,SUP-006,MedTrade SRL,WH-001,Household Essentials,B,EUROPEAN,Italy,360,7.76,2793.6,11,ROAD,396.0,False,DELIVERED,On Time
PO-000103,20240125,2024-01,2024,1,PRD-00007,SUP-001,BritGoods Ltd,WH-003,Household Essentials,A,DOMESTIC,United Kingdom,200,10.39,2078.0,4,ROAD,73.4,False,DELIVERED,Early (>5d)
PO-000104,20240222,2024-02,2024,2,PRD-00007,SUP-001,BritGoods Ltd,WH-001,Household Essentials,A,DOMESTIC,United Kingdom,200,10.36,2072.0,5,ROAD,73.4,False,DELIVERED,Early (>5d)
PO-000105,20240324,2024-03,2024,3,PRD-00007,SUP-001,BritGoods Ltd,WH-002,Household Essentials,A,DOMESTIC,United Kingdom,200,10.31,2062.0,3,ROAD,73.4,False,DELIVERED,Early (>5d)
PO-000106,20240426,2024-04,2024,4,PRD-00007,SUP-001,BritGoods Ltd,WH-003,Household Essentials,A,DOMESTIC,United Kingdom,200,10.41,2082.0,6,,73.4,True,DELIVERED,Early (>5d)
PO-000107,20240530,2024-05,2024,5,PRD-00007,SUP-001,BritGoods Ltd,WH-002,Household Essentials,A,DOMESTIC,United Kingdom,200,10.44,2088.0,4,ROAD,73.4,False,DELIVERED,Early (>5d)
PO-000108,20240629,2024-06,2024,6,PRD-00007,SUP-001,BritGoods Ltd,WH-003,Household Essentials,A,DOMESTIC,United Kingdom,200,10.57,2114.0,8,ROAD,73.4,False,DELIVERED,On Time
PO-000109,20240728,2024-07,2024,7,PRD-00007,SUP-001,BritGoods Ltd,WH-002,Household Essentials,A,DOMESTIC,United Kingdom,200,10.28,2056.0,5,ROAD,73.4,False,DELIVERED,Early (>5d)
PO-000110,20240830,2024-08,2024,8,PRD-00007,SUP-001,BritGoods Ltd,WH-001,Household Essentials,A,DOMESTIC,United Kingdom,200,10.92,2184.0,4,ROAD,73.4,False,DELIVERED,Early (>5d)
PO-000111,20241002,2024-10,2024,10,PRD-00007,SUP-001,BritGoods Ltd,WH-001,Household Essentials,A,DOMESTIC,United Kingdom,200,10.72,2144.0,4,ROAD,73.4,False,DELIVERED,Early (>5d)
PO-000112,20241028,2024-10,2024,10,PRD-00007,SUP-001,BritGoods Ltd,WH-002,Household Essentials,A,DOMESTIC,United Kingdom,200,10.57,2114.0,4,ROAD,73.4,False,DELIVERED,Early (>5d)
PO-000113,20241125,2024-11,2024,11,PRD-00007,SUP-001,BritGoods Ltd,WH-003,Household Essentials,A,DOMESTIC,United Kingdom,300,10.59,3177.0,5,ROAD,110.1,False,DELIVERED,Early (>5d)
PO-000114,20241224,2024-12,2024,12,PRD-00007,SUP-001,BritGoods Ltd,WH-003,Household Essentials,A,DOMESTIC,United Kingdom,300,10.4,3120.0,3,ROAD,110.1,False,DELIVERED,Early (>5d)
PO-000115,20250126,2025-01,2025,1,PRD-00007,SUP-001,BritGoods Ltd,WH-001,Household Essentials,A,DOMESTIC,United Kingdom,200,10.44,2088.0,6,ROAD,73.4,False,DELIVERED,Early (>5d)
PO-000116,20250224,2025-02,2025,2,PRD-00007,SUP-001,BritGoods Ltd,WH-001,Household Essentials,A,DOMESTIC,United Kingdom,200,10.42,2084.0,5,ROAD,73.4,False,DELIVERED,Early (>5d)
PO-000117,20250329,2025-03,2025,3,PRD-00007,SUP-001,BritGoods Ltd,WH-002,Household Essentials,A,DOMESTIC,United Kingdom,200,10.27,2054.0,3,ROAD,73.4,False,DELIVERED,Early (>5d)
PO-000118,20250503,2025-05,2025,5,PRD-00007,SUP-001,BritGoods Ltd,WH-002,Household Essentials,A,DOMESTIC,United Kingdom,200,10.06,2012.0,3,ROAD,73.4,False,DELIVERED,Early (>5d)
PO-000119,20250602,2025-06,2025,6,PRD-00007,SUP-001,BritGoods Ltd,WH-002,Household Essentials,A,DOMESTIC,United Kingdom,200,10.29,2058.0,4,ROAD,73.4,False,DELIVERED,Early (>5d)
PO-000120,20250702,2025-07,2025,7,PRD-00007,SUP-001,BritGoods Ltd,WH-003,Household Essentials,A,DOMESTIC,United Kingdom,200,10.28,2056.0,3,ROAD,73.4,False,DELIVERED,Early (>5d)
PO-000121,20250803,2025-08,2025,8,PRD-00007,SUP-001,BritGoods Ltd,WH-002,Household Essentials,A,DOMESTIC,United Kingdom,200,10.55,2110.0,3,ROAD,73.4,False,DELIVERED,Early (>5d)
PO-000122,20250901,2025-09,2025,9,PRD-00007,SUP-001,BritGoods Ltd,WH-001,Household Essentials,A,DOMESTIC,United Kingdom,200,10.47,2094.0,5,ROAD,73.4,False,DELIVERED,Early (>5d)
PO-000123,20251001,2025-10,2025,10,PRD-00007,SUP-001,BritGoods Ltd,WH-002,Household Essentials,A,DOMESTIC,United Kingdom,200,10.46,2092.0,5,ROAD,73.4,False,DELIVERED,Early (>5d)
PO-000124,20251029,2025-10,2025,10,PRD-00007,SUP-001,BritGoods Ltd,WH-001,Household Essentials,A,DOMESTIC,United Kingdom,200,10.23,2046.0,4,ROAD,73.4,False,DELIVERED,Early (>5d)
PO-000125,20251203,2025-12,2025,12,PRD-00007,SUP-001,BritGoods Ltd,WH-002,Household Essentials,A,DOMESTIC,United Kingdom,300,10.43,3129.0,3,ROAD,110.1,False,DELIVERED,Early (>5d)
PO-000126,20240120,2024-01,2024,1,PRD-00008,SUP-008,LocalPack Ltd,WH-003,Household Essentials,C,DOMESTIC,United Kingdom,200,3.88,776.0,2,ROAD,342.8,False,DELIVERED,Early (>5d)
PO-000127,20240324,2024-03,2024,3,PRD-00008,SUP-008,LocalPack Ltd,WH-003,Household Essentials,C,DOMESTIC,United Kingdom,200,3.8,760.0,3,ROAD,342.8,False,DELIVERED,Early (>5d)
PO-000128,20240523,2024-05,2024,5,PRD-00008,SUP-008,LocalPack Ltd,WH-003,Household Essentials,C,DOMESTIC,United Kingdom,300,3.78,1134.0,2,ROAD,514.2,False,DELIVERED,Early (>5d)
PO-000129,20240719,2024-07,2024,7,PRD-00008,SUP-008,LocalPack Ltd,WH-003,Household Essentials,C,DOMESTIC,United Kingdom,300,3.7,1110.0,4,ROAD,514.2,False,DELIVERED,Early (>5d)
PO-000130,20240918,2024-09,2024,9,PRD-00008,SUP-008,LocalPack Ltd,WH-001,Household Essentials,C,DOMESTIC,United Kingdom,300,3.64,1092.0,4,ROAD,514.2,False,DELIVERED,Early (>5d)
PO-000131,20241112,2024-11,2024,11,PRD-00008,SUP-008,LocalPack Ltd,WH-002,Household Essentials,C,DOMESTIC,United Kingdom,400,3.83,1532.0,3,ROAD,685.6,False,DELIVERED,Early (>5d)
PO-000132,20250114,2025-01,2025,1,PRD-00008,SUP-008,LocalPack Ltd,WH-003,Household Essentials,C,DOMESTIC,United Kingdom,200,3.82,764.0,3,ROAD,342.8,False,DELIVERED,Early (>5d)
PO-000133,20250313,2025-03,2025,3,PRD-00008,SUP-008,LocalPack Ltd,WH-003,Household Essentials,C,DOMESTIC,United Kingdom,200,3.73,746.0,2,ROAD,342.8,False,DELIVERED,Early (>5d)
PO-000134,20250514,2025-05,2025,5,PRD-00008,SUP-008,LocalPack Ltd,WH-002,Household Essentials,C,DOMESTIC,United Kingdom,300,3.83,1149.0,4,ROAD,514.2,False,DELIVERED,Early (>5d)
PO-000135,20250718,2025-07,2025,7,PRD-00008,SUP-008,LocalPack Ltd,WH-003,Household Essentials,C,DOMESTIC,United Kingdom,300,3.7,1110.0,2,ROAD,514.2,False,DELIVERED,Early (>5d)
PO-000136,20250919,2025-09,2025,9,PRD-00008,SUP-008,LocalPack Ltd,WH-003,Household Essentials,C,DOMESTIC,United Kingdom,300,3.74,1122.0,3,ROAD,514.2,False,DELIVERED,Early (>5d)
PO-000137,20251115,2025-11,2025,11,PRD-00008,SUP-008,LocalPack Ltd,WH-003,Household Essentials,C,DOMESTIC,United Kingdom,400,3.7,1480.0,2,ROAD,685.6,False,DELIVERED,Early (>5d)
PO-000138,20240102,2024-01,2024,1,PRD-00009,SUP-001,BritGoods Ltd,WH-002,Household Essentials,B,DOMESTIC,United Kingdom,300,4.91,1473.0,4,ROAD,188.4,False,DELIVERED,Early (>5d)
PO-000139,20240215,2024-02,2024,2,PRD-00009,SUP-001,BritGoods Ltd,WH-001,Household Essentials,B,DOMESTIC,United Kingdom,300,4.9,1470.0,4,ROAD,188.4,False,DELIVERED,Early (>5d)
PO-000140,20240330,2024-03,2024,3,PRD-00009,SUP-001,BritGoods Ltd,WH-001,Household Essentials,B,DOMESTIC,United Kingdom,300,5.09,1527.0,4,ROAD,188.4,False,DELIVERED,Early (>5d)
PO-000141,20240516,2024-05,2024,5,PRD-00009,SUP-001,BritGoods Ltd,WH-001,Household Essentials,B,DOMESTIC,United Kingdom,400,4.97,1988.0,5,ROAD,251.2,False,DELIVERED,Early (>5d)
PO-000142,20240705,2024-07,2024,7,PRD-00009,SUP-001,BritGoods Ltd,WH-002,Household Essentials,B,DOMESTIC,United Kingdom,400,4.77,1908.0,3,ROAD,251.2,False,DELIVERED,Early (>5d)
PO-000143,20240822,2024-08,2024,8,PRD-00009,SUP-001,BritGoods Ltd,WH-001,Household Essentials,B,DOMESTIC,United Kingdom,400,4.75,1900.0,4,ROAD,251.2,False,DELIVERED,Early (>5d)
PO-000144,20241009,2024-10,2024,10,PRD-00009,SUP-001,BritGoods Ltd,WH-001,Household Essentials,B,DOMESTIC,United Kingdom,400,4.8,1920.0,3,ROAD,251.2,False,DELIVERED,Early (>5d)
PO-000145,20241125,2024-11,2024,11,PRD-00009,SUP-001,BritGoods Ltd,WH-001,Household Essentials,B,DOMESTIC,United Kingdom,500,4.88,2440.0,6,ROAD,314.0,False,DELIVERED,Early (>5d)
PO-000146,20250109,2025-01,2025,1,PRD-00009,SUP-001,BritGoods Ltd,WH-001,Household Essentials,B,DOMESTIC,United Kingdom,300,4.93,1479.0,5,ROAD,188.4,False,DELIVERED,Early (>5d)
PO-000147,20250225,2025-02,2025,2,PRD-00009,SUP-001,BritGoods Ltd,WH-002,Household Essentials,B,DOMESTIC,United Kingdom,300,4.82,1446.0,8,ROAD,188.4,False,DELIVERED,On Time
PO-000148,20250415,2025-04,2025,4,PRD-00009,SUP-001,BritGoods Ltd,WH-002,Household Essentials,B,DOMESTIC,United Kingdom,300,4.87,1461.0,3,ROAD,188.4,False,DELIVERED,Early (>5d)
PO-000149,20250525,2025-05,2025,5,PRD-00009,SUP-001,BritGoods Ltd,WH-001,Household Essentials,B,DOMESTIC,United Kingdom,400,4.84,1936.0,4,ROAD,251.2,False,DELIVERED,Early (>5d)
PO-000150,20250710,2025-07,2025,7,PRD-00009,SUP-001,BritGoods Ltd,WH-001,Household Essentials,B,DOMESTIC,United Kingdom,400,4.95,1980.0,3,ROAD,251.2,False,DELIVERED,Early (>5d)
PO-000151,20250822,2025-08,2025,8,PRD-00009,SUP-001,BritGoods Ltd,WH-001,Household Essentials,B,DOMESTIC,United Kingdom,400,4.76,1904.0,5,ROAD,251.2,False,DELIVERED,Early (>5d)
PO-000152,20251006,2025-10,2025,10,PRD-00009,SUP-001,BritGoods Ltd,WH-003,Household Essentials,B,DOMESTIC,United Kingdom,400,4.88,1952.0,4,ROAD,251.2,False,DELIVERED,Early (>5d)
PO-000153,20251121,2025-11,2025,11,PRD-00009,SUP-001,BritGoods Ltd,WH-003,Household Essentials,B,DOMESTIC,United Kingdom,500,4.68,2340.0,4,ROAD,314.0,False,DELIVERED,Early (>5d)
PO-000154,20240131,2024-01,2024,1,PRD-00010,SUP-006,MedTrade SRL,WH-003,Household Essentials,C,EUROPEAN,Italy,288,2.7,777.6,12,ROAD,518.98,False,DELIVERED,On Time
PO-000155,20240404,2024-04,2024,4,PRD-00010,SUP-006,MedTrade SRL,WH-003,Household Essentials,C,EUROPEAN,Italy,336,2.71,910.56,13,ROAD,605.47,False,DELIVERED,Slightly Late (<5d)
PO-000156,20240601,2024-06,2024,6,PRD-00010,SUP-006,MedTrade SRL,WH-002,Household Essentials,C,EUROPEAN,Italy,384,2.8,1075.2,14,ROAD,691.97,False,DELIVERED,Slightly Late (<5d)
PO-000157,20240805,2024-08,2024,8,PRD-00010,SUP-006,MedTrade SRL,WH-001,Household Essentials,C,EUROPEAN,Italy,384,2.72,1044.48,13,ROAD,691.97,False,DELIVERED,Slightly Late (<5d)
PO-000158,20241001,2024-10,2024,10,PRD-00010,SUP-006,MedTrade SRL,WH-001,Household Essentials,C,EUROPEAN,Italy,384,2.64,1013.76,13,ROAD,691.97,False,DELIVERED,Slightly Late (<5d)
PO-000159,20241201,2024-12,2024,12,PRD-00010,SUP-006,MedTrade SRL,WH-003,Household Essentials,C,EUROPEAN,Italy,576,2.73,1572.48,21,ROAD,1037.95,False,DELIVERED,Late (>5d)
PO-000160,20250204,2025-02,2025,2,PRD-00010,SUP-006,MedTrade SRL,WH-003,Household Essentials,C,EUROPEAN,Italy,288,2.61,751.68,10,ROAD,518.98,False,DELIVERED,On Time
PO-000161,20250405,2025-04,2025,4,PRD-00010,SUP-006,MedTrade SRL,WH-003,Household Essentials,C,EUROPEAN,Italy,336,2.67,897.12,10,ROAD,605.47,False,DELIVERED,On Time
PO-000162,20250606,2025-06,2025,6,PRD-00010,SUP-006,MedTrade SRL,WH-002,Household Essentials,C,EUROPEAN,Italy,384,2.59,994.56,12,ROAD,691.97,False,DELIVERED,On Time
PO-000163,20250802,2025-08,2025,8,PRD-00010,SUP-006,MedTrade SRL,WH-003,Household Essentials,C,EUROPEAN,Italy,384,2.59,994.56,11,ROAD,691.97,False,DELIVERED,On Time
PO-000164,20250929,2025-09,2025,9,PRD-00010,SUP-006,MedTrade SRL,WH-002,Household Essentials,C,EUROPEAN,Italy,384,2.75,1056.0,11,ROAD,691.97,False,DELIVERED,On Time
PO-000165,20251202,2025-12,2025,12,PRD-00010,SUP-006,MedTrade SRL,WH-003,Household Essentials,C,EUROPEAN,Italy,576,2.78,1601.28,13,ROAD,1037.95,False,DELIVERED,Slightly Late (<5d)
PO-000166,20240118,2024-01,2024,1,PRD-00011,SUP-006,MedTrade SRL,WH-003,Household Essentials,A,EUROPEAN,Italy,100,12.97,1297.0,14,ROAD,144.5,False,DELIVERED,Slightly Late (<5d)
PO-000167,20240213,2024-02,2024,2,PRD-00011,SUP-006,MedTrade SRL,WH-003,Household Essentials,A,EUROPEAN,Italy,100,13.32,1332.0,16,ROAD,144.5,False,DELIVERED,Slightly Late (<5d)
PO-000168,20240310,2024-03,2024,3,PRD-00011,SUP-006,MedTrade SRL,WH-001,Household Essentials,A,EUROPEAN,Italy,200,13.0,2600.0,10,ROAD,289.0,False,DELIVERED,On Time
PO-000169,20240405,2024-04,2024,4,PRD-00011,SUP-006,MedTrade SRL,WH-003,Household Essentials,A,EUROPEAN,Italy,200,13.03,2606.0,11,ROAD,289.0,False,DELIVERED,On Time
PO-000170,20240507,2024-05,2024,5,PRD-00011,SUP-006,MedTrade SRL,WH-003,Household Essentials,A,EUROPEAN,Italy,200,13.38,2676.0,13,ROAD,289.0,False,DELIVERED,Slightly Late (<5d)
PO-000171,20240610,2024-06,2024,6,PRD-00011,SUP-006,MedTrade SRL,WH-002,Household Essentials,A,EUROPEAN,Italy,200,13.01,2602.0,13,ROAD,289.0,False,DELIVERED,Slightly Late (<5d)
PO-000172,20240713,2024-07,2024,7,PRD-00011,SUP-006,MedTrade SRL,WH-001,Household Essentials,A,EUROPEAN,Italy,200,13.32,2664.0,19,ROAD,289.0,False,DELIVERED,Late (>5d)
PO-000173,20240808,2024-08,2024,8,PRD-00011,SUP-006,MedTrade SRL,WH-003,Household Essentials,A,EUROPEAN,Italy,200,13.08,2616.0,13,ROAD,289.0,False,DELIVERED,Slightly Late (<5d)
PO-000174,20240906,2024-09,2024,9,PRD-00011,SUP-006,MedTrade SRL,WH-003,Household Essentials,A,EUROPEAN,Italy,200,12.76,2552.0,21,,289.0,True,DELIVERED,Late (>5d)
PO-000175,20241009,2024-10,2024,10,PRD-00011,SUP-006,MedTrade SRL,WH-003,Household Essentials,A,EUROPEAN,Italy,200,12.96,2592.0,13,ROAD,289.0,False,DELIVERED,Slightly Late (<5d)
PO-000176,20241105,2024-11,2024,11,PRD-00011,SUP-006,MedTrade SRL,WH-001,Household Essentials,A,EUROPEAN,Italy,200,13.26,2652.0,15,ROAD,289.0,False,DELIVERED,Slightly Late (<5d)
PO-000177,20241205,2024-12,2024,12,PRD-00011,SUP-006,MedTrade SRL,WH-003,Household Essentials,A,EUROPEAN,Italy,300,13.01,3903.0,13,ROAD,433.5,False,DELIVERED,Slightly Late (<5d)
PO-000178,20250102,2025-01,2025,1,PRD-00011,SUP-006,MedTrade SRL,WH-002,Household Essentials,A,EUROPEAN,Italy,100,12.83,1283.0,14,ROAD,144.5,False,DELIVERED,Slightly Late (<5d)
PO-000179,20250202,2025-02,2025,2,PRD-00011,SUP-006,MedTrade SRL,WH-002,Household Essentials,A,EUROPEAN,Italy,100,13.46,1346.0,22,,144.5,True,DELIVERED,Late (>5d)
PO-000180,20250302,2025-03,2025,3,PRD-00011,SUP-006,MedTrade SRL,WH-002,Household Essentials,A,EUROPEAN,Italy,200,12.81,2562.0,16,ROAD,289.0,False,DELIVERED,Slightly Late (<5d)
PO-000181,20250403,2025-04,2025,4,PRD-00011,SUP-006,MedTrade SRL,WH-001,Household Essentials,A,EUROPEAN,Italy,200,13.1,2620.0,15,ROAD,289.0,False,DELIVERED,Slightly Late (<5d)
PO-000182,20250504,2025-05,2025,5,PRD-00011,SUP-006,MedTrade SRL,WH-002,Household Essentials,A,EUROPEAN,Italy,200,13.34,2668.0,13,ROAD,289.0,False,DELIVERED,Slightly Late (<5d)
PO-000183,20250531,2025-05,2025,5,PRD-00011,SUP-006,MedTrade SRL,WH-002,Household Essentials,A,EUROPEAN,Italy,200,13.12,2624.0,12,ROAD,289.0,False,DELIVERED,On Time
PO-000184,20250629,2025-06,2025,6,PRD-00011,SUP-006,MedTrade SRL,WH-001,Household Essentials,A,EUROPEAN,Italy,200,12.72,2544.0,10,ROAD,289.0,False,DELIVERED,On Time
PO-000185,20250729,2025-07,2025,7,PRD-00011,SUP-006,MedTrade SRL,WH-001,Household Essentials,A,EUROPEAN,Italy,200,13.45,2690.0,10,ROAD,289.0,False,DELIVERED,On Time
PO-000186,20250831,2025-08,2025,8,PRD-00011,SUP-006,MedTrade SRL,WH-001,Household Essentials,A,EUROPEAN,Italy,200,13.17,2634.0,12,ROAD,289.0,False,DELIVERED,On Time
PO-000187,20251004,2025-10,2025,10,PRD-00011,SUP-006,MedTrade SRL,WH-002,Household Essentials,A,EUROPEAN,Italy,200,13.21,2642.0,12,ROAD,289.0,False,DELIVERED,On Time
PO-000188,20251104,2025-11,2025,11,PRD-00011,SUP-006,MedTrade SRL,WH-002,Household Essentials,A,EUROPEAN,Italy,200,12.95,2590.0,14,ROAD,289.0,False,DELIVERED,Slightly Late (<5d)
PO-000189,20251205,2025-12,2025,12,PRD-00011,SUP-006,MedTrade SRL,WH-002,Household Essentials,A,EUROPEAN,Italy,300,13.03,3909.0,16,,433.5,True,DELIVERED,Slightly Late (<5d)
PO-000190,20240117,2024-01,2024,1,PRD-00012,SUP-001,BritGoods Ltd,WH-001,Household Essentials,A,DOMESTIC,United Kingdom,200,8.22,1644.0,5,ROAD,283.6,False,DELIVERED,Early (>5d)
PO-000191,20240215,2024-02,2024,2,PRD-00012,SUP-001,BritGoods Ltd,WH-003,Household Essentials,A,DOMESTIC,United Kingdom,200,8.1,1620.0,6,ROAD,283.6,False,DELIVERED,Early (>5d)
PO-000192,20240321,2024-03,2024,3,PRD-00012,SUP-001,BritGoods Ltd,WH-001,Household Essentials,A,DOMESTIC,United Kingdom,200,8.26,1652.0,3,ROAD,283.6,False,DELIVERED,Early (>5d)
PO-000193,20240422,2024-04,2024,4,PRD-00012,SUP-001,BritGoods Ltd,WH-002,Household Essentials,A,DOMESTIC,United Kingdom,300,8.45,2535.0,4,ROAD,425.4,False,DELIVERED,Early (>5d)
PO-000194,20240524,2024-05,2024,5,PRD-00012,SUP-001,BritGoods Ltd,WH-003,Household Essentials,A,DOMESTIC,United Kingdom,300,8.58,2574.0,3,ROAD,425.4,False,DELIVERED,Early (>5d)
PO-000195,20240618,2024-06,2024,6,PRD-00012,SUP-001,BritGoods Ltd,WH-003,Household Essentials,A,DOMESTIC,United Kingdom,300,8.15,2445.0,4,ROAD,425.4,False,DELIVERED,Early (>5d)
PO-000196,20240723,2024-07,2024,7,PRD-00012,SUP-001,BritGoods Ltd,WH-002,Household Essentials,A,DOMESTIC,United Kingdom,300,8.04,2412.0,5,ROAD,425.4,False,DELIVERED,Early (>5d)
PO-000197,20240818,2024-08,2024,8,PRD-00012,SUP-001,BritGoods Ltd,WH-002,Household Essentials,A,DOMESTIC,United Kingdom,300,8.16,2448.0,5,ROAD,425.4,False,DELIVERED,Early (>5d)
PO-000198,20240915,2024-09,2024,9,PRD-00012,SUP-001,BritGoods Ltd,WH-003,Household Essentials,A,DOMESTIC,United Kingdom,300,8.37,2511.0,5,ROAD,425.4,False,DELIVERED,Early (>5d)
PO-000199,20241010,2024-10,2024,10,PRD-00012,SUP-001,BritGoods Ltd,WH-001,Household Essentials,A,DOMESTIC,United Kingdom,300,8.47,2541.0,4,ROAD,425.4,False,DELIVERED,Early (>5d)
PO-000200,20241112,2024-11,2024,11,PRD-00012,SUP-001,BritGoods Ltd,WH-003,Household Essentials,A,DOMESTIC,United Kingdom,400,8.4,3360.0,3,ROAD,567.2,False,DELIVERED,Early (>5d)
PO-000201,20241215,2024-12,2024,12,PRD-00012,SUP-001,BritGoods Ltd,WH-003,Household Essentials,A,DOMESTIC,United Kingdom,400,8.55,3420.0,5,ROAD,567.2,False,DELIVERED,Early (>5d)
PO-000202,20250114,2025-01,2025,1,PRD-00012,SUP-001,BritGoods Ltd,WH-002,Household Essentials,A,DOMESTIC,United Kingdom,200,8.32,1664.0,5,ROAD,283.6,False,DELIVERED,Early (>5d)
PO-000203,20250209,2025-02,2025,2,PRD-00012,SUP-001,BritGoods Ltd,WH-002,Household Essentials,A,DOMESTIC,United Kingdom,200,7.99,1598.0,4,ROAD,283.6,False,DELIVERED,Early (>5d)
PO-000204,20250312,2025-03,2025,3,PRD-00012,SUP-001,BritGoods Ltd,WH-003,Household Essentials,A,DOMESTIC,United Kingdom,200,8.26,1652.0,3,ROAD,283.6,False,DELIVERED,Early (>5d)
PO-000205,20250415,2025-04,2025,4,PRD-00012,SUP-001,BritGoods Ltd,WH-001,Household Essentials,A,DOMESTIC,United Kingdom,300,8.02,2406.0,3,ROAD,425.4,False,DELIVERED,Early (>5d)
PO-000206,20250518,2025-05,2025,5,PRD-00012,SUP-001,BritGoods Ltd,WH-002,Household Essentials,A,DOMESTIC,United Kingdom,300,8.05,2415.0,3,ROAD,425.4,False,DELIVERED,Early (>5d)
PO-000207,20250616,2025-06,2025,6,PRD-00012,SUP-001,BritGoods Ltd,WH-002,Household Essentials,A,DOMESTIC,United Kingdom,300,8.05,2415.0,4,ROAD,425.4,False,DELIVERED,Early (>5d)
PO-000208,20250712,2025-07,2025,7,PRD-00012,SUP-001,BritGoods Ltd,WH-003,Household Essentials,A,DOMESTIC,United Kingdom,300,8.58,2574.0,5,ROAD,425.4,False,DELIVERED,Early (>5d)
PO-000209,20250808,2025-08,2025,8,PRD-00012,SUP-001,BritGoods Ltd,WH-003,Household Essentials,A,DOMESTIC,United Kingdom,300,8.19,2457.0,4,ROAD,425.4,False,DELIVERED,Early (>5d)
PO-000210,20250905,2025-09,2025,9,PRD-00012,SUP-001,BritGoods Ltd,WH-003,Household Essentials,A,DOMESTIC,United Kingdom,300,8.29,2487.0,4,ROAD,425.4,False,DELIVERED,Early (>5d)
PO-000211,20251002,2025-10,2025,10,PRD-00012,SUP-001,BritGoods Ltd,WH-001,Household Essentials,A,DOMESTIC,United Kingdom,300,8.26,2478.0,3,ROAD,425.4,False,DELIVERED,Early (>5d)
PO-000212,20251103,2025-11,2025,11,PRD-00012,SUP-001,BritGoods Ltd,WH-001,Household Essentials,A,DOMESTIC,United Kingdom,400,8.35,3340.0,4,ROAD,567.2,False,DELIVERED,Early (>5d)
PO-000213,20251204,2025-12,2025,12,PRD-00012,SUP-001,BritGoods Ltd,WH-003,Household Essentials,A,DOMESTIC,United Kingdom,400,8.4,3360.0,4,ROAD,567.2,False,DELIVERED,Early (>5d)
PO-000214,20240122,2024-01,2024,1,PRD-00013,SUP-006,MedTrade SRL,WH-002,Household Essentials,A,EUROPEAN,Italy,192,9.41,1806.72,15,ROAD,145.15,False,DELIVERED,Slightly Late (<5d)
PO-000215,20240217,2024-02,2024,2,PRD-00013,SUP-006,MedTrade SRL,WH-001,Household Essentials,A,EUROPEAN,Italy,192,9.1,1747.2,14,ROAD,145.15,False,DELIVERED,Slightly Late (<5d)
PO-000216,20240323,2024-03,2024,3,PRD-00013,SUP-006,MedTrade SRL,WH-002,Household Essentials,A,EUROPEAN,Italy,192,9.5,1824.0,15,ROAD,145.15,False,DELIVERED,Slightly Late (<5d)
PO-000217,20240420,2024-04,2024,4,PRD-00013,SUP-006,MedTrade SRL,WH-003,Household Essentials,A,EUROPEAN,Italy,240,9.43,2263.2,13,ROAD,181.44,False,DELIVERED,Slightly Late (<5d)
PO-000218,20240524,2024-05,2024,5,PRD-00013,SUP-006,MedTrade SRL,WH-001,Household Essentials,A,EUROPEAN,Italy,240,9.31,2234.4,12,ROAD,181.44,False,DELIVERED,On Time
PO-000219,20240622,2024-06,2024,6,PRD-00013,SUP-006,MedTrade SRL,WH-001,Household Essentials,A,EUROPEAN,Italy,240,9.9,2376.0,10,ROAD,181.44,False,DELIVERED,On Time
PO-000220,20240722,2024-07,2024,7,PRD-00013,SUP-006,MedTrade SRL,WH-003,Household Essentials,A,EUROPEAN,Italy,240,9.46,2270.4,11,ROAD,181.44,False,DELIVERED,On Time
PO-000221,20240823,2024-08,2024,8,PRD-00013,SUP-006,MedTrade SRL,WH-003,Household Essentials,A,EUROPEAN,Italy,240,9.65,2316.0,10,ROAD,181.44,False,DELIVERED,On Time
PO-000222,20240924,2024-09,2024,9,PRD-00013,SUP-006,MedTrade SRL,WH-003,Household Essentials,A,EUROPEAN,Italy,240,9.7,2328.0,14,ROAD,181.44,False,DELIVERED,Slightly Late (<5d)
PO-000223,20241027,2024-10,2024,10,PRD-00013,SUP-006,MedTrade SRL,WH-001,Household Essentials,A,EUROPEAN,Italy,240,9.78,2347.2,12,ROAD,181.44,False,DELIVERED,On Time
PO-000224,20241122,2024-11,2024,11,PRD-00013,SUP-006,MedTrade SRL,WH-003,Household Essentials,A,EUROPEAN,Italy,336,9.55,3208.8,10,ROAD,254.02,False,DELIVERED,On Time
PO-000225,20241221,2024-12,2024,12,PRD-00013,SUP-006,MedTrade SRL,WH-001,Household Essentials,A,EUROPEAN,Italy,336,9.6,3225.6,11,ROAD,254.02,False,DELIVERED,On Time
PO-000226,20250122,2025-01,2025,1,PRD-00013,SUP-006,MedTrade SRL,WH-002,Household Essentials,A,EUROPEAN,Italy,192,9.13,1752.96,14,ROAD,145.15,False,DELIVERED,Slightly Late (<5d)
PO-000227,20250226,2025-02,2025,2,PRD-00013,SUP-006,MedTrade SRL,WH-003,Household Essentials,A,EUROPEAN,Italy,192,9.69,1860.48,14,ROAD,145.15,False,DELIVERED,Slightly Late (<5d)
PO-000228,20250324,2025-03,2025,3,PRD-00013,SUP-006,MedTrade SRL,WH-002,Household Essentials,A,EUROPEAN,Italy,192,9.91,1902.72,13,ROAD,145.15,False,DELIVERED,Slightly Late (<5d)
PO-000229,20250419,2025-04,2025,4,PRD-00013,SUP-006,MedTrade SRL,WH-002,Household Essentials,A,EUROPEAN,Italy,240,9.66,2318.4,17,ROAD,181.44,False,DELIVERED,Slightly Late (<5d)
PO-000230,20250518,2025-05,2025,5,PRD-00013,SUP-006,MedTrade SRL,WH-002,Household Essentials,A,EUROPEAN,Italy,240,9.32,2236.8,12,ROAD,181.44,False,DELIVERED,On Time
PO-000231,20250619,2025-06,2025,6,PRD-00013,SUP-006,MedTrade SRL,WH-001,Household Essentials,A,EUROPEAN,Italy,240,9.51,2282.4,13,ROAD,181.44,False,DELIVERED,Slightly Late (<5d)
PO-000232,20250715,2025-07,2025,7,PRD-00013,SUP-006,MedTrade SRL,WH-001,Household Essentials,A,EUROPEAN,Italy,240,9.56,2294.4,12,ROAD,181.44,False,DELIVERED,On Time
PO-000233,20250812,2025-08,2025,8,PRD-00013,SUP-006,MedTrade SRL,WH-003,Household Essentials,A,EUROPEAN,Italy,240,9.45,2268.0,11,ROAD,181.44,False,DELIVERED,On Time
PO-000234,20250912,2025-09,2025,9,PRD-00013,SUP-006,MedTrade SRL,WH-001,Household Essentials,A,EUROPEAN,Italy,240,9.38,2251.2,12,ROAD,181.44,False,DELIVERED,On Time
PO-000235,20251008,2025-10,2025,10,PRD-00013,SUP-006,MedTrade SRL,WH-003,Household Essentials,A,EUROPEAN,Italy,240,9.35,2244.0,12,ROAD,181.44,False,DELIVERED,On Time
PO-000236,20251107,2025-11,2025,11,PRD-00013,SUP-006,MedTrade SRL,WH-001,Household Essentials,A,EUROPEAN,Italy,336,9.45,3175.2,13,ROAD,254.02,False,DELIVERED,Slightly Late (<5d)
PO-000237,20251211,2025-12,2025,12,PRD-00013,SUP-006,MedTrade SRL,WH-003,Household Essentials,A,EUROPEAN,Italy,336,9.99,3356.64,14,ROAD,254.02,False,DELIVERED,Slightly Late (<5d)
PO-000238,20240123,2024-01,2024,1,PRD-00014,SUP-002,EuroFast GmbH,WH-001,Household Essentials,A,EUROPEAN,Germany,200,7.49,1498.0,11,ROAD,197.2,False,DELIVERED,On Time
PO-000239,20240219,2024-02,2024,2,PRD-00014,SUP-002,EuroFast GmbH,WH-003,Household Essentials,A,EUROPEAN,Germany,200,7.55,1510.0,9,ROAD,197.2,False,DELIVERED,On Time
PO-000240,20240324,2024-03,2024,3,PRD-00014,SUP-002,EuroFast GmbH,WH-001,Household Essentials,A,EUROPEAN,Germany,300,7.35,2205.0,9,ROAD,295.8,False,DELIVERED,On Time
PO-000241,20240424,2024-04,2024,4,PRD-00014,SUP-002,EuroFast GmbH,WH-002,Household Essentials,A,EUROPEAN,Germany,300,7.33,2199.0,9,ROAD,295.8,False,DELIVERED,On Time
PO-000242,20240525,2024-05,2024,5,PRD-00014,SUP-002,EuroFast GmbH,WH-003,Household Essentials,A,EUROPEAN,Germany,300,7.17,2151.0,7,ROAD,295.8,False,DELIVERED,Early (>5d)
PO-000243,20240623,2024-06,2024,6,PRD-00014,SUP-002,EuroFast GmbH,WH-003,Household Essentials,A,EUROPEAN,Germany,300,7.62,2286.0,7,ROAD,295.8,False,DELIVERED,Early (>5d)
PO-000244,20240723,2024-07,2024,7,PRD-00014,SUP-002,EuroFast GmbH,WH-001,Household Essentials,A,EUROPEAN,Germany,300,7.37,2211.0,10,ROAD,295.8,False,DELIVERED,On Time
PO-000245,20240827,2024-08,2024,8,PRD-00014,SUP-002,EuroFast GmbH,WH-002,Household Essentials,A,EUROPEAN,Germany,300,7.65,2295.0,8,ROAD,295.8,False,DELIVERED,On Time
PO-000246,20241001,2024-10,2024,10,PRD-00014,SUP-002,EuroFast GmbH,WH-003,Household Essentials,A,EUROPEAN,Germany,300,7.78,2334.0,7,ROAD,295.8,False,DELIVERED,Early (>5d)
PO-000247,20241031,2024-10,2024,10,PRD-00014,SUP-002,EuroFast GmbH,WH-002,Household Essentials,A,EUROPEAN,Germany,300,7.64,2292.0,9,ROAD,295.8,False,DELIVERED,On Time
PO-000248,20241203,2024-12,2024,12,PRD-00014,SUP-002,EuroFast GmbH,WH-003,Household Essentials,A,EUROPEAN,Germany,400,7.49,2996.0,10,ROAD,394.4,False,DELIVERED,On Time
PO-000249,20250103,2025-01,2025,1,PRD-00014,SUP-002,EuroFast GmbH,WH-001,Household Essentials,A,EUROPEAN,Germany,200,7.4,1480.0,9,ROAD,197.2,False,DELIVERED,On Time
PO-000250,20250205,2025-02,2025,2,PRD-00014,SUP-002,EuroFast GmbH,WH-003,Household Essentials,A,EUROPEAN,Germany,200,7.3,1460.0,8,ROAD,197.2,False,DELIVERED,On Time
PO-000251,20250302,2025-03,2025,3,PRD-00014,SUP-002,EuroFast GmbH,WH-001,Household Essentials,A,EUROPEAN,Germany,300,7.61,2283.0,10,ROAD,295.8,False,DELIVERED,On Time
PO-000252,20250403,2025-04,2025,4,PRD-00014,SUP-002,EuroFast GmbH,WH-001,Household Essentials,A,EUROPEAN,Germany,300,7.67,2301.0,9,ROAD,295.8,False,DELIVERED,On Time
PO-000253,20250504,2025-05,2025,5,PRD-00014,SUP-002,EuroFast GmbH,WH-001,Household Essentials,A,EUROPEAN,Germany,300,7.5,2250.0,11,ROAD,295.8,False,DELIVERED,On Time
PO-000254,20250530,2025-05,2025,5,PRD-00014,SUP-002,EuroFast GmbH,WH-001,Household Essentials,A,EUROPEAN,Germany,300,7.73,2319.0,9,ROAD,295.8,False,DELIVERED,On Time
PO-000255,20250701,2025-07,2025,7,PRD-00014,SUP-002,EuroFast GmbH,WH-003,Household Essentials,A,EUROPEAN,Germany,300,7.65,2295.0,10,ROAD,295.8,False,DELIVERED,On Time
PO-000256,20250727,2025-07,2025,7,PRD-00014,SUP-002,EuroFast GmbH,WH-001,Household Essentials,A,EUROPEAN,Germany,300,7.37,2211.0,11,ROAD,295.8,False,DELIVERED,On Time
PO-000257,20250822,2025-08,2025,8,PRD-00014,SUP-002,EuroFast GmbH,WH-002,Household Essentials,A,EUROPEAN,Germany,300,7.89,2367.0,10,ROAD,295.8,False,DELIVERED,On Time
PO-000258,20250926,2025-09,2025,9,PRD-00014,SUP-002,EuroFast GmbH,WH-003,Household Essentials,A,EUROPEAN,Germany,300,7.23,2169.0,12,ROAD,295.8,False,DELIVERED,On Time
PO-000259,20251028,2025-10,2025,10,PRD-00014,SUP-002,EuroFast GmbH,WH-001,Household Essentials,A,EUROPEAN,Germany,300,7.51,2253.0,9,ROAD,295.8,False,DELIVERED,On Time
PO-000260,20251123,2025-11,2025,11,PRD-00014,SUP-002,EuroFast GmbH,WH-002,Household Essentials,A,EUROPEAN,Germany,400,7.58,3032.0,10,ROAD,394.4,False,DELIVERED,On Time
PO-000261,20251225,2025-12,2025,12,PRD-00014,SUP-002,EuroFast GmbH,WH-003,Household Essentials,A,EUROPEAN,Germany,400,7.59,3036.0,7,ROAD,394.4,False,DELIVERED,Early (>5d)
PO-000262,20240125,2024-01,2024,1,PRD-00015,SUP-002,EuroFast GmbH,WH-001,Household Essentials,C,EUROPEAN,Germany,336,2.41,809.76,10,ROAD,256.7,False,DELIVERED,On Time
PO-000263,20240330,2024-03,2024,3,PRD-00015,SUP-002,EuroFast GmbH,WH-002,Household Essentials,C,EUROPEAN,Germany,384,2.48,952.32,9,ROAD,293.38,False,DELIVERED,On Time
PO-000264,20240531,2024-05,2024,5,PRD-00015,SUP-002,EuroFast GmbH,WH-002,Household Essentials,C,EUROPEAN,Germany,432,2.44,1054.08,7,ROAD,330.05,False,DELIVERED,Early (>5d)
PO-000265,20240726,2024-07,2024,7,PRD-00015,SUP-002,EuroFast GmbH,WH-001,Household Essentials,C,EUROPEAN,Germany,480,2.4,1152.0,7,ROAD,366.72,False,DELIVERED,Early (>5d)
PO-000266,20240925,2024-09,2024,9,PRD-00015,SUP-002,EuroFast GmbH,WH-003,Household Essentials,C,EUROPEAN,Germany,432,2.58,1114.56,11,ROAD,330.05,False,DELIVERED,On Time
PO-000267,20241127,2024-11,2024,11,PRD-00015,SUP-002,EuroFast GmbH,WH-001,Household Essentials,C,EUROPEAN,Germany,576,2.4,1382.4,8,ROAD,440.06,False,DELIVERED,On Time
PO-000268,20250126,2025-01,2025,1,PRD-00015,SUP-002,EuroFast GmbH,WH-001,Household Essentials,C,EUROPEAN,Germany,336,2.46,826.56,8,ROAD,256.7,False,DELIVERED,On Time
PO-000269,20250331,2025-03,2025,3,PRD-00015,SUP-002,EuroFast GmbH,WH-002,Household Essentials,C,EUROPEAN,Germany,384,2.39,917.76,9,ROAD,293.38,False,DELIVERED,On Time
PO-000270,20250531,2025-05,2025,5,PRD-00015,SUP-002,EuroFast GmbH,WH-002,Household Essentials,C,EUROPEAN,Germany,432,2.46,1062.72,10,ROAD,330.05,False,DELIVERED,On Time
PO-000271,20250726,2025-07,2025,7,PRD-00015,SUP-002,EuroFast GmbH,WH-003,Household Essentials,C,EUROPEAN,Germany,480,2.48,1190.4,7,ROAD,366.72,False,DELIVERED,Early (>5d)
PO-000272,20250928,2025-09,2025,9,PRD-00015,SUP-002,EuroFast GmbH,WH-003,Household Essentials,C,EUROPEAN,Germany,432,2.47,1067.04,10,ROAD,330.05,False,DELIVERED,On Time
PO-000273,20251201,2025-12,2025,12,PRD-00015,SUP-002,EuroFast GmbH,WH-003,Household Essentials,C,EUROPEAN,Germany,624,2.39,1491.36,11,ROAD,476.74,False,DELIVERED,On Time
PO-000274,20240117,2024-01,2024,1,PRD-00016,SUP-005,NordicSupply AS,WH-003,Personal Care,B,EUROPEAN,Sweden,240,4.21,1010.4,8,ROAD,148.8,False,DELIVERED,On Time
PO-000275,20240306,2024-03,2024,3,PRD-00016,SUP-005,NordicSupply AS,WH-002,Personal Care,B,EUROPEAN,Sweden,300,4.01,1203.0,8,ROAD,186.0,False,DELIVERED,On Time
PO-000276,20240421,2024-04,2024,4,PRD-00016,SUP-005,NordicSupply AS,WH-001,Personal Care,B,EUROPEAN,Sweden,312,4.19,1307.28,8,ROAD,193.44,False,DELIVERED,On Time
PO-000277,20240609,2024-06,2024,6,PRD-00016,SUP-005,NordicSupply AS,WH-003,Personal Care,B,EUROPEAN,Sweden,348,4.2,1461.6,10,ROAD,215.76,False,DELIVERED,On Time
PO-000278,20240723,2024-07,2024,7,PRD-00016,SUP-005,NordicSupply AS,WH-001,Personal Care,B,EUROPEAN,Sweden,360,4.16,1497.6,10,ROAD,223.2,False,DELIVERED,On Time
PO-000279,20240910,2024-09,2024,9,PRD-00016,SUP-005,NordicSupply AS,WH-003,Personal Care,B,EUROPEAN,Sweden,324,4.22,1367.28,10,ROAD,200.88,False,DELIVERED,On Time
PO-000280,20241029,2024-10,2024,10,PRD-00016,SUP-005,NordicSupply AS,WH-003,Personal Care,B,EUROPEAN,Sweden,360,4.32,1555.2,8,ROAD,223.2,False,DELIVERED,On Time
PO-000281,20241218,2024-12,2024,12,PRD-00016,SUP-005,NordicSupply AS,WH-002,Personal Care,B,EUROPEAN,Sweden,492,4.39,2159.88,10,ROAD,305.04,False,DELIVERED,On Time
PO-000282,20250206,2025-02,2025,2,PRD-00016,SUP-005,NordicSupply AS,WH-003,Personal Care,B,EUROPEAN,Sweden,264,4.21,1111.44,8,ROAD,163.68,False,DELIVERED,On Time
PO-000283,20250324,2025-03,2025,3,PRD-00016,SUP-005,NordicSupply AS,WH-002,Personal Care,B,EUROPEAN,Sweden,300,4.24,1272.0,12,ROAD,186.0,False,DELIVERED,On Time
PO-000284,20250513,2025-05,2025,5,PRD-00016,SUP-005,NordicSupply AS,WH-003,Personal Care,B,EUROPEAN,Sweden,324,4.21,1364.04,10,ROAD,200.88,False,DELIVERED,On Time
PO-000285,20250628,2025-06,2025,6,PRD-00016,SUP-005,NordicSupply AS,WH-002,Personal Care,B,EUROPEAN,Sweden,348,4.26,1482.48,13,ROAD,215.76,False,DELIVERED,Slightly Late (<5d)
PO-000286,20250812,2025-08,2025,8,PRD-00016,SUP-005,NordicSupply AS,WH-001,Personal Care,B,EUROPEAN,Sweden,348,4.3,1496.4,13,ROAD,215.76,False,DELIVERED,Slightly Late (<5d)
PO-000287,20250926,2025-09,2025,9,PRD-00016,SUP-005,NordicSupply AS,WH-003,Personal Care,B,EUROPEAN,Sweden,324,4.16,1347.84,10,ROAD,200.88,False,DELIVERED,On Time
PO-000288,20251105,2025-11,2025,11,PRD-00016,SUP-005,NordicSupply AS,WH-003,Personal Care,B,EUROPEAN,Sweden,444,4.1,1820.4,11,ROAD,275.28,False,DELIVERED,On Time
PO-000289,20251223,2025-12,2025,12,PRD-00016,SUP-005,NordicSupply AS,WH-002,Personal Care,B,EUROPEAN,Sweden,492,4.25,2091.0,10,ROAD,305.04,False,IN_TRANSIT,On Time
PO-000290,20240109,2024-01,2024,1,PRD-00017,SUP-005,NordicSupply AS,WH-001,Personal Care,A,EUROPEAN,Sweden,108,14.07,1519.56,10,ROAD,23.65,False,DELIVERED,On Time
PO-000291,20240206,2024-02,2024,2,PRD-00017,SUP-005,NordicSupply AS,WH-001,Personal Care,A,EUROPEAN,Sweden,114,13.98,1593.72,11,ROAD,24.97,False,DELIVERED,On Time
PO-000292,20240304,2024-03,2024,3,PRD-00017,SUP-005,NordicSupply AS,WH-003,Personal Care,A,EUROPEAN,Sweden,126,14.16,1784.16,10,ROAD,27.59,False,DELIVERED,On Time
PO-000293,20240406,2024-04,2024,4,PRD-00017,SUP-005,NordicSupply AS,WH-003,Personal Care,A,EUROPEAN,Sweden,132,13.99,1846.68,13,ROAD,28.91,False,DELIVERED,Slightly Late (<5d)
PO-000294,20240511,2024-05,2024,5,PRD-00017,SUP-005,NordicSupply AS,WH-002,Personal Care,A,EUROPEAN,Sweden,138,14.69,2027.22,12,SEA,30.22,True,DELIVERED,On Time
PO-000295,20240608,2024-06,2024,6,PRD-00017,SUP-005,NordicSupply AS,WH-001,Personal Care,A,EUROPEAN,Sweden,144,14.83,2135.52,14,ROAD,31.54,False,DELIVERED,Slightly Late (<5d)
PO-000296,20240712,2024-07,2024,7,PRD-00017,SUP-005,NordicSupply AS,WH-001,Personal Care,A,EUROPEAN,Sweden,156,14.33,2235.48,9,ROAD,34.16,False,DELIVERED,On Time
PO-000297,20240808,2024-08,2024,8,PRD-00017,SUP-005,NordicSupply AS,WH-002,Personal Care,A,EUROPEAN,Sweden,144,13.95,2008.8,12,ROAD,31.54,False,DELIVERED,On Time
PO-000298,20240908,2024-09,2024,9,PRD-00017,SUP-005,NordicSupply AS,WH-003,Personal Care,A,EUROPEAN,Sweden,138,14.07,1941.66,11,ROAD,30.22,False,DELIVERED,On Time
PO-000299,20241010,2024-10,2024,10,PRD-00017,SUP-005,NordicSupply AS,WH-001,Personal Care,A,EUROPEAN,Sweden,156,14.42,2249.52,12,SEA,34.16,True,DELIVERED,On Time
PO-000300,20241108,2024-11,2024,11,PRD-00017,SUP-005,NordicSupply AS,WH-003,Personal Care,A,EUROPEAN,Sweden,192,13.98,2684.16,13,ROAD,42.05,False,DELIVERED,Slightly Late (<5d)
PO-000301,20241209,2024-12,2024,12,PRD-00017,SUP-005,NordicSupply AS,WH-002,Personal Care,A,EUROPEAN,Sweden,210,14.25,2992.5,10,ROAD,45.99,False,DELIVERED,On Time
PO-000302,20250112,2025-01,2025,1,PRD-00017,SUP-005,NordicSupply AS,WH-001,Personal Care,A,EUROPEAN,Sweden,108,14.2,1533.6,12,ROAD,23.65,False,DELIVERED,On Time
PO-000303,20250210,2025-02,2025,2,PRD-00017,SUP-005,NordicSupply AS,WH-002,Personal Care,A,EUROPEAN,Sweden,114,13.81,1574.34,12,SEA,24.97,True,DELIVERED,On Time
PO-000304,20250310,2025-03,2025,3,PRD-00017,SUP-005,NordicSupply AS,WH-003,Personal Care,A,EUROPEAN,Sweden,126,14.34,1806.84,9,ROAD,27.59,False,DELIVERED,On Time
PO-000305,20250413,2025-04,2025,4,PRD-00017,SUP-005,NordicSupply AS,WH-001,Personal Care,A,EUROPEAN,Sweden,132,14.3,1887.6,12,ROAD,28.91,False,DELIVERED,On Time
PO-000306,20250509,2025-05,2025,5,PRD-00017,SUP-005,NordicSupply AS,WH-001,Personal Care,A,EUROPEAN,Sweden,138,14.0,1932.0,11,ROAD,30.22,False,DELIVERED,On Time
PO-000307,20250608,2025-06,2025,6,PRD-00017,SUP-005,NordicSupply AS,WH-001,Personal Care,A,EUROPEAN,Sweden,144,14.25,2052.0,9,ROAD,31.54,False,DELIVERED,On Time
PO-000308,20250708,2025-07,2025,7,PRD-00017,SUP-005,NordicSupply AS,WH-001,Personal Care,A,EUROPEAN,Sweden,156,14.08,2196.48,13,SEA,34.16,True,DELIVERED,Slightly Late (<5d)
PO-000309,20250805,2025-08,2025,8,PRD-00017,SUP-005,NordicSupply AS,WH-003,Personal Care,A,EUROPEAN,Sweden,144,14.05,2023.2,12,SEA,31.54,True,DELIVERED,On Time
PO-000310,20250831,2025-08,2025,8,PRD-00017,SUP-005,NordicSupply AS,WH-002,Personal Care,A,EUROPEAN,Sweden,144,13.98,2013.12,12,SEA,31.54,True,DELIVERED,On Time
PO-000311,20251003,2025-10,2025,10,PRD-00017,SUP-005,NordicSupply AS,WH-001,Personal Care,A,EUROPEAN,Sweden,156,13.65,2129.4,8,ROAD,34.16,False,DELIVERED,On Time
PO-000312,20251030,2025-10,2025,10,PRD-00017,SUP-005,NordicSupply AS,WH-003,Personal Care,A,EUROPEAN,Sweden,156,14.44,2252.64,8,ROAD,34.16,False,DELIVERED,On Time
PO-000313,20251125,2025-11,2025,11,PRD-00017,SUP-005,NordicSupply AS,WH-003,Personal Care,A,EUROPEAN,Sweden,192,14.15,2716.8,8,ROAD,42.05,False,DELIVERED,On Time
PO-000314,20251227,2025-12,2025,12,PRD-00017,SUP-005,NordicSupply AS,WH-001,Personal Care,A,EUROPEAN,Sweden,210,13.97,2933.7,11,ROAD,45.99,False,IN_TRANSIT,On Time
PO-000315,20240116,2024-01,2024,1,PRD-00018,SUP-002,EuroFast GmbH,WH-001,Personal Care,A,EUROPEAN,Germany,100,16.3,1630.0,8,ROAD,42.0,False,DELIVERED,On Time
PO-000316,20240219,2024-02,2024,2,PRD-00018,SUP-002,EuroFast GmbH,WH-001,Personal Care,A,EUROPEAN,Germany,100,15.79,1579.0,9,ROAD,42.0,False,DELIVERED,On Time
PO-000317,20240323,2024-03,2024,3,PRD-00018,SUP-002,EuroFast GmbH,WH-003,Personal Care,A,EUROPEAN,Germany,100,16.19,1619.0,9,ROAD,42.0,False,DELIVERED,On Time
PO-000318,20240421,2024-04,2024,4,PRD-00018,SUP-002,EuroFast GmbH,WH-002,Personal Care,A,EUROPEAN,Germany,100,16.07,1607.0,8,ROAD,42.0,False,DELIVERED,On Time
PO-000319,20240518,2024-05,2024,5,PRD-00018,SUP-002,EuroFast GmbH,WH-003,Personal Care,A,EUROPEAN,Germany,100,16.43,1643.0,8,ROAD,42.0,False,DELIVERED,On Time
PO-000320,20240613,2024-06,2024,6,PRD-00018,SUP-002,EuroFast GmbH,WH-002,Personal Care,A,EUROPEAN,Germany,100,15.76,1576.0,7,ROAD,42.0,False,DELIVERED,Early (>5d)
PO-000321,20240718,2024-07,2024,7,PRD-00018,SUP-002,EuroFast GmbH,WH-002,Personal Care,A,EUROPEAN,Germany,100,16.03,1603.0,11,RAIL,42.0,True,DELIVERED,On Time
PO-000322,20240816,2024-08,2024,8,PRD-00018,SUP-002,EuroFast GmbH,WH-001,Personal Care,A,EUROPEAN,Germany,100,16.31,1631.0,7,ROAD,42.0,False,DELIVERED,Early (>5d)
PO-000323,20240914,2024-09,2024,9,PRD-00018,SUP-002,EuroFast GmbH,WH-001,Personal Care,A,EUROPEAN,Germany,100,15.45,1545.0,8,ROAD,42.0,False,DELIVERED,On Time
PO-000324,20241019,2024-10,2024,10,PRD-00018,SUP-002,EuroFast GmbH,WH-001,Personal Care,A,EUROPEAN,Germany,100,16.21,1621.0,9,ROAD,42.0,False,DELIVERED,On Time
PO-000325,20241113,2024-11,2024,11,PRD-00018,SUP-002,EuroFast GmbH,WH-001,Personal Care,A,EUROPEAN,Germany,200,16.53,3306.0,7,ROAD,84.0,False,DELIVERED,Early (>5d)
PO-000326,20241218,2024-12,2024,12,PRD-00018,SUP-002,EuroFast GmbH,WH-002,Personal Care,A,EUROPEAN,Germany,200,16.44,3288.0,8,ROAD,84.0,False,DELIVERED,On Time
PO-000327,20250119,2025-01,2025,1,PRD-00018,SUP-002,EuroFast GmbH,WH-003,Personal Care,A,EUROPEAN,Germany,100,16.09,1609.0,8,ROAD,42.0,False,DELIVERED,On Time
PO-000328,20250218,2025-02,2025,2,PRD-00018,SUP-002,EuroFast GmbH,WH-001,Personal Care,A,EUROPEAN,Germany,100,16.28,1628.0,7,ROAD,42.0,False,DELIVERED,Early (>5d)
PO-000329,20250315,2025-03,2025,3,PRD-00018,SUP-002,EuroFast GmbH,WH-003,Personal Care,A,EUROPEAN,Germany,100,16.25,1625.0,9,ROAD,42.0,False,DELIVERED,On Time
PO-000330,20250416,2025-04,2025,4,PRD-00018,SUP-002,EuroFast GmbH,WH-003,Personal Care,A,EUROPEAN,Germany,100,16.13,1613.0,8,ROAD,42.0,False,DELIVERED,On Time
PO-000331,20250517,2025-05,2025,5,PRD-00018,SUP-002,EuroFast GmbH,WH-002,Personal Care,A,EUROPEAN,Germany,100,15.87,1587.0,9,ROAD,42.0,False,DELIVERED,On Time
PO-000332,20250614,2025-06,2025,6,PRD-00018,SUP-002,EuroFast GmbH,WH-002,Personal Care,A,EUROPEAN,Germany,100,16.05,1605.0,11,RAIL,42.0,True,DELIVERED,On Time
PO-000333,20250715,2025-07,2025,7,PRD-00018,SUP-002,EuroFast GmbH,WH-003,Personal Care,A,EUROPEAN,Germany,100,16.18,1618.0,8,ROAD,42.0,False,DELIVERED,On Time
PO-000334,20250819,2025-08,2025,8,PRD-00018,SUP-002,EuroFast GmbH,WH-002,Personal Care,A,EUROPEAN,Germany,100,16.23,1623.0,7,ROAD,42.0,False,DELIVERED,Early (>5d)
PO-000335,20250920,2025-09,2025,9,PRD-00018,SUP-002,EuroFast GmbH,WH-001,Personal Care,A,EUROPEAN,Germany,100,16.07,1607.0,11,RAIL,42.0,True,DELIVERED,On Time
PO-000336,20251022,2025-10,2025,10,PRD-00018,SUP-002,EuroFast GmbH,WH-002,Personal Care,A,EUROPEAN,Germany,100,16.08,1608.0,7,ROAD,42.0,False,DELIVERED,Early (>5d)
PO-000337,20251117,2025-11,2025,11,PRD-00018,SUP-002,EuroFast GmbH,WH-001,Personal Care,A,EUROPEAN,Germany,200,16.0,3200.0,12,ROAD,84.0,False,DELIVERED,On Time
PO-000338,20251216,2025-12,2025,12,PRD-00018,SUP-002,EuroFast GmbH,WH-001,Personal Care,A,EUROPEAN,Germany,200,16.37,3274.0,10,ROAD,84.0,False,DELIVERED,On Time
PO-000339,20240107,2024-01,2024,1,PRD-00019,SUP-003,AsiaSource Co,WH-002,Personal Care,C,INTERCONTINENTAL,China,228,2.5,570.0,18,SEA,181.72,False,DELIVERED,Late (>5d)
PO-000340,20240312,2024-03,2024,3,PRD-00019,SUP-003,AsiaSource Co,WH-003,Personal Care,C,INTERCONTINENTAL,China,270,2.52,680.4,29,SEA,215.19,False,DELIVERED,Late (>5d)
PO-000341,20240514,2024-05,2024,5,PRD-00019,SUP-003,AsiaSource Co,WH-002,Personal Care,C,INTERCONTINENTAL,China,300,2.43,729.0,35,SEA,239.1,False,DELIVERED,Late (>5d)
PO-000342,20240718,2024-07,2024,7,PRD-00019,SUP-003,AsiaSource Co,WH-003,Personal Care,C,INTERCONTINENTAL,China,336,2.43,816.48,32,SEA,267.79,False,DELIVERED,Late (>5d)
PO-000343,20240920,2024-09,2024,9,PRD-00019,SUP-003,AsiaSource Co,WH-002,Personal Care,C,INTERCONTINENTAL,China,300,2.53,759.0,19,SEA,239.1,False,DELIVERED,Late (>5d)
PO-000344,20241118,2024-11,2024,11,PRD-00019,SUP-003,AsiaSource Co,WH-003,Personal Care,C,INTERCONTINENTAL,China,408,2.47,1007.76,22,SEA,325.18,False,DELIVERED,Late (>5d)
PO-000345,20250118,2025-01,2025,1,PRD-00019,SUP-003,AsiaSource Co,WH-002,Personal Care,C,INTERCONTINENTAL,China,228,2.48,565.44,28,SEA,181.72,False,DELIVERED,Late (>5d)
PO-000346,20250319,2025-03,2025,3,PRD-00019,SUP-003,AsiaSource Co,WH-003,Personal Care,C,INTERCONTINENTAL,China,270,2.39,645.3,18,SEA,215.19,False,DELIVERED,Late (>5d)
PO-000347,20250522,2025-05,2025,5,PRD-00019,SUP-003,AsiaSource Co,WH-002,Personal Care,C,INTERCONTINENTAL,China,300,2.37,711.0,18,SEA,239.1,False,DELIVERED,Late (>5d)
PO-000348,20250721,2025-07,2025,7,PRD-00019,SUP-003,AsiaSource Co,WH-003,Personal Care,C,INTERCONTINENTAL,China,336,2.4,806.4,23,SEA,267.79,False,DELIVERED,Late (>5d)
PO-000349,20250919,2025-09,2025,9,PRD-00019,SUP-003,AsiaSource Co,WH-003,Personal Care,C,INTERCONTINENTAL,China,300,2.48,744.0,24,SEA,239.1,False,DELIVERED,Late (>5d)
PO-000350,20251117,2025-11,2025,11,PRD-00019,SUP-003,AsiaSource Co,WH-001,Personal Care,C,INTERCONTINENTAL,China,408,2.52,1028.16,19,SEA,325.18,False,DELIVERED,Late (>5d)
PO-000351,20240124,2024-01,2024,1,PRD-00020,SUP-005,NordicSupply AS,WH-003,Personal Care,A,EUROPEAN,Sweden,168,8.15,1369.2,8,ROAD,94.58,False,DELIVERED,On Time
PO-000352,20240224,2024-02,2024,2,PRD-00020,SUP-005,NordicSupply AS,WH-001,Personal Care,A,EUROPEAN,Sweden,180,7.57,1362.6,8,ROAD,101.34,False,DELIVERED,On Time
PO-000353,20240324,2024-03,2024,3,PRD-00020,SUP-005,NordicSupply AS,WH-003,Personal Care,A,EUROPEAN,Sweden,204,7.9,1611.6,10,ROAD,114.85,False,DELIVERED,On Time
PO-000354,20240419,2024-04,2024,4,PRD-00020,SUP-005,NordicSupply AS,WH-002,Personal Care,A,EUROPEAN,Sweden,216,8.0,1728.0,9,ROAD,121.61,False,DELIVERED,On Time
PO-000355,20240519,2024-05,2024,5,PRD-00020,SUP-005,NordicSupply AS,WH-002,Personal Care,A,EUROPEAN,Sweden,228,8.31,1894.68,11,ROAD,128.36,False,DELIVERED,On Time
PO-000356,20240621,2024-06,2024,6,PRD-00020,SUP-005,NordicSupply AS,WH-002,Personal Care,A,EUROPEAN,Sweden,240,8.27,1984.8,10,ROAD,135.12,False,DELIVERED,On Time
PO-000357,20240717,2024-07,2024,7,PRD-00020,SUP-005,NordicSupply AS,WH-003,Personal Care,A,EUROPEAN,Sweden,252,8.09,2038.68,12,ROAD,141.88,False,DELIVERED,On Time
PO-000358,20240811,2024-08,2024,8,PRD-00020,SUP-005,NordicSupply AS,WH-003,Personal Care,A,EUROPEAN,Sweden,240,7.82,1876.8,12,SEA,135.12,True,DELIVERED,On Time
PO-000359,20240910,2024-09,2024,9,PRD-00020,SUP-005,NordicSupply AS,WH-003,Personal Care,A,EUROPEAN,Sweden,228,7.87,1794.36,10,ROAD,128.36,False,DELIVERED,On Time
PO-000360,20241015,2024-10,2024,10,PRD-00020,SUP-005,NordicSupply AS,WH-003,Personal Care,A,EUROPEAN,Sweden,252,8.13,2048.76,12,ROAD,141.88,False,DELIVERED,On Time
PO-000361,20241113,2024-11,2024,11,PRD-00020,SUP-005,NordicSupply AS,WH-002,Personal Care,A,EUROPEAN,Sweden,306,7.91,2420.46,10,ROAD,172.28,False,DELIVERED,On Time
PO-000362,20241216,2024-12,2024,12,PRD-00020,SUP-005,NordicSupply AS,WH-003,Personal Care,A,EUROPEAN,Sweden,342,8.11,2773.62,12,ROAD,192.55,False,DELIVERED,On Time
PO-000363,20250112,2025-01,2025,1,PRD-00020,SUP-005,NordicSupply AS,WH-002,Personal Care,A,EUROPEAN,Sweden,168,8.13,1365.84,9,ROAD,94.58,False,DELIVERED,On Time
PO-000364,20250206,2025-02,2025,2,PRD-00020,SUP-005,NordicSupply AS,WH-003,Personal Care,A,EUROPEAN,Sweden,180,7.97,1434.6,9,ROAD,101.34,False,DELIVERED,On Time
PO-000365,20250308,2025-03,2025,3,PRD-00020,SUP-005,NordicSupply AS,WH-003,Personal Care,A,EUROPEAN,Sweden,204,8.23,1678.92,10,ROAD,114.85,False,DELIVERED,On Time
PO-000366,20250402,2025-04,2025,4,PRD-00020,SUP-005,NordicSupply AS,WH-001,Personal Care,A,EUROPEAN,Sweden,216,7.97,1721.52,10,ROAD,121.61,False,DELIVERED,On Time
PO-000367,20250427,2025-04,2025,4,PRD-00020,SUP-005,NordicSupply AS,WH-003,Personal Care,A,EUROPEAN,Sweden,216,7.97,1721.52,11,ROAD,121.61,False,DELIVERED,On Time
PO-000368,20250527,2025-05,2025,5,PRD-00020,SUP-005,NordicSupply AS,WH-001,Personal Care,A,EUROPEAN,Sweden,228,8.0,1824.0,8,ROAD,128.36,False,DELIVERED,On Time
PO-000369,20250628,2025-06,2025,6,PRD-00020,SUP-005,NordicSupply AS,WH-003,Personal Care,A,EUROPEAN,Sweden,240,7.77,1864.8,10,ROAD,135.12,False,DELIVERED,On Time
PO-000370,20250724,2025-07,2025,7,PRD-00020,SUP-005,NordicSupply AS,WH-001,Personal Care,A,EUROPEAN,Sweden,252,8.22,2071.44,9,ROAD,141.88,False,DELIVERED,On Time
PO-000371,20250827,2025-08,2025,8,PRD-00020,SUP-005,NordicSupply AS,WH-001,Personal Care,A,EUROPEAN,Sweden,240,8.05,1932.0,11,ROAD,135.12,False,DELIVERED,On Time
PO-000372,20250921,2025-09,2025,9,PRD-00020,SUP-005,NordicSupply AS,WH-002,Personal Care,A,EUROPEAN,Sweden,228,8.36,1906.08,12,SEA,128.36,True,DELIVERED,On Time
PO-000373,20251024,2025-10,2025,10,PRD-00020,SUP-005,NordicSupply AS,WH-003,Personal Care,A,EUROPEAN,Sweden,252,8.23,2073.96,12,ROAD,141.88,False,DELIVERED,On Time
PO-000374,20251119,2025-11,2025,11,PRD-00020,SUP-005,NordicSupply AS,WH-001,Personal Care,A,EUROPEAN,Sweden,306,7.76,2374.56,8,ROAD,172.28,False,DELIVERED,On Time
PO-000375,20251215,2025-12,2025,12,PRD-00020,SUP-005,NordicSupply AS,WH-002,Personal Care,A,EUROPEAN,Sweden,342,7.79,2664.18,9,ROAD,192.55,False,DELIVERED,On Time
PO-000376,20240103,2024-01,2024,1,PRD-00021,SUP-005,NordicSupply AS,WH-001,Personal Care,A,EUROPEAN,Sweden,120,9.87,1184.4,18,SEA,61.32,True,DELIVERED,Late (>5d)
PO-000377,20240128,2024-01,2024,1,PRD-00021,SUP-005,NordicSupply AS,WH-001,Personal Care,A,EUROPEAN,Sweden,120,9.9,1188.0,13,ROAD,61.32,False,DELIVERED,Slightly Late (<5d)
PO-000378,20240222,2024-02,2024,2,PRD-00021,SUP-005,NordicSupply AS,WH-001,Personal Care,A,EUROPEAN,Sweden,144,9.76,1405.44,11,ROAD,73.58,False,DELIVERED,On Time
PO-000379,20240325,2024-03,2024,3,PRD-00021,SUP-005,NordicSupply AS,WH-001,Personal Care,A,EUROPEAN,Sweden,144,10.15,1461.6,13,ROAD,73.58,False,DELIVERED,Slightly Late (<5d)
PO-000380,20240424,2024-04,2024,4,PRD-00021,SUP-005,NordicSupply AS,WH-003,Personal Care,A,EUROPEAN,Sweden,168,9.96,1673.28,11,ROAD,85.85,False,DELIVERED,On Time
PO-000381,20240522,2024-05,2024,5,PRD-00021,SUP-005,NordicSupply AS,WH-001,Personal Care,A,EUROPEAN,Sweden,168,10.24,1720.32,10,ROAD,85.85,False,DELIVERED,On Time
PO-000382,20240622,2024-06,2024,6,PRD-00021,SUP-005,NordicSupply AS,WH-003,Personal Care,A,EUROPEAN,Sweden,168,9.76,1639.68,10,ROAD,85.85,False,DELIVERED,On Time
PO-000383,20240718,2024-07,2024,7,PRD-00021,SUP-005,NordicSupply AS,WH-002,Personal Care,A,EUROPEAN,Sweden,192,9.78,1877.76,10,ROAD,98.11,False,DELIVERED,On Time
PO-000384,20240819,2024-08,2024,8,PRD-00021,SUP-005,NordicSupply AS,WH-003,Personal Care,A,EUROPEAN,Sweden,168,9.99,1678.32,17,ROAD,85.85,False,DELIVERED,Slightly Late (<5d)
PO-000385,20240915,2024-09,2024,9,PRD-00021,SUP-005,NordicSupply AS,WH-003,Personal Care,A,EUROPEAN,Sweden,168,10.16,1706.88,13,ROAD,85.85,False,DELIVERED,Slightly Late (<5d)
PO-000386,20241018,2024-10,2024,10,PRD-00021,SUP-005,NordicSupply AS,WH-001,Personal Care,A,EUROPEAN,Sweden,192,10.03,1925.76,11,ROAD,98.11,False,DELIVERED,On Time
PO-000387,20241119,2024-11,2024,11,PRD-00021,SUP-005,NordicSupply AS,WH-003,Personal Care,A,EUROPEAN,Sweden,240,10.0,2400.0,12,SEA,122.64,True,DELIVERED,On Time
PO-000388,20241215,2024-12,2024,12,PRD-00021,SUP-005,NordicSupply AS,WH-002,Personal Care,A,EUROPEAN,Sweden,264,10.16,2682.24,8,ROAD,134.9,False,DELIVERED,On Time
PO-000389,20250117,2025-01,2025,1,PRD-00021,SUP-005,NordicSupply AS,WH-003,Personal Care,A,EUROPEAN,Sweden,120,10.27,1232.4,11,ROAD,61.32,False,DELIVERED,On Time
PO-000390,20250220,2025-02,2025,2,PRD-00021,SUP-005,NordicSupply AS,WH-002,Personal Care,A,EUROPEAN,Sweden,144,9.73,1401.12,11,ROAD,73.58,False,DELIVERED,On Time
PO-000391,20250317,2025-03,2025,3,PRD-00021,SUP-005,NordicSupply AS,WH-002,Personal Care,A,EUROPEAN,Sweden,144,9.99,1438.56,9,ROAD,73.58,False,DELIVERED,On Time
PO-000392,20250416,2025-04,2025,4,PRD-00021,SUP-005,NordicSupply AS,WH-001,Personal Care,A,EUROPEAN,Sweden,168,10.16,1706.88,11,ROAD,85.85,False,DELIVERED,On Time
PO-000393,20250517,2025-05,2025,5,PRD-00021,SUP-005,NordicSupply AS,WH-002,Personal Care,A,EUROPEAN,Sweden,168,9.93,1668.24,11,ROAD,85.85,False,DELIVERED,On Time
PO-000394,20250612,2025-06,2025,6,PRD-00021,SUP-005,NordicSupply AS,WH-003,Personal Care,A,EUROPEAN,Sweden,168,10.11,1698.48,9,ROAD,85.85,False,DELIVERED,On Time
PO-000395,20250709,2025-07,2025,7,PRD-00021,SUP-005,NordicSupply AS,WH-002,Personal Care,A,EUROPEAN,Sweden,192,9.68,1858.56,13,ROAD,98.11,False,DELIVERED,Slightly Late (<5d)
PO-000396,20250806,2025-08,2025,8,PRD-00021,SUP-005,NordicSupply AS,WH-001,Personal Care,A,EUROPEAN,Sweden,168,10.15,1705.2,10,ROAD,85.85,False,DELIVERED,On Time
PO-000397,20250904,2025-09,2025,9,PRD-00021,SUP-005,NordicSupply AS,WH-002,Personal Care,A,EUROPEAN,Sweden,168,9.82,1649.76,8,ROAD,85.85,False,DELIVERED,On Time
PO-000398,20251003,2025-10,2025,10,PRD-00021,SUP-005,NordicSupply AS,WH-002,Personal Care,A,EUROPEAN,Sweden,192,9.82,1885.44,8,ROAD,98.11,False,DELIVERED,On Time
PO-000399,20251030,2025-10,2025,10,PRD-00021,SUP-005,NordicSupply AS,WH-003,Personal Care,A,EUROPEAN,Sweden,192,9.89,1898.88,8,ROAD,98.11,False,DELIVERED,On Time
PO-000400,20251124,2025-11,2025,11,PRD-00021,SUP-005,NordicSupply AS,WH-001,Personal Care,A,EUROPEAN,Sweden,240,10.15,2436.0,8,ROAD,122.64,False,DELIVERED,On Time
PO-000401,20251219,2025-12,2025,12,PRD-00021,SUP-005,NordicSupply AS,WH-003,Personal Care,A,EUROPEAN,Sweden,264,10.03,2647.92,10,ROAD,134.9,False,DELIVERED,On Time
PO-000402,20240105,2024-01,2024,1,PRD-00022,SUP-002,EuroFast GmbH,WH-003,Personal Care,C,EUROPEAN,Germany,186,2.62,487.32,7,ROAD,101.56,False,DELIVERED,Early (>5d)
PO-000403,20240304,2024-03,2024,3,PRD-00022,SUP-002,EuroFast GmbH,WH-003,Personal Care,C,EUROPEAN,Germany,222,2.61,579.42,7,ROAD,121.21,False,DELIVERED,Early (>5d)
PO-000404,20240501,2024-05,2024,5,PRD-00022,SUP-002,EuroFast GmbH,WH-003,Personal Care,C,EUROPEAN,Germany,246,2.7,664.2,10,ROAD,134.32,False,DELIVERED,On Time
PO-000405,20240704,2024-07,2024,7,PRD-00022,SUP-002,EuroFast GmbH,WH-001,Personal Care,C,EUROPEAN,Germany,270,2.55,688.5,10,ROAD,147.42,False,DELIVERED,On Time
PO-000406,20240903,2024-09,2024,9,PRD-00022,SUP-002,EuroFast GmbH,WH-003,Personal Care,C,EUROPEAN,Germany,246,2.66,654.36,7,ROAD,134.32,False,DELIVERED,Early (>5d)
PO-000407,20241105,2024-11,2024,11,PRD-00022,SUP-002,EuroFast GmbH,WH-002,Personal Care,C,EUROPEAN,Germany,336,2.76,927.36,7,ROAD,183.46,False,DELIVERED,Early (>5d)
PO-000408,20241230,2024-12,2024,12,PRD-00022,SUP-002,EuroFast GmbH,WH-001,Personal Care,C,EUROPEAN,Germany,372,2.7,1004.4,7,ROAD,203.11,False,DELIVERED,Early (>5d)
PO-000409,20250302,2025-03,2025,3,PRD-00022,SUP-002,EuroFast GmbH,WH-001,Personal Care,C,EUROPEAN,Germany,222,2.7,599.4,7,ROAD,121.21,False,DELIVERED,Early (>5d)
PO-000410,20250429,2025-04,2025,4,PRD-00022,SUP-002,EuroFast GmbH,WH-002,Personal Care,C,EUROPEAN,Germany,234,2.62,613.08,7,ROAD,127.76,False,DELIVERED,Early (>5d)
PO-000411,20250625,2025-06,2025,6,PRD-00022,SUP-002,EuroFast GmbH,WH-003,Personal Care,C,EUROPEAN,Germany,258,2.74,706.92,7,ROAD,140.87,False,DELIVERED,Early (>5d)
PO-000412,20250825,2025-08,2025,8,PRD-00022,SUP-002,EuroFast GmbH,WH-003,Personal Care,C,EUROPEAN,Germany,258,2.64,681.12,7,ROAD,140.87,False,DELIVERED,Early (>5d)
PO-000413,20251026,2025-10,2025,10,PRD-00022,SUP-002,EuroFast GmbH,WH-002,Personal Care,C,EUROPEAN,Germany,270,2.77,747.9,8,ROAD,147.42,False,DELIVERED,On Time
PO-000414,20251226,2025-12,2025,12,PRD-00022,SUP-002,EuroFast GmbH,WH-001,Personal Care,C,EUROPEAN,Germany,372,2.72,1011.84,10,ROAD,203.11,False,IN_TRANSIT,On Time
PO-000415,20240123,2024-01,2024,1,PRD-00023,SUP-005,NordicSupply AS,WH-003,Personal Care,B,EUROPEAN,Sweden,240,4.15,996.0,10,ROAD,52.32,False,DELIVERED,On Time
PO-000416,20240304,2024-03,2024,3,PRD-00023,SUP-005,NordicSupply AS,WH-003,Personal Care,B,EUROPEAN,Sweden,288,4.12,1186.56,11,ROAD,62.78,False,DELIVERED,On Time
PO-000417,20240418,2024-04,2024,4,PRD-00023,SUP-005,NordicSupply AS,WH-001,Personal Care,B,EUROPEAN,Sweden,288,4.4,1267.2,9,ROAD,62.78,False,DELIVERED,On Time
PO-000418,20240528,2024-05,2024,5,PRD-00023,SUP-005,NordicSupply AS,WH-003,Personal Care,B,EUROPEAN,Sweden,288,4.2,1209.6,8,ROAD,62.78,False,DELIVERED,On Time
PO-000419,20240713,2024-07,2024,7,PRD-00023,SUP-005,NordicSupply AS,WH-002,Personal Care,B,EUROPEAN,Sweden,336,4.25,1428.0,11,ROAD,73.25,False,DELIVERED,On Time
PO-000420,20240831,2024-08,2024,8,PRD-00023,SUP-005,NordicSupply AS,WH-002,Personal Care,B,EUROPEAN,Sweden,336,4.25,1428.0,10,ROAD,73.25,False,DELIVERED,On Time
PO-000421,20241013,2024-10,2024,10,PRD-00023,SUP-005,NordicSupply AS,WH-002,Personal Care,B,EUROPEAN,Sweden,336,4.46,1498.56,8,ROAD,73.25,False,DELIVERED,On Time
PO-000422,20241127,2024-11,2024,11,PRD-00023,SUP-005,NordicSupply AS,WH-001,Personal Care,B,EUROPEAN,Sweden,384,4.25,1632.0,10,ROAD,83.71,False,DELIVERED,On Time
PO-000423,20250109,2025-01,2025,1,PRD-00023,SUP-005,NordicSupply AS,WH-001,Personal Care,B,EUROPEAN,Sweden,240,4.18,1003.2,8,ROAD,52.32,False,DELIVERED,On Time
PO-000424,20250218,2025-02,2025,2,PRD-00023,SUP-005,NordicSupply AS,WH-002,Personal Care,B,EUROPEAN,Sweden,240,4.32,1036.8,11,ROAD,52.32,False,DELIVERED,On Time
PO-000425,20250402,2025-04,2025,4,PRD-00023,SUP-005,NordicSupply AS,WH-001,Personal Care,B,EUROPEAN,Sweden,288,4.32,1244.16,8,ROAD,62.78,False,DELIVERED,On Time
PO-000426,20250519,2025-05,2025,5,PRD-00023,SUP-005,NordicSupply AS,WH-001,Personal Care,B,EUROPEAN,Sweden,288,4.25,1224.0,9,ROAD,62.78,False,DELIVERED,On Time
PO-000427,20250702,2025-07,2025,7,PRD-00023,SUP-005,NordicSupply AS,WH-001,Personal Care,B,EUROPEAN,Sweden,336,4.33,1454.88,11,ROAD,73.25,False,DELIVERED,On Time
PO-000428,20250817,2025-08,2025,8,PRD-00023,SUP-005,NordicSupply AS,WH-001,Personal Care,B,EUROPEAN,Sweden,336,4.37,1468.32,11,ROAD,73.25,False,DELIVERED,On Time
PO-000429,20251005,2025-10,2025,10,PRD-00023,SUP-005,NordicSupply AS,WH-003,Personal Care,B,EUROPEAN,Sweden,336,4.22,1417.92,11,ROAD,73.25,False,DELIVERED,On Time
PO-000430,20251114,2025-11,2025,11,PRD-00023,SUP-005,NordicSupply AS,WH-002,Personal Care,B,EUROPEAN,Sweden,384,4.12,1582.08,13,ROAD,83.71,False,DELIVERED,Slightly Late (<5d)
PO-000431,20251227,2025-12,2025,12,PRD-00023,SUP-005,NordicSupply AS,WH-001,Personal Care,B,EUROPEAN,Sweden,432,4.28,1848.96,14,ROAD,94.18,False,IN_TRANSIT,Slightly Late (<5d)
PO-000432,20240130,2024-01,2024,1,PRD-00024,SUP-005,NordicSupply AS,WH-001,Personal Care,B,EUROPEAN,Sweden,180,6.04,1087.2,9,ROAD,64.44,False,DELIVERED,On Time
PO-000433,20240312,2024-03,2024,3,PRD-00024,SUP-005,NordicSupply AS,WH-001,Personal Care,B,EUROPEAN,Sweden,216,6.2,1339.2,8,ROAD,77.33,False,DELIVERED,On Time
PO-000434,20240426,2024-04,2024,4,PRD-00024,SUP-005,NordicSupply AS,WH-002,Personal Care,B,EUROPEAN,Sweden,228,6.09,1388.52,9,ROAD,81.62,False,DELIVERED,On Time
PO-000435,20240606,2024-06,2024,6,PRD-00024,SUP-005,NordicSupply AS,WH-001,Personal Care,B,EUROPEAN,Sweden,252,6.01,1514.52,14,ROAD,90.22,False,DELIVERED,Slightly Late (<5d)
PO-000436,20240725,2024-07,2024,7,PRD-00024,SUP-005,NordicSupply AS,WH-003,Personal Care,B,EUROPEAN,Sweden,264,6.15,1623.6,12,ROAD,94.51,False,DELIVERED,On Time
PO-000437,20240906,2024-09,2024,9,PRD-00024,SUP-005,NordicSupply AS,WH-001,Personal Care,B,EUROPEAN,Sweden,240,5.76,1382.4,8,ROAD,85.92,False,DELIVERED,On Time
PO-000438,20241024,2024-10,2024,10,PRD-00024,SUP-005,NordicSupply AS,WH-003,Personal Care,B,EUROPEAN,Sweden,264,6.06,1599.84,8,ROAD,94.51,False,DELIVERED,On Time
PO-000439,20241209,2024-12,2024,12,PRD-00024,SUP-005,NordicSupply AS,WH-001,Personal Care,B,EUROPEAN,Sweden,354,6.01,2127.54,10,ROAD,126.73,False,DELIVERED,On Time
PO-000440,20250123,2025-01,2025,1,PRD-00024,SUP-005,NordicSupply AS,WH-003,Personal Care,B,EUROPEAN,Sweden,180,6.12,1101.6,10,ROAD,64.44,False,DELIVERED,On Time
PO-000441,20250306,2025-03,2025,3,PRD-00024,SUP-005,NordicSupply AS,WH-003,Personal Care,B,EUROPEAN,Sweden,216,6.35,1371.6,8,ROAD,77.33,False,DELIVERED,On Time
PO-000442,20250423,2025-04,2025,4,PRD-00024,SUP-005,NordicSupply AS,WH-001,Personal Care,B,EUROPEAN,Sweden,228,6.1,1390.8,9,ROAD,81.62,False,DELIVERED,On Time
PO-000443,20250609,2025-06,2025,6,PRD-00024,SUP-005,NordicSupply AS,WH-002,Personal Care,B,EUROPEAN,Sweden,252,6.16,1552.32,14,ROAD,90.22,False,DELIVERED,Slightly Late (<5d)
PO-000444,20250726,2025-07,2025,7,PRD-00024,SUP-005,NordicSupply AS,WH-003,Personal Care,B,EUROPEAN,Sweden,264,6.1,1610.4,10,ROAD,94.51,False,DELIVERED,On Time
PO-000445,20250904,2025-09,2025,9,PRD-00024,SUP-005,NordicSupply AS,WH-002,Personal Care,B,EUROPEAN,Sweden,240,6.01,1442.4,9,ROAD,85.92,False,DELIVERED,On Time
PO-000446,20251020,2025-10,2025,10,PRD-00024,SUP-005,NordicSupply AS,WH-002,Personal Care,B,EUROPEAN,Sweden,264,6.02,1589.28,11,ROAD,94.51,False,DELIVERED,On Time
PO-000447,20251209,2025-12,2025,12,PRD-00024,SUP-005,NordicSupply AS,WH-002,Personal Care,B,EUROPEAN,Sweden,354,6.17,2184.18,8,ROAD,126.73,False,DELIVERED,On Time
PO-000448,20240109,2024-01,2024,1,PRD-00025,SUP-003,AsiaSource Co,WH-003,Personal Care,A,INTERCONTINENTAL,China,144,8.13,1170.72,23,SEA,41.33,False,DELIVERED,Late (>5d)
PO-000449,20240205,2024-02,2024,2,PRD-00025,SUP-003,AsiaSource Co,WH-002,Personal Care,A,INTERCONTINENTAL,China,192,8.14,1562.88,35,SEA,55.1,False,DELIVERED,Late (>5d)
PO-000450,20240305,2024-03,2024,3,PRD-00025,SUP-003,AsiaSource Co,WH-002,Personal Care,A,INTERCONTINENTAL,China,192,8.15,1564.8,28,SEA,55.1,False,DELIVERED,Late (>5d)
PO-000451,20240405,2024-04,2024,4,PRD-00025,SUP-003,AsiaSource Co,WH-001,Personal Care,A,INTERCONTINENTAL,China,192,8.17,1568.64,28,SEA,55.1,False,DELIVERED,Late (>5d)
PO-000452,20240503,2024-05,2024,5,PRD-00025,SUP-003,AsiaSource Co,WH-003,Personal Care,A,INTERCONTINENTAL,China,192,8.33,1599.36,35,SEA,55.1,False,DELIVERED,Late (>5d)
PO-000453,20240602,2024-06,2024,6,PRD-00025,SUP-003,AsiaSource Co,WH-003,Personal Care,A,INTERCONTINENTAL,China,240,8.11,1946.4,19,SEA,68.88,False,DELIVERED,Late (>5d)
PO-000454,20240703,2024-07,2024,7,PRD-00025,SUP-003,AsiaSource Co,WH-001,Personal Care,A,INTERCONTINENTAL,China,240,8.56,2054.4,25,SEA,68.88,False,DELIVERED,Late (>5d)
PO-000455,20240806,2024-08,2024,8,PRD-00025,SUP-003,AsiaSource Co,WH-002,Personal Care,A,INTERCONTINENTAL,China,240,8.37,2008.8,20,SEA,68.88,False,DELIVERED,Late (>5d)
PO-000456,20240904,2024-09,2024,9,PRD-00025,SUP-003,AsiaSource Co,WH-001,Personal Care,A,INTERCONTINENTAL,China,192,8.25,1584.0,25,SEA,55.1,False,DELIVERED,Late (>5d)
PO-000457,20241007,2024-10,2024,10,PRD-00025,SUP-003,AsiaSource Co,WH-001,Personal Care,A,INTERCONTINENTAL,China,240,7.99,1917.6,27,SEA,68.88,False,DELIVERED,Late (>5d)
PO-000458,20241107,2024-11,2024,11,PRD-00025,SUP-003,AsiaSource Co,WH-002,Personal Care,A,INTERCONTINENTAL,China,288,8.09,2329.92,23,SEA,82.66,False,DELIVERED,Late (>5d)
PO-000459,20241203,2024-12,2024,12,PRD-00025,SUP-003,AsiaSource Co,WH-002,Personal Care,A,INTERCONTINENTAL,China,336,8.27,2778.72,46,SEA,96.43,False,DELIVERED,Late (>5d)
PO-000460,20250101,2025-01,2025,1,PRD-00025,SUP-003,AsiaSource Co,WH-003,Personal Care,A,INTERCONTINENTAL,China,144,8.15,1173.6,20,SEA,41.33,False,DELIVERED,Late (>5d)
PO-000461,20250130,2025-01,2025,1,PRD-00025,SUP-003,AsiaSource Co,WH-001,Personal Care,A,INTERCONTINENTAL,China,144,8.23,1185.12,27,SEA,41.33,False,DELIVERED,Late (>5d)
PO-000462,20250303,2025-03,2025,3,PRD-00025,SUP-003,AsiaSource Co,WH-002,Personal Care,A,INTERCONTINENTAL,China,192,8.3,1593.6,28,SEA,55.1,False,DELIVERED,Late (>5d)
PO-000463,20250405,2025-04,2025,4,PRD-00025,SUP-003,AsiaSource Co,WH-002,Personal Care,A,INTERCONTINENTAL,China,192,8.05,1545.6,27,SEA,55.1,False,DELIVERED,Late (>5d)
PO-000464,20250506,2025-05,2025,5,PRD-00025,SUP-003,AsiaSource Co,WH-002,Personal Care,A,INTERCONTINENTAL,China,192,8.24,1582.08,26,SEA,55.1,False,DELIVERED,Late (>5d)
PO-000465,20250605,2025-06,2025,6,PRD-00025,SUP-003,AsiaSource Co,WH-002,Personal Care,A,INTERCONTINENTAL,China,240,8.3,1992.0,25,SEA,68.88,False,DELIVERED,Late (>5d)
PO-000466,20250705,2025-07,2025,7,PRD-00025,SUP-003,AsiaSource Co,WH-001,Personal Care,A,INTERCONTINENTAL,China,240,8.41,2018.4,52,SEA,68.88,False,DELIVERED,Late (>5d)
PO-000467,20250806,2025-08,2025,8,PRD-00025,SUP-003,AsiaSource Co,WH-001,Personal Care,A,INTERCONTINENTAL,China,240,8.12,1948.8,26,SEA,68.88,False,DELIVERED,Late (>5d)
PO-000468,20250910,2025-09,2025,9,PRD-00025,SUP-003,AsiaSource Co,WH-003,Personal Care,A,INTERCONTINENTAL,China,192,7.99,1534.08,18,SEA,55.1,False,DELIVERED,Late (>5d)
PO-000469,20251011,2025-10,2025,10,PRD-00025,SUP-003,AsiaSource Co,WH-001,Personal Care,A,INTERCONTINENTAL,China,240,8.19,1965.6,26,SEA,68.88,False,DELIVERED,Late (>5d)
PO-000470,20251114,2025-11,2025,11,PRD-00025,SUP-003,AsiaSource Co,WH-002,Personal Care,A,INTERCONTINENTAL,China,288,8.22,2367.36,19,SEA,82.66,False,DELIVERED,Late (>5d)
PO-000471,20251218,2025-12,2025,12,PRD-00025,SUP-003,AsiaSource Co,WH-002,Personal Care,A,INTERCONTINENTAL,China,336,8.16,2741.76,21,SEA,96.43,False,IN_TRANSIT,Late (>5d)
PO-000472,20240104,2024-01,2024,1,PRD-00026,SUP-002,EuroFast GmbH,WH-003,Personal Care,A,EUROPEAN,Germany,120,11.59,1390.8,12,ROAD,25.92,False,DELIVERED,On Time
PO-000473,20240205,2024-02,2024,2,PRD-00026,SUP-002,EuroFast GmbH,WH-001,Personal Care,A,EUROPEAN,Germany,120,12.03,1443.6,8,ROAD,25.92,False,DELIVERED,On Time
PO-000474,20240303,2024-03,2024,3,PRD-00026,SUP-002,EuroFast GmbH,WH-001,Personal Care,A,EUROPEAN,Germany,144,11.52,1658.88,8,ROAD,31.1,False,DELIVERED,On Time
PO-000475,20240328,2024-03,2024,3,PRD-00026,SUP-002,EuroFast GmbH,WH-001,Personal Care,A,EUROPEAN,Germany,144,11.99,1726.56,10,ROAD,31.1,False,DELIVERED,On Time
PO-000476,20240502,2024-05,2024,5,PRD-00026,SUP-002,EuroFast GmbH,WH-003,Personal Care,A,EUROPEAN,Germany,168,12.23,2054.64,8,ROAD,36.29,False,DELIVERED,On Time
PO-000477,20240529,2024-05,2024,5,PRD-00026,SUP-002,EuroFast GmbH,WH-002,Personal Care,A,EUROPEAN,Germany,168,11.68,1962.24,10,ROAD,36.29,False,DELIVERED,On Time
PO-000478,20240627,2024-06,2024,6,PRD-00026,SUP-002,EuroFast GmbH,WH-003,Personal Care,A,EUROPEAN,Germany,168,12.03,2021.04,10,ROAD,36.29,False,DELIVERED,On Time
PO-000479,20240724,2024-07,2024,7,PRD-00026,SUP-002,EuroFast GmbH,WH-002,Personal Care,A,EUROPEAN,Germany,192,11.51,2209.92,12,ROAD,41.47,False,DELIVERED,On Time
PO-000480,20240822,2024-08,2024,8,PRD-00026,SUP-002,EuroFast GmbH,WH-002,Personal Care,A,EUROPEAN,Germany,168,12.06,2026.08,10,ROAD,36.29,False,DELIVERED,On Time
PO-000481,20240920,2024-09,2024,9,PRD-00026,SUP-002,EuroFast GmbH,WH-001,Personal Care,A,EUROPEAN,Germany,168,11.81,1984.08,11,ROAD,36.29,False,DELIVERED,On Time
PO-000482,20241017,2024-10,2024,10,PRD-00026,SUP-002,EuroFast GmbH,WH-002,Personal Care,A,EUROPEAN,Germany,192,11.98,2300.16,7,ROAD,41.47,False,DELIVERED,Early (>5d)
PO-000483,20241118,2024-11,2024,11,PRD-00026,SUP-002,EuroFast GmbH,WH-003,Personal Care,A,EUROPEAN,Germany,216,11.74,2535.84,10,ROAD,46.66,False,DELIVERED,On Time
PO-000484,20241215,2024-12,2024,12,PRD-00026,SUP-002,EuroFast GmbH,WH-003,Personal Care,A,EUROPEAN,Germany,240,11.73,2815.2,9,ROAD,51.84,False,DELIVERED,On Time
PO-000485,20250114,2025-01,2025,1,PRD-00026,SUP-002,EuroFast GmbH,WH-002,Personal Care,A,EUROPEAN,Germany,120,11.96,1435.2,7,ROAD,25.92,False,DELIVERED,Early (>5d)
PO-000486,20250212,2025-02,2025,2,PRD-00026,SUP-002,EuroFast GmbH,WH-003,Personal Care,A,EUROPEAN,Germany,120,11.92,1430.4,9,ROAD,25.92,False,DELIVERED,On Time
PO-000487,20250315,2025-03,2025,3,PRD-00026,SUP-002,EuroFast GmbH,WH-001,Personal Care,A,EUROPEAN,Germany,144,11.75,1692.0,9,ROAD,31.1,False,DELIVERED,On Time
PO-000488,20250410,2025-04,2025,4,PRD-00026,SUP-002,EuroFast GmbH,WH-003,Personal Care,A,EUROPEAN,Germany,144,11.91,1715.04,9,ROAD,31.1,False,DELIVERED,On Time
PO-000489,20250505,2025-05,2025,5,PRD-00026,SUP-002,EuroFast GmbH,WH-001,Personal Care,A,EUROPEAN,Germany,168,12.19,2047.92,10,ROAD,36.29,False,DELIVERED,On Time
PO-000490,20250531,2025-05,2025,5,PRD-00026,SUP-002,EuroFast GmbH,WH-003,Personal Care,A,EUROPEAN,Germany,168,11.94,2005.92,9,ROAD,36.29,False,DELIVERED,On Time
PO-000491,20250701,2025-07,2025,7,PRD-00026,SUP-002,EuroFast GmbH,WH-001,Personal Care,A,EUROPEAN,Germany,192,11.65,2236.8,7,ROAD,41.47,False,DELIVERED,Early (>5d)
PO-000492,20250728,2025-07,2025,7,PRD-00026,SUP-002,EuroFast GmbH,WH-001,Personal Care,A,EUROPEAN,Germany,192,11.88,2280.96,7,ROAD,41.47,False,DELIVERED,Early (>5d)
PO-000493,20250830,2025-08,2025,8,PRD-00026,SUP-002,EuroFast GmbH,WH-001,Personal Care,A,EUROPEAN,Germany,168,11.87,1994.16,9,ROAD,36.29,False,DELIVERED,On Time
PO-000494,20251003,2025-10,2025,10,PRD-00026,SUP-002,EuroFast GmbH,WH-001,Personal Care,A,EUROPEAN,Germany,192,11.83,2271.36,8,ROAD,41.47,False,DELIVERED,On Time
PO-000495,20251102,2025-11,2025,11,PRD-00026,SUP-002,EuroFast GmbH,WH-003,Personal Care,A,EUROPEAN,Germany,216,11.6,2505.6,8,ROAD,46.66,False,DELIVERED,On Time
PO-000496,20251206,2025-12,2025,12,PRD-00026,SUP-002,EuroFast GmbH,WH-002,Personal Care,A,EUROPEAN,Germany,240,11.88,2851.2,11,ROAD,51.84,False,DELIVERED,On Time
PO-000497,20240106,2024-01,2024,1,PRD-00027,SUP-003,AsiaSource Co,WH-002,Personal Care,A,INTERCONTINENTAL,China,108,11.17,1206.36,27,SEA,31.86,False,DELIVERED,Late (>5d)
PO-000498,20240209,2024-02,2024,2,PRD-00027,SUP-003,AsiaSource Co,WH-001,Personal Care,A,INTERCONTINENTAL,China,120,11.27,1352.4,25,SEA,35.4,False,DELIVERED,Late (>5d)
PO-000499,20240312,2024-03,2024,3,PRD-00027,SUP-003,AsiaSource Co,WH-002,Personal Care,A,INTERCONTINENTAL,China,132,11.3,1491.6,21,SEA,38.94,False,DELIVERED,Late (>5d)
PO-000500,20240411,2024-04,2024,4,PRD-00027,SUP-003,AsiaSource Co,WH-003,Personal Care,A,INTERCONTINENTAL,China,144,11.14,1604.16,21,SEA,42.48,False,DELIVERED,Late (>5d)
PO-000501,20240512,2024-05,2024,5,PRD-00027,SUP-003,AsiaSource Co,WH-002,Personal Care,A,INTERCONTINENTAL,China,144,11.13,1602.72,21,SEA,42.48,False,DELIVERED,Late (>5d)
PO-000502,20240606,2024-06,2024,6,PRD-00027,SUP-003,AsiaSource Co,WH-001,Personal Care,A,INTERCONTINENTAL,China,156,11.18,1744.08,26,SEA,46.02,False,DELIVERED,Late (>5d)
PO-000503,20240705,2024-07,2024,7,PRD-00027,SUP-003,AsiaSource Co,WH-002,Personal Care,A,INTERCONTINENTAL,China,156,11.28,1759.68,34,SEA,46.02,False,DELIVERED,Late (>5d)
PO-000504,20240730,2024-07,2024,7,PRD-00027,SUP-003,AsiaSource Co,WH-002,Personal Care,A,INTERCONTINENTAL,China,156,11.09,1730.04,24,SEA,46.02,False,DELIVERED,Late (>5d)
PO-000505,20240829,2024-08,2024,8,PRD-00027,SUP-003,AsiaSource Co,WH-002,Personal Care,A,INTERCONTINENTAL,China,156,11.28,1759.68,22,SEA,46.02,False,DELIVERED,Late (>5d)
PO-000506,20240928,2024-09,2024,9,PRD-00027,SUP-003,AsiaSource Co,WH-001,Personal Care,A,INTERCONTINENTAL,China,144,10.95,1576.8,26,SEA,42.48,False,DELIVERED,Late (>5d)
PO-000507,20241030,2024-10,2024,10,PRD-00027,SUP-003,AsiaSource Co,WH-002,Personal Care,A,INTERCONTINENTAL,China,156,11.53,1798.68,27,SEA,46.02,False,DELIVERED,Late (>5d)
PO-000508,20241125,2024-11,2024,11,PRD-00027,SUP-003,AsiaSource Co,WH-001,Personal Care,A,INTERCONTINENTAL,China,192,11.67,2240.64,20,SEA,56.64,False,DELIVERED,Late (>5d)
PO-000509,20241220,2024-12,2024,12,PRD-00027,SUP-003,AsiaSource Co,WH-002,Personal Care,A,INTERCONTINENTAL,China,216,11.38,2458.08,44,SEA,63.72,False,DELIVERED,Late (>5d)
PO-000510,20250120,2025-01,2025,1,PRD-00027,SUP-003,AsiaSource Co,WH-003,Personal Care,A,INTERCONTINENTAL,China,108,11.21,1210.68,41,SEA,31.86,False,DELIVERED,Late (>5d)
PO-000511,20250217,2025-02,2025,2,PRD-00027,SUP-003,AsiaSource Co,WH-003,Personal Care,A,INTERCONTINENTAL,China,120,11.41,1369.2,23,SEA,35.4,False,DELIVERED,Late (>5d)
PO-000512,20250315,2025-03,2025,3,PRD-00027,SUP-003,AsiaSource Co,WH-002,Personal Care,A,INTERCONTINENTAL,China,132,10.83,1429.56,19,SEA,38.94,False,DELIVERED,Late (>5d)
PO-000513,20250410,2025-04,2025,4,PRD-00027,SUP-003,AsiaSource Co,WH-001,Personal Care,A,INTERCONTINENTAL,China,144,11.24,1618.56,27,SEA,42.48,False,DELIVERED,Late (>5d)
PO-000514,20250505,2025-05,2025,5,PRD-00027,SUP-003,AsiaSource Co,WH-003,Personal Care,A,INTERCONTINENTAL,China,144,11.31,1628.64,40,SEA,42.48,False,DELIVERED,Late (>5d)
PO-000515,20250603,2025-06,2025,6,PRD-00027,SUP-003,AsiaSource Co,WH-002,Personal Care,A,INTERCONTINENTAL,China,156,10.64,1659.84,20,SEA,46.02,False,DELIVERED,Late (>5d)
PO-000516,20250629,2025-06,2025,6,PRD-00027,SUP-003,AsiaSource Co,WH-002,Personal Care,A,INTERCONTINENTAL,China,156,11.07,1726.92,18,SEA,46.02,False,DELIVERED,Late (>5d)
PO-000517,20250729,2025-07,2025,7,PRD-00027,SUP-003,AsiaSource Co,WH-003,Personal Care,A,INTERCONTINENTAL,China,156,11.27,1758.12,19,SEA,46.02,False,DELIVERED,Late (>5d)
PO-000518,20250902,2025-09,2025,9,PRD-00027,SUP-003,AsiaSource Co,WH-001,Personal Care,A,INTERCONTINENTAL,China,144,11.41,1643.04,29,SEA,42.48,False,DELIVERED,Late (>5d)
PO-000519,20251007,2025-10,2025,10,PRD-00027,SUP-003,AsiaSource Co,WH-003,Personal Care,A,INTERCONTINENTAL,China,156,10.94,1706.64,24,SEA,46.02,False,DELIVERED,Late (>5d)
PO-000520,20251101,2025-11,2025,11,PRD-00027,SUP-003,AsiaSource Co,WH-001,Personal Care,A,INTERCONTINENTAL,China,192,11.28,2165.76,23,SEA,56.64,False,DELIVERED,Late (>5d)
PO-000521,20251206,2025-12,2025,12,PRD-00027,SUP-003,AsiaSource Co,WH-003,Personal Care,A,INTERCONTINENTAL,China,216,11.38,2458.08,22,SEA,63.72,False,DELIVERED,Late (>5d)
PO-000522,20240120,2024-01,2024,1,PRD-00028,SUP-005,NordicSupply AS,WH-002,Food and Beverage,A,EUROPEAN,Sweden,192,7.89,1514.88,10,ROAD,354.82,False,DELIVERED,On Time
PO-000523,20240223,2024-02,2024,2,PRD-00028,SUP-005,NordicSupply AS,WH-001,Food and Beverage,A,EUROPEAN,Sweden,192,7.6,1459.2,9,ROAD,354.82,False,DELIVERED,On Time
PO-000524,20240323,2024-03,2024,3,PRD-00028,SUP-005,NordicSupply AS,WH-003,Food and Beverage,A,EUROPEAN,Sweden,240,7.64,1833.6,10,ROAD,443.52,False,DELIVERED,On Time
PO-000525,20240420,2024-04,2024,4,PRD-00028,SUP-005,NordicSupply AS,WH-003,Food and Beverage,A,EUROPEAN,Sweden,240,7.78,1867.2,9,ROAD,443.52,False,DELIVERED,On Time
PO-000526,20240524,2024-05,2024,5,PRD-00028,SUP-005,NordicSupply AS,WH-002,Food and Beverage,A,EUROPEAN,Sweden,240,7.73,1855.2,9,ROAD,443.52,False,DELIVERED,On Time
PO-000527,20240619,2024-06,2024,6,PRD-00028,SUP-005,NordicSupply AS,WH-002,Food and Beverage,A,EUROPEAN,Sweden,288,8.02,2309.76,8,ROAD,532.22,False,DELIVERED,On Time
PO-000528,20240716,2024-07,2024,7,PRD-00028,SUP-005,NordicSupply AS,WH-002,Food and Beverage,A,EUROPEAN,Sweden,288,7.72,2223.36,11,ROAD,532.22,False,DELIVERED,On Time
PO-000529,20240818,2024-08,2024,8,PRD-00028,SUP-005,NordicSupply AS,WH-003,Food and Beverage,A,EUROPEAN,Sweden,288,8.21,2364.48,17,ROAD,532.22,False,DELIVERED,Slightly Late (<5d)
PO-000530,20240912,2024-09,2024,9,PRD-00028,SUP-005,NordicSupply AS,WH-002,Food and Beverage,A,EUROPEAN,Sweden,240,7.98,1915.2,13,ROAD,443.52,False,DELIVERED,Slightly Late (<5d)
PO-000531,20241013,2024-10,2024,10,PRD-00028,SUP-005,NordicSupply AS,WH-002,Food and Beverage,A,EUROPEAN,Sweden,288,8.0,2304.0,11,ROAD,532.22,False,DELIVERED,On Time
PO-000532,20241109,2024-11,2024,11,PRD-00028,SUP-005,NordicSupply AS,WH-002,Food and Beverage,A,EUROPEAN,Sweden,336,7.87,2644.32,8,ROAD,620.93,False,DELIVERED,On Time
PO-000533,20241205,2024-12,2024,12,PRD-00028,SUP-005,NordicSupply AS,WH-003,Food and Beverage,A,EUROPEAN,Sweden,384,7.75,2976.0,10,ROAD,709.63,False,DELIVERED,On Time
PO-000534,20250102,2025-01,2025,1,PRD-00028,SUP-005,NordicSupply AS,WH-002,Food and Beverage,A,EUROPEAN,Sweden,192,7.78,1493.76,11,ROAD,354.82,False,DELIVERED,On Time
PO-000535,20250128,2025-01,2025,1,PRD-00028,SUP-005,NordicSupply AS,WH-002,Food and Beverage,A,EUROPEAN,Sweden,192,7.73,1484.16,8,ROAD,354.82,False,DELIVERED,On Time
PO-000536,20250222,2025-02,2025,2,PRD-00028,SUP-005,NordicSupply AS,WH-001,Food and Beverage,A,EUROPEAN,Sweden,192,7.53,1445.76,9,ROAD,354.82,False,DELIVERED,On Time
PO-000537,20250325,2025-03,2025,3,PRD-00028,SUP-005,NordicSupply AS,WH-003,Food and Beverage,A,EUROPEAN,Sweden,240,7.54,1809.6,9,ROAD,443.52,False,DELIVERED,On Time
PO-000538,20250429,2025-04,2025,4,PRD-00028,SUP-005,NordicSupply AS,WH-003,Food and Beverage,A,EUROPEAN,Sweden,240,7.83,1879.2,9,ROAD,443.52,False,DELIVERED,On Time
PO-000539,20250527,2025-05,2025,5,PRD-00028,SUP-005,NordicSupply AS,WH-003,Food and Beverage,A,EUROPEAN,Sweden,240,7.73,1855.2,8,ROAD,443.52,False,DELIVERED,On Time
PO-000540,20250622,2025-06,2025,6,PRD-00028,SUP-005,NordicSupply AS,WH-003,Food and Beverage,A,EUROPEAN,Sweden,288,7.86,2263.68,8,ROAD,532.22,False,DELIVERED,On Time
PO-000541,20250717,2025-07,2025,7,PRD-00028,SUP-005,NordicSupply AS,WH-002,Food and Beverage,A,EUROPEAN,Sweden,288,7.65,2203.2,11,ROAD,532.22,False,DELIVERED,On Time
PO-000542,20250818,2025-08,2025,8,PRD-00028,SUP-005,NordicSupply AS,WH-003,Food and Beverage,A,EUROPEAN,Sweden,288,7.88,2269.44,10,ROAD,532.22,False,DELIVERED,On Time
PO-000543,20250922,2025-09,2025,9,PRD-00028,SUP-005,NordicSupply AS,WH-001,Food and Beverage,A,EUROPEAN,Sweden,240,7.83,1879.2,8,ROAD,443.52,False,DELIVERED,On Time
PO-000544,20251025,2025-10,2025,10,PRD-00028,SUP-005,NordicSupply AS,WH-001,Food and Beverage,A,EUROPEAN,Sweden,288,7.95,2289.6,15,ROAD,532.22,False,DELIVERED,Slightly Late (<5d)
PO-000545,20251127,2025-11,2025,11,PRD-00028,SUP-005,NordicSupply AS,WH-001,Food and Beverage,A,EUROPEAN,Sweden,336,7.59,2550.24,10,ROAD,620.93,False,DELIVERED,On Time
PO-000546,20240121,2024-01,2024,1,PRD-00029,SUP-002,EuroFast GmbH,WH-003,Food and Beverage,C,EUROPEAN,Germany,192,3.66,702.72,9,ROAD,118.66,False,DELIVERED,On Time
PO-000547,20240326,2024-03,2024,3,PRD-00029,SUP-002,EuroFast GmbH,WH-001,Food and Beverage,C,EUROPEAN,Germany,240,3.71,890.4,10,ROAD,148.32,False,DELIVERED,On Time
PO-000548,20240524,2024-05,2024,5,PRD-00029,SUP-002,EuroFast GmbH,WH-003,Food and Beverage,C,EUROPEAN,Germany,264,3.88,1024.32,7,ROAD,163.15,False,DELIVERED,Early (>5d)
PO-000549,20240723,2024-07,2024,7,PRD-00029,SUP-002,EuroFast GmbH,WH-001,Food and Beverage,C,EUROPEAN,Germany,288,3.67,1056.96,9,ROAD,177.98,False,DELIVERED,On Time
PO-000550,20240924,2024-09,2024,9,PRD-00029,SUP-002,EuroFast GmbH,WH-002,Food and Beverage,C,EUROPEAN,Germany,264,3.7,976.8,7,ROAD,163.15,False,DELIVERED,Early (>5d)
PO-000551,20241124,2024-11,2024,11,PRD-00029,SUP-002,EuroFast GmbH,WH-002,Food and Beverage,C,EUROPEAN,Germany,360,3.64,1310.4,8,ROAD,222.48,False,DELIVERED,On Time
PO-000552,20250120,2025-01,2025,1,PRD-00029,SUP-002,EuroFast GmbH,WH-003,Food and Beverage,C,EUROPEAN,Germany,192,3.66,702.72,7,ROAD,118.66,False,DELIVERED,Early (>5d)
PO-000553,20250322,2025-03,2025,3,PRD-00029,SUP-002,EuroFast GmbH,WH-001,Food and Beverage,C,EUROPEAN,Germany,240,3.81,914.4,9,ROAD,148.32,False,DELIVERED,On Time
PO-000554,20250518,2025-05,2025,5,PRD-00029,SUP-002,EuroFast GmbH,WH-001,Food and Beverage,C,EUROPEAN,Germany,264,3.74,987.36,8,ROAD,163.15,False,DELIVERED,On Time
PO-000555,20250720,2025-07,2025,7,PRD-00029,SUP-002,EuroFast GmbH,WH-002,Food and Beverage,C,EUROPEAN,Germany,288,3.52,1013.76,11,ROAD,177.98,False,DELIVERED,On Time
PO-000556,20250915,2025-09,2025,9,PRD-00029,SUP-002,EuroFast GmbH,WH-003,Food and Beverage,C,EUROPEAN,Germany,264,3.62,955.68,7,ROAD,163.15,False,DELIVERED,Early (>5d)
PO-000557,20251109,2025-11,2025,11,PRD-00029,SUP-002,EuroFast GmbH,WH-003,Food and Beverage,C,EUROPEAN,Germany,360,3.6,1296.0,10,ROAD,222.48,False,DELIVERED,On Time
PO-000558,20240125,2024-01,2024,1,PRD-00030,SUP-001,BritGoods Ltd,WH-003,Food and Beverage,A,DOMESTIC,United Kingdom,192,7.45,1430.4,3,ROAD,70.66,False,DELIVERED,Early (>5d)
PO-000559,20240220,2024-02,2024,2,PRD-00030,SUP-001,BritGoods Ltd,WH-003,Food and Beverage,A,DOMESTIC,United Kingdom,216,7.24,1563.84,3,ROAD,79.49,False,DELIVERED,Early (>5d)
PO-000560,20240324,2024-03,2024,3,PRD-00030,SUP-001,BritGoods Ltd,WH-003,Food and Beverage,A,DOMESTIC,United Kingdom,240,7.15,1716.0,3,ROAD,88.32,False,DELIVERED,Early (>5d)
PO-000561,20240427,2024-04,2024,4,PRD-00030,SUP-001,BritGoods Ltd,WH-003,Food and Beverage,A,DOMESTIC,United Kingdom,264,7.45,1966.8,4,ROAD,97.15,False,DELIVERED,Early (>5d)
PO-000562,20240523,2024-05,2024,5,PRD-00030,SUP-001,BritGoods Ltd,WH-003,Food and Beverage,A,DOMESTIC,United Kingdom,264,7.04,1858.56,5,ROAD,97.15,False,DELIVERED,Early (>5d)
PO-000563,20240627,2024-06,2024,6,PRD-00030,SUP-001,BritGoods Ltd,WH-002,Food and Beverage,A,DOMESTIC,United Kingdom,288,7.49,2157.12,4,ROAD,105.98,False,DELIVERED,Early (>5d)
PO-000564,20240728,2024-07,2024,7,PRD-00030,SUP-001,BritGoods Ltd,WH-002,Food and Beverage,A,DOMESTIC,United Kingdom,288,7.34,2113.92,4,ROAD,105.98,False,DELIVERED,Early (>5d)
PO-000565,20240826,2024-08,2024,8,PRD-00030,SUP-001,BritGoods Ltd,WH-003,Food and Beverage,A,DOMESTIC,United Kingdom,288,7.22,2079.36,3,ROAD,105.98,False,DELIVERED,Early (>5d)
PO-000566,20240930,2024-09,2024,9,PRD-00030,SUP-001,BritGoods Ltd,WH-002,Food and Beverage,A,DOMESTIC,United Kingdom,264,7.59,2003.76,3,ROAD,97.15,False,DELIVERED,Early (>5d)
PO-000567,20241025,2024-10,2024,10,PRD-00030,SUP-001,BritGoods Ltd,WH-003,Food and Beverage,A,DOMESTIC,United Kingdom,288,7.47,2151.36,3,ROAD,105.98,False,DELIVERED,Early (>5d)
PO-000568,20241124,2024-11,2024,11,PRD-00030,SUP-001,BritGoods Ltd,WH-001,Food and Beverage,A,DOMESTIC,United Kingdom,360,7.37,2653.2,3,ROAD,132.48,False,DELIVERED,Early (>5d)
PO-000569,20241223,2024-12,2024,12,PRD-00030,SUP-001,BritGoods Ltd,WH-002,Food and Beverage,A,DOMESTIC,United Kingdom,408,7.08,2888.64,4,ROAD,150.14,False,DELIVERED,Early (>5d)
PO-000570,20250118,2025-01,2025,1,PRD-00030,SUP-001,BritGoods Ltd,WH-003,Food and Beverage,A,DOMESTIC,United Kingdom,192,7.2,1382.4,5,ROAD,70.66,False,DELIVERED,Early (>5d)
PO-000571,20250215,2025-02,2025,2,PRD-00030,SUP-001,BritGoods Ltd,WH-001,Food and Beverage,A,DOMESTIC,United Kingdom,216,7.26,1568.16,3,ROAD,79.49,False,DELIVERED,Early (>5d)
PO-000572,20250315,2025-03,2025,3,PRD-00030,SUP-001,BritGoods Ltd,WH-003,Food and Beverage,A,DOMESTIC,United Kingdom,240,7.26,1742.4,3,ROAD,88.32,False,DELIVERED,Early (>5d)
PO-000573,20250410,2025-04,2025,4,PRD-00030,SUP-001,BritGoods Ltd,WH-003,Food and Beverage,A,DOMESTIC,United Kingdom,264,7.28,1921.92,5,ROAD,97.15,False,DELIVERED,Early (>5d)
PO-000574,20250505,2025-05,2025,5,PRD-00030,SUP-001,BritGoods Ltd,WH-002,Food and Beverage,A,DOMESTIC,United Kingdom,264,7.53,1987.92,3,ROAD,97.15,False,DELIVERED,Early (>5d)
PO-000575,20250604,2025-06,2025,6,PRD-00030,SUP-001,BritGoods Ltd,WH-002,Food and Beverage,A,DOMESTIC,United Kingdom,288,7.18,2067.84,6,ROAD,105.98,False,DELIVERED,Early (>5d)
PO-000576,20250706,2025-07,2025,7,PRD-00030,SUP-001,BritGoods Ltd,WH-003,Food and Beverage,A,DOMESTIC,United Kingdom,288,7.37,2122.56,3,ROAD,105.98,False,DELIVERED,Early (>5d)
PO-000577,20250804,2025-08,2025,8,PRD-00030,SUP-001,BritGoods Ltd,WH-001,Food and Beverage,A,DOMESTIC,United Kingdom,288,7.32,2108.16,3,ROAD,105.98,False,DELIVERED,Early (>5d)
PO-000578,20250829,2025-08,2025,8,PRD-00030,SUP-001,BritGoods Ltd,WH-003,Food and Beverage,A,DOMESTIC,United Kingdom,288,7.52,2165.76,3,ROAD,105.98,False,DELIVERED,Early (>5d)
PO-000579,20251002,2025-10,2025,10,PRD-00030,SUP-001,BritGoods Ltd,WH-001,Food and Beverage,A,DOMESTIC,United Kingdom,288,7.39,2128.32,3,ROAD,105.98,False,DELIVERED,Early (>5d)
PO-000580,20251104,2025-11,2025,11,PRD-00030,SUP-001,BritGoods Ltd,WH-001,Food and Beverage,A,DOMESTIC,United Kingdom,360,7.53,2710.8,5,ROAD,132.48,False,DELIVERED,Early (>5d)
PO-000581,20251206,2025-12,2025,12,PRD-00030,SUP-001,BritGoods Ltd,WH-002,Food and Beverage,A,DOMESTIC,United Kingdom,408,7.22,2945.76,4,ROAD,150.14,False,DELIVERED,Early (>5d)
PO-000582,20240124,2024-01,2024,1,PRD-00031,SUP-005,NordicSupply AS,WH-001,Food and Beverage,B,EUROPEAN,Sweden,216,5.61,1211.76,9,ROAD,321.62,False,DELIVERED,On Time
PO-000583,20240305,2024-03,2024,3,PRD-00031,SUP-005,NordicSupply AS,WH-002,Food and Beverage,B,EUROPEAN,Sweden,264,5.68,1499.52,12,ROAD,393.1,False,DELIVERED,On Time
PO-000584,20240424,2024-04,2024,4,PRD-00031,SUP-005,NordicSupply AS,WH-002,Food and Beverage,B,EUROPEAN,Sweden,264,5.48,1446.72,9,ROAD,393.1,False,DELIVERED,On Time
PO-000585,20240609,2024-06,2024,6,PRD-00031,SUP-005,NordicSupply AS,WH-002,Food and Beverage,B,EUROPEAN,Sweden,312,5.49,1712.88,11,ROAD,464.57,False,DELIVERED,On Time
PO-000586,20240720,2024-07,2024,7,PRD-00031,SUP-005,NordicSupply AS,WH-001,Food and Beverage,B,EUROPEAN,Sweden,312,5.63,1756.56,13,ROAD,464.57,False,DELIVERED,Slightly Late (<5d)
PO-000587,20240831,2024-08,2024,8,PRD-00031,SUP-005,NordicSupply AS,WH-002,Food and Beverage,B,EUROPEAN,Sweden,312,5.46,1703.52,12,ROAD,464.57,False,DELIVERED,On Time
PO-000588,20241015,2024-10,2024,10,PRD-00031,SUP-005,NordicSupply AS,WH-002,Food and Beverage,B,EUROPEAN,Sweden,312,5.47,1706.64,10,ROAD,464.57,False,DELIVERED,On Time
PO-000589,20241201,2024-12,2024,12,PRD-00031,SUP-005,NordicSupply AS,WH-003,Food and Beverage,B,EUROPEAN,Sweden,432,5.68,2453.76,11,ROAD,643.25,False,DELIVERED,On Time
PO-000590,20250117,2025-01,2025,1,PRD-00031,SUP-005,NordicSupply AS,WH-002,Food and Beverage,B,EUROPEAN,Sweden,216,5.37,1159.92,11,ROAD,321.62,False,DELIVERED,On Time
PO-000591,20250301,2025-03,2025,3,PRD-00031,SUP-005,NordicSupply AS,WH-002,Food and Beverage,B,EUROPEAN,Sweden,264,5.45,1438.8,9,ROAD,393.1,False,DELIVERED,On Time
PO-000592,20250414,2025-04,2025,4,PRD-00031,SUP-005,NordicSupply AS,WH-002,Food and Beverage,B,EUROPEAN,Sweden,264,5.57,1470.48,12,ROAD,393.1,False,DELIVERED,On Time
PO-000593,20250527,2025-05,2025,5,PRD-00031,SUP-005,NordicSupply AS,WH-001,Food and Beverage,B,EUROPEAN,Sweden,288,5.43,1563.84,12,ROAD,428.83,False,DELIVERED,On Time
PO-000594,20250709,2025-07,2025,7,PRD-00031,SUP-005,NordicSupply AS,WH-003,Food and Beverage,B,EUROPEAN,Sweden,312,5.45,1700.4,8,ROAD,464.57,False,DELIVERED,On Time
PO-000595,20250821,2025-08,2025,8,PRD-00031,SUP-005,NordicSupply AS,WH-003,Food and Beverage,B,EUROPEAN,Sweden,312,5.62,1753.44,11,ROAD,464.57,False,DELIVERED,On Time
PO-000596,20251004,2025-10,2025,10,PRD-00031,SUP-005,NordicSupply AS,WH-002,Food and Beverage,B,EUROPEAN,Sweden,312,5.58,1740.96,11,ROAD,464.57,False,DELIVERED,On Time
PO-000597,20251117,2025-11,2025,11,PRD-00031,SUP-005,NordicSupply AS,WH-001,Food and Beverage,B,EUROPEAN,Sweden,384,5.45,2092.8,9,ROAD,571.78,False,DELIVERED,On Time
PO-000598,20240131,2024-01,2024,1,PRD-00032,SUP-005,NordicSupply AS,WH-001,Food and Beverage,C,EUROPEAN,Sweden,432,1.59,686.88,10,ROAD,844.13,False,DELIVERED,On Time
PO-000599,20240405,2024-04,2024,4,PRD-00032,SUP-005,NordicSupply AS,WH-002,Food and Beverage,C,EUROPEAN,Sweden,528,1.61,850.08,11,ROAD,1031.71,False,DELIVERED,On Time
PO-000600,20240601,2024-06,2024,6,PRD-00032,SUP-005,NordicSupply AS,WH-003,Food and Beverage,C,EUROPEAN,Sweden,576,1.58,910.08,14,ROAD,1125.5,False,DELIVERED,Slightly Late (<5d)
PO-000601,20240728,2024-07,2024,7,PRD-00032,SUP-005,NordicSupply AS,WH-001,Food and Beverage,C,EUROPEAN,Sweden,624,1.58,985.92,13,ROAD,1219.3,False,DELIVERED,Slightly Late (<5d)
PO-000602,20241001,2024-10,2024,10,PRD-00032,SUP-005,NordicSupply AS,WH-001,Food and Beverage,C,EUROPEAN,Sweden,624,1.57,979.68,12,ROAD,1219.3,False,DELIVERED,On Time
PO-000603,20241201,2024-12,2024,12,PRD-00032,SUP-005,NordicSupply AS,WH-002,Food and Beverage,C,EUROPEAN,Sweden,864,1.59,1373.76,10,ROAD,1688.26,False,DELIVERED,On Time
PO-000604,20250202,2025-02,2025,2,PRD-00032,SUP-005,NordicSupply AS,WH-001,Food and Beverage,C,EUROPEAN,Sweden,432,1.6,691.2,12,ROAD,844.13,False,DELIVERED,On Time
PO-000605,20250331,2025-03,2025,3,PRD-00032,SUP-005,NordicSupply AS,WH-001,Food and Beverage,C,EUROPEAN,Sweden,528,1.59,839.52,9,ROAD,1031.71,False,DELIVERED,On Time
PO-000606,20250530,2025-05,2025,5,PRD-00032,SUP-005,NordicSupply AS,WH-002,Food and Beverage,C,EUROPEAN,Sweden,576,1.68,967.68,11,ROAD,1125.5,False,DELIVERED,On Time
PO-000607,20250802,2025-08,2025,8,PRD-00032,SUP-005,NordicSupply AS,WH-002,Food and Beverage,C,EUROPEAN,Sweden,576,1.58,910.08,8,ROAD,1125.5,False,DELIVERED,On Time
PO-000608,20251001,2025-10,2025,10,PRD-00032,SUP-005,NordicSupply AS,WH-001,Food and Beverage,C,EUROPEAN,Sweden,624,1.51,942.24,12,ROAD,1219.3,False,DELIVERED,On Time
PO-000609,20251125,2025-11,2025,11,PRD-00032,SUP-005,NordicSupply AS,WH-002,Food and Beverage,C,EUROPEAN,Sweden,768,1.57,1205.76,16,ROAD,1500.67,False,DELIVERED,Slightly Late (<5d)
PO-000610,20240110,2024-01,2024,1,PRD-00033,SUP-001,BritGoods Ltd,WH-002,Food and Beverage,A,DOMESTIC,United Kingdom,200,8.09,1618.0,5,ROAD,360.6,False,DELIVERED,Early (>5d)
PO-000611,20240209,2024-02,2024,2,PRD-00033,SUP-001,BritGoods Ltd,WH-003,Food and Beverage,A,DOMESTIC,United Kingdom,200,8.4,1680.0,3,ROAD,360.6,False,DELIVERED,Early (>5d)
PO-000612,20240307,2024-03,2024,3,PRD-00033,SUP-001,BritGoods Ltd,WH-003,Food and Beverage,A,DOMESTIC,United Kingdom,200,8.7,1740.0,4,ROAD,360.6,False,DELIVERED,Early (>5d)
PO-000613,20240409,2024-04,2024,4,PRD-00033,SUP-001,BritGoods Ltd,WH-001,Food and Beverage,A,DOMESTIC,United Kingdom,200,8.56,1712.0,4,ROAD,360.6,False,DELIVERED,Early (>5d)
PO-000614,20240506,2024-05,2024,5,PRD-00033,SUP-001,BritGoods Ltd,WH-002,Food and Beverage,A,DOMESTIC,United Kingdom,200,8.43,1686.0,3,ROAD,360.6,False,DELIVERED,Early (>5d)
PO-000615,20240609,2024-06,2024,6,PRD-00033,SUP-001,BritGoods Ltd,WH-001,Food and Beverage,A,DOMESTIC,United Kingdom,300,8.57,2571.0,6,ROAD,540.9,False,DELIVERED,Early (>5d)
PO-000616,20240707,2024-07,2024,7,PRD-00033,SUP-001,BritGoods Ltd,WH-001,Food and Beverage,A,DOMESTIC,United Kingdom,300,8.58,2574.0,4,ROAD,540.9,False,DELIVERED,Early (>5d)
PO-000617,20240801,2024-08,2024,8,PRD-00033,SUP-001,BritGoods Ltd,WH-003,Food and Beverage,A,DOMESTIC,United Kingdom,300,8.54,2562.0,3,ROAD,540.9,False,DELIVERED,Early (>5d)
PO-000618,20240826,2024-08,2024,8,PRD-00033,SUP-001,BritGoods Ltd,WH-003,Food and Beverage,A,DOMESTIC,United Kingdom,300,8.85,2655.0,3,ROAD,540.9,False,DELIVERED,Early (>5d)
PO-000619,20240922,2024-09,2024,9,PRD-00033,SUP-001,BritGoods Ltd,WH-002,Food and Beverage,A,DOMESTIC,United Kingdom,200,8.48,1696.0,3,ROAD,360.6,False,DELIVERED,Early (>5d)
PO-000620,20241022,2024-10,2024,10,PRD-00033,SUP-001,BritGoods Ltd,WH-002,Food and Beverage,A,DOMESTIC,United Kingdom,300,8.75,2625.0,4,ROAD,540.9,False,DELIVERED,Early (>5d)
PO-000621,20241124,2024-11,2024,11,PRD-00033,SUP-001,BritGoods Ltd,WH-002,Food and Beverage,A,DOMESTIC,United Kingdom,300,8.4,2520.0,3,ROAD,540.9,False,DELIVERED,Early (>5d)
PO-000622,20241226,2024-12,2024,12,PRD-00033,SUP-001,BritGoods Ltd,WH-001,Food and Beverage,A,DOMESTIC,United Kingdom,400,8.69,3476.0,4,ROAD,721.2,False,DELIVERED,Early (>5d)
PO-000623,20250129,2025-01,2025,1,PRD-00033,SUP-001,BritGoods Ltd,WH-003,Food and Beverage,A,DOMESTIC,United Kingdom,200,8.39,1678.0,7,ROAD,360.6,False,DELIVERED,Early (>5d)
PO-000624,20250305,2025-03,2025,3,PRD-00033,SUP-001,BritGoods Ltd,WH-001,Food and Beverage,A,DOMESTIC,United Kingdom,200,8.89,1778.0,4,ROAD,360.6,False,DELIVERED,Early (>5d)
PO-000625,20250408,2025-04,2025,4,PRD-00033,SUP-001,BritGoods Ltd,WH-001,Food and Beverage,A,DOMESTIC,United Kingdom,200,8.32,1664.0,4,ROAD,360.6,False,DELIVERED,Early (>5d)
PO-000626,20250510,2025-05,2025,5,PRD-00033,SUP-001,BritGoods Ltd,WH-003,Food and Beverage,A,DOMESTIC,United Kingdom,200,8.52,1704.0,5,ROAD,360.6,False,DELIVERED,Early (>5d)
PO-000627,20250610,2025-06,2025,6,PRD-00033,SUP-001,BritGoods Ltd,WH-003,Food and Beverage,A,DOMESTIC,United Kingdom,300,8.64,2592.0,3,ROAD,540.9,False,DELIVERED,Early (>5d)
PO-000628,20250713,2025-07,2025,7,PRD-00033,SUP-001,BritGoods Ltd,WH-003,Food and Beverage,A,DOMESTIC,United Kingdom,300,8.43,2529.0,5,ROAD,540.9,False,DELIVERED,Early (>5d)
PO-000629,20250810,2025-08,2025,8,PRD-00033,SUP-001,BritGoods Ltd,WH-002,Food and Beverage,A,DOMESTIC,United Kingdom,300,8.24,2472.0,5,ROAD,540.9,False,DELIVERED,Early (>5d)
PO-000630,20250912,2025-09,2025,9,PRD-00033,SUP-001,BritGoods Ltd,WH-001,Food and Beverage,A,DOMESTIC,United Kingdom,200,8.39,1678.0,7,ROAD,360.6,False,DELIVERED,Early (>5d)
PO-000631,20251012,2025-10,2025,10,PRD-00033,SUP-001,BritGoods Ltd,WH-003,Food and Beverage,A,DOMESTIC,United Kingdom,300,8.33,2499.0,5,ROAD,540.9,False,DELIVERED,Early (>5d)
PO-000632,20251116,2025-11,2025,11,PRD-00033,SUP-001,BritGoods Ltd,WH-002,Food and Beverage,A,DOMESTIC,United Kingdom,300,8.64,2592.0,3,ROAD,540.9,False,DELIVERED,Early (>5d)
PO-000633,20251212,2025-12,2025,12,PRD-00033,SUP-001,BritGoods Ltd,WH-003,Food and Beverage,A,DOMESTIC,United Kingdom,400,8.38,3352.0,5,ROAD,721.2,False,DELIVERED,Early (>5d)
PO-000634,20240126,2024-01,2024,1,PRD-00034,SUP-006,MedTrade SRL,WH-002,Food and Beverage,C,EUROPEAN,Italy,246,2.55,627.3,12,ROAD,183.76,False,DELIVERED,On Time
PO-000635,20240328,2024-03,2024,3,PRD-00034,SUP-006,MedTrade SRL,WH-002,Food and Beverage,C,EUROPEAN,Italy,300,2.64,792.0,15,ROAD,224.1,False,DELIVERED,Slightly Late (<5d)
PO-000636,20240522,2024-05,2024,5,PRD-00034,SUP-006,MedTrade SRL,WH-001,Food and Beverage,C,EUROPEAN,Italy,330,2.62,864.6,11,ROAD,246.51,False,DELIVERED,On Time
PO-000637,20240716,2024-07,2024,7,PRD-00034,SUP-006,MedTrade SRL,WH-001,Food and Beverage,C,EUROPEAN,Italy,360,2.54,914.4,13,ROAD,268.92,False,DELIVERED,Slightly Late (<5d)
PO-000638,20240917,2024-09,2024,9,PRD-00034,SUP-006,MedTrade SRL,WH-002,Food and Beverage,C,EUROPEAN,Italy,330,2.58,851.4,10,ROAD,246.51,False,DELIVERED,On Time
PO-000639,20241118,2024-11,2024,11,PRD-00034,SUP-006,MedTrade SRL,WH-002,Food and Beverage,C,EUROPEAN,Italy,444,2.58,1145.52,13,ROAD,331.67,False,DELIVERED,Slightly Late (<5d)
PO-000640,20250116,2025-01,2025,1,PRD-00034,SUP-006,MedTrade SRL,WH-002,Food and Beverage,C,EUROPEAN,Italy,246,2.5,615.0,10,ROAD,183.76,False,DELIVERED,On Time
PO-000641,20250315,2025-03,2025,3,PRD-00034,SUP-006,MedTrade SRL,WH-001,Food and Beverage,C,EUROPEAN,Italy,300,2.65,795.0,18,ROAD,224.1,False,DELIVERED,Late (>5d)
PO-000642,20250513,2025-05,2025,5,PRD-00034,SUP-006,MedTrade SRL,WH-002,Food and Beverage,C,EUROPEAN,Italy,330,2.54,838.2,16,ROAD,246.51,False,DELIVERED,Slightly Late (<5d)
PO-000643,20250708,2025-07,2025,7,PRD-00034,SUP-006,MedTrade SRL,WH-001,Food and Beverage,C,EUROPEAN,Italy,360,2.5,900.0,14,ROAD,268.92,False,DELIVERED,Slightly Late (<5d)
PO-000644,20250905,2025-09,2025,9,PRD-00034,SUP-006,MedTrade SRL,WH-001,Food and Beverage,C,EUROPEAN,Italy,330,2.56,844.8,13,ROAD,246.51,False,DELIVERED,Slightly Late (<5d)
PO-000645,20251104,2025-11,2025,11,PRD-00034,SUP-006,MedTrade SRL,WH-002,Food and Beverage,C,EUROPEAN,Italy,444,2.53,1123.32,12,ROAD,331.67,False,DELIVERED,On Time
PO-000646,20251231,2025-12,2025,12,PRD-00034,SUP-006,MedTrade SRL,WH-003,Food and Beverage,C,EUROPEAN,Italy,492,2.57,1264.44,14,ROAD,367.52,False,IN_TRANSIT,Slightly Late (<5d)
PO-000647,20240116,2024-01,2024,1,PRD-00035,SUP-006,MedTrade SRL,WH-003,Food and Beverage,A,EUROPEAN,Italy,168,8.93,1500.24,14,ROAD,131.54,False,DELIVERED,Slightly Late (<5d)
PO-000648,20240212,2024-02,2024,2,PRD-00035,SUP-006,MedTrade SRL,WH-002,Food and Beverage,A,EUROPEAN,Italy,192,8.58,1647.36,13,ROAD,150.34,False,DELIVERED,Slightly Late (<5d)
PO-000649,20240316,2024-03,2024,3,PRD-00035,SUP-006,MedTrade SRL,WH-003,Food and Beverage,A,EUROPEAN,Italy,216,9.17,1980.72,14,ROAD,169.13,False,DELIVERED,Slightly Late (<5d)
PO-000650,20240418,2024-04,2024,4,PRD-00035,SUP-006,MedTrade SRL,WH-003,Food and Beverage,A,EUROPEAN,Italy,216,8.77,1894.32,13,ROAD,169.13,False,DELIVERED,Slightly Late (<5d)
PO-000651,20240516,2024-05,2024,5,PRD-00035,SUP-006,MedTrade SRL,WH-003,Food and Beverage,A,EUROPEAN,Italy,240,8.84,2121.6,11,ROAD,187.92,False,DELIVERED,On Time
PO-000652,20240619,2024-06,2024,6,PRD-00035,SUP-006,MedTrade SRL,WH-002,Food and Beverage,A,EUROPEAN,Italy,240,8.82,2116.8,10,ROAD,187.92,False,DELIVERED,On Time
PO-000653,20240714,2024-07,2024,7,PRD-00035,SUP-006,MedTrade SRL,WH-001,Food and Beverage,A,EUROPEAN,Italy,264,8.77,2315.28,10,ROAD,206.71,False,DELIVERED,On Time
PO-000654,20240815,2024-08,2024,8,PRD-00035,SUP-006,MedTrade SRL,WH-002,Food and Beverage,A,EUROPEAN,Italy,240,8.93,2143.2,15,ROAD,187.92,False,DELIVERED,Slightly Late (<5d)
PO-000655,20240909,2024-09,2024,9,PRD-00035,SUP-006,MedTrade SRL,WH-002,Food and Beverage,A,EUROPEAN,Italy,240,8.95,2148.0,10,ROAD,187.92,False,DELIVERED,On Time
PO-000656,20241011,2024-10,2024,10,PRD-00035,SUP-006,MedTrade SRL,WH-002,Food and Beverage,A,EUROPEAN,Italy,264,9.2,2428.8,13,ROAD,206.71,False,DELIVERED,Slightly Late (<5d)
PO-000657,20241112,2024-11,2024,11,PRD-00035,SUP-006,MedTrade SRL,WH-001,Food and Beverage,A,EUROPEAN,Italy,312,9.04,2820.48,11,ROAD,244.3,False,DELIVERED,On Time
PO-000658,20241214,2024-12,2024,12,PRD-00035,SUP-006,MedTrade SRL,WH-003,Food and Beverage,A,EUROPEAN,Italy,360,9.01,3243.6,13,ROAD,281.88,False,DELIVERED,Slightly Late (<5d)
PO-000659,20250109,2025-01,2025,1,PRD-00035,SUP-006,MedTrade SRL,WH-003,Food and Beverage,A,EUROPEAN,Italy,168,8.97,1506.96,15,ROAD,131.54,False,DELIVERED,Slightly Late (<5d)
PO-000660,20250209,2025-02,2025,2,PRD-00035,SUP-006,MedTrade SRL,WH-002,Food and Beverage,A,EUROPEAN,Italy,192,9.23,1772.16,13,ROAD,150.34,False,DELIVERED,Slightly Late (<5d)
PO-000661,20250308,2025-03,2025,3,PRD-00035,SUP-006,MedTrade SRL,WH-003,Food and Beverage,A,EUROPEAN,Italy,216,8.64,1866.24,12,ROAD,169.13,False,DELIVERED,On Time
PO-000662,20250411,2025-04,2025,4,PRD-00035,SUP-006,MedTrade SRL,WH-001,Food and Beverage,A,EUROPEAN,Italy,216,8.89,1920.24,15,ROAD,169.13,False,DELIVERED,Slightly Late (<5d)
PO-000663,20250508,2025-05,2025,5,PRD-00035,SUP-006,MedTrade SRL,WH-001,Food and Beverage,A,EUROPEAN,Italy,240,8.78,2107.2,14,ROAD,187.92,False,DELIVERED,Slightly Late (<5d)
PO-000664,20250609,2025-06,2025,6,PRD-00035,SUP-006,MedTrade SRL,WH-002,Food and Beverage,A,EUROPEAN,Italy,240,8.9,2136.0,14,ROAD,187.92,False,DELIVERED,Slightly Late (<5d)
PO-000665,20250705,2025-07,2025,7,PRD-00035,SUP-006,MedTrade SRL,WH-002,Food and Beverage,A,EUROPEAN,Italy,264,8.62,2275.68,13,ROAD,206.71,False,DELIVERED,Slightly Late (<5d)
PO-000666,20250806,2025-08,2025,8,PRD-00035,SUP-006,MedTrade SRL,WH-003,Food and Beverage,A,EUROPEAN,Italy,240,9.18,2203.2,11,ROAD,187.92,False,DELIVERED,On Time
PO-000667,20250903,2025-09,2025,9,PRD-00035,SUP-006,MedTrade SRL,WH-002,Food and Beverage,A,EUROPEAN,Italy,240,8.72,2092.8,11,ROAD,187.92,False,DELIVERED,On Time
PO-000668,20251008,2025-10,2025,10,PRD-00035,SUP-006,MedTrade SRL,WH-001,Food and Beverage,A,EUROPEAN,Italy,264,8.86,2339.04,10,ROAD,206.71,False,DELIVERED,On Time
PO-000669,20251106,2025-11,2025,11,PRD-00035,SUP-006,MedTrade SRL,WH-003,Food and Beverage,A,EUROPEAN,Italy,312,8.92,2783.04,15,ROAD,244.3,False,DELIVERED,Slightly Late (<5d)
PO-000670,20251202,2025-12,2025,12,PRD-00035,SUP-006,MedTrade SRL,WH-001,Food and Beverage,A,EUROPEAN,Italy,360,9.39,3380.4,11,ROAD,281.88,False,DELIVERED,On Time
PO-000671,20251230,2025-12,2025,12,PRD-00035,SUP-006,MedTrade SRL,WH-001,Food and Beverage,A,EUROPEAN,Italy,360,9.0,3240.0,13,ROAD,281.88,False,IN_TRANSIT,Slightly Late (<5d)
PO-000672,20240111,2024-01,2024,1,PRD-00036,SUP-002,EuroFast GmbH,WH-003,Food and Beverage,B,EUROPEAN,Germany,204,6.22,1268.88,8,ROAD,284.17,False,DELIVERED,On Time
PO-000673,20240221,2024-02,2024,2,PRD-00036,SUP-002,EuroFast GmbH,WH-001,Food and Beverage,B,EUROPEAN,Germany,216,6.17,1332.72,8,ROAD,300.89,False,DELIVERED,On Time
PO-000674,20240407,2024-04,2024,4,PRD-00036,SUP-002,EuroFast GmbH,WH-001,Food and Beverage,B,EUROPEAN,Germany,258,6.16,1589.28,8,ROAD,359.39,False,DELIVERED,On Time
PO-000675,20240524,2024-05,2024,5,PRD-00036,SUP-002,EuroFast GmbH,WH-002,Food and Beverage,B,EUROPEAN,Germany,276,6.06,1672.56,7,ROAD,384.47,False,DELIVERED,Early (>5d)
PO-000676,20240713,2024-07,2024,7,PRD-00036,SUP-002,EuroFast GmbH,WH-002,Food and Beverage,B,EUROPEAN,Germany,300,6.35,1905.0,11,ROAD,417.9,False,DELIVERED,On Time
PO-000677,20240825,2024-08,2024,8,PRD-00036,SUP-002,EuroFast GmbH,WH-002,Food and Beverage,B,EUROPEAN,Germany,288,6.34,1825.92,10,ROAD,401.18,False,DELIVERED,On Time
PO-000678,20241005,2024-10,2024,10,PRD-00036,SUP-002,EuroFast GmbH,WH-003,Food and Beverage,B,EUROPEAN,Germany,300,6.35,1905.0,8,ROAD,417.9,False,DELIVERED,On Time
PO-000679,20241116,2024-11,2024,11,PRD-00036,SUP-002,EuroFast GmbH,WH-003,Food and Beverage,B,EUROPEAN,Germany,366,6.04,2210.64,9,ROAD,509.84,False,DELIVERED,On Time
PO-000680,20250105,2025-01,2025,1,PRD-00036,SUP-002,EuroFast GmbH,WH-002,Food and Beverage,B,EUROPEAN,Germany,204,6.27,1279.08,10,ROAD,284.17,False,DELIVERED,On Time
PO-000681,20250218,2025-02,2025,2,PRD-00036,SUP-002,EuroFast GmbH,WH-003,Food and Beverage,B,EUROPEAN,Germany,216,6.01,1298.16,9,ROAD,300.89,False,DELIVERED,On Time
PO-000682,20250405,2025-04,2025,4,PRD-00036,SUP-002,EuroFast GmbH,WH-001,Food and Beverage,B,EUROPEAN,Germany,258,6.31,1627.98,8,ROAD,359.39,False,DELIVERED,On Time
PO-000683,20250517,2025-05,2025,5,PRD-00036,SUP-002,EuroFast GmbH,WH-002,Food and Beverage,B,EUROPEAN,Germany,276,6.09,1680.84,9,ROAD,384.47,False,DELIVERED,On Time
PO-000684,20250702,2025-07,2025,7,PRD-00036,SUP-002,EuroFast GmbH,WH-003,Food and Beverage,B,EUROPEAN,Germany,300,6.31,1893.0,10,ROAD,417.9,False,DELIVERED,On Time
PO-000685,20250818,2025-08,2025,8,PRD-00036,SUP-002,EuroFast GmbH,WH-003,Food and Beverage,B,EUROPEAN,Germany,288,6.34,1825.92,8,ROAD,401.18,False,DELIVERED,On Time
PO-000686,20251003,2025-10,2025,10,PRD-00036,SUP-002,EuroFast GmbH,WH-003,Food and Beverage,B,EUROPEAN,Germany,300,6.24,1872.0,8,ROAD,417.9,False,DELIVERED,On Time
PO-000687,20251119,2025-11,2025,11,PRD-00036,SUP-002,EuroFast GmbH,WH-003,Food and Beverage,B,EUROPEAN,Germany,366,6.15,2250.9,10,ROAD,509.84,False,DELIVERED,On Time
PO-000688,20240116,2024-01,2024,1,PRD-00037,SUP-006,MedTrade SRL,WH-002,Food and Beverage,B,EUROPEAN,Italy,200,6.09,1218.0,14,ROAD,370.6,False,DELIVERED,Slightly Late (<5d)
PO-000689,20240229,2024-02,2024,2,PRD-00037,SUP-006,MedTrade SRL,WH-003,Food and Beverage,B,EUROPEAN,Italy,200,6.01,1202.0,16,ROAD,370.6,False,DELIVERED,Slightly Late (<5d)
PO-000690,20240417,2024-04,2024,4,PRD-00037,SUP-006,MedTrade SRL,WH-003,Food and Beverage,B,EUROPEAN,Italy,300,6.0,1800.0,12,ROAD,555.9,False,DELIVERED,On Time
PO-000691,20240605,2024-06,2024,6,PRD-00037,SUP-006,MedTrade SRL,WH-003,Food and Beverage,B,EUROPEAN,Italy,300,6.18,1854.0,11,ROAD,555.9,False,DELIVERED,On Time
PO-000692,20240722,2024-07,2024,7,PRD-00037,SUP-006,MedTrade SRL,WH-001,Food and Beverage,B,EUROPEAN,Italy,300,6.24,1872.0,10,ROAD,555.9,False,DELIVERED,On Time
PO-000693,20240902,2024-09,2024,9,PRD-00037,SUP-006,MedTrade SRL,WH-001,Food and Beverage,B,EUROPEAN,Italy,300,6.06,1818.0,12,ROAD,555.9,False,DELIVERED,On Time
PO-000694,20241012,2024-10,2024,10,PRD-00037,SUP-006,MedTrade SRL,WH-003,Food and Beverage,B,EUROPEAN,Italy,300,6.0,1800.0,11,ROAD,555.9,False,DELIVERED,On Time
PO-000695,20241125,2024-11,2024,11,PRD-00037,SUP-006,MedTrade SRL,WH-001,Food and Beverage,B,EUROPEAN,Italy,400,6.05,2420.0,13,ROAD,741.2,False,DELIVERED,Slightly Late (<5d)
PO-000696,20250111,2025-01,2025,1,PRD-00037,SUP-006,MedTrade SRL,WH-002,Food and Beverage,B,EUROPEAN,Italy,200,6.22,1244.0,16,ROAD,370.6,False,DELIVERED,Slightly Late (<5d)
PO-000697,20250301,2025-03,2025,3,PRD-00037,SUP-006,MedTrade SRL,WH-001,Food and Beverage,B,EUROPEAN,Italy,300,6.0,1800.0,16,ROAD,555.9,False,DELIVERED,Slightly Late (<5d)
PO-000698,20250414,2025-04,2025,4,PRD-00037,SUP-006,MedTrade SRL,WH-002,Food and Beverage,B,EUROPEAN,Italy,300,6.1,1830.0,10,ROAD,555.9,False,DELIVERED,On Time
PO-000699,20250528,2025-05,2025,5,PRD-00037,SUP-006,MedTrade SRL,WH-002,Food and Beverage,B,EUROPEAN,Italy,300,6.31,1893.0,21,ROAD,555.9,False,DELIVERED,Late (>5d)
PO-000700,20250709,2025-07,2025,7,PRD-00037,SUP-006,MedTrade SRL,WH-001,Food and Beverage,B,EUROPEAN,Italy,300,5.91,1773.0,10,ROAD,555.9,False,DELIVERED,On Time
PO-000701,20250825,2025-08,2025,8,PRD-00037,SUP-006,MedTrade SRL,WH-003,Food and Beverage,B,EUROPEAN,Italy,300,5.91,1773.0,10,ROAD,555.9,False,DELIVERED,On Time
PO-000702,20251010,2025-10,2025,10,PRD-00037,SUP-006,MedTrade SRL,WH-001,Food and Beverage,B,EUROPEAN,Italy,300,6.18,1854.0,12,ROAD,555.9,False,DELIVERED,On Time
PO-000703,20251128,2025-11,2025,11,PRD-00037,SUP-006,MedTrade SRL,WH-002,Food and Beverage,B,EUROPEAN,Italy,400,6.05,2420.0,14,ROAD,741.2,False,DELIVERED,Slightly Late (<5d)
PO-000704,20240117,2024-01,2024,1,PRD-00038,SUP-007,USBrands Inc,WH-002,Seasonal and Gifting,A,INTERCONTINENTAL,United States,100,18.96,1896.0,17,AIR,111.7,False,DELIVERED,Slightly Late (<5d)
PO-000705,20240212,2024-02,2024,2,PRD-00038,SUP-007,USBrands Inc,WH-002,Seasonal and Gifting,A,INTERCONTINENTAL,United States,100,18.98,1898.0,14,AIR,111.7,False,DELIVERED,Slightly Late (<5d)
PO-000706,20240308,2024-03,2024,3,PRD-00038,SUP-007,USBrands Inc,WH-003,Seasonal and Gifting,A,INTERCONTINENTAL,United States,100,18.65,1865.0,15,AIR,111.7,False,DELIVERED,Slightly Late (<5d)
PO-000707,20240411,2024-04,2024,4,PRD-00038,SUP-007,USBrands Inc,WH-001,Seasonal and Gifting,A,INTERCONTINENTAL,United States,100,19.24,1924.0,20,AIR,111.7,False,DELIVERED,Late (>5d)
PO-000708,20240512,2024-05,2024,5,PRD-00038,SUP-007,USBrands Inc,WH-002,Seasonal and Gifting,A,INTERCONTINENTAL,United States,100,18.82,1882.0,20,AIR,111.7,False,DELIVERED,Late (>5d)
PO-000709,20240608,2024-06,2024,6,PRD-00038,SUP-007,USBrands Inc,WH-001,Seasonal and Gifting,A,INTERCONTINENTAL,United States,100,19.11,1911.0,17,AIR,111.7,False,DELIVERED,Slightly Late (<5d)
PO-000710,20240713,2024-07,2024,7,PRD-00038,SUP-007,USBrands Inc,WH-002,Seasonal and Gifting,A,INTERCONTINENTAL,United States,100,18.47,1847.0,17,AIR,111.7,False,DELIVERED,Slightly Late (<5d)
PO-000711,20240815,2024-08,2024,8,PRD-00038,SUP-007,USBrands Inc,WH-002,Seasonal and Gifting,A,INTERCONTINENTAL,United States,100,18.76,1876.0,23,AIR,111.7,False,DELIVERED,Late (>5d)
PO-000712,20240914,2024-09,2024,9,PRD-00038,SUP-007,USBrands Inc,WH-003,Seasonal and Gifting,A,INTERCONTINENTAL,United States,100,18.33,1833.0,14,AIR,111.7,False,DELIVERED,Slightly Late (<5d)
PO-000713,20241011,2024-10,2024,10,PRD-00038,SUP-007,USBrands Inc,WH-003,Seasonal and Gifting,A,INTERCONTINENTAL,United States,100,19.39,1939.0,17,AIR,111.7,False,DELIVERED,Slightly Late (<5d)
PO-000714,20241110,2024-11,2024,11,PRD-00038,SUP-007,USBrands Inc,WH-001,Seasonal and Gifting,A,INTERCONTINENTAL,United States,100,19.17,1917.0,24,SEA,111.7,True,DELIVERED,Late (>5d)
PO-000715,20241215,2024-12,2024,12,PRD-00038,SUP-007,USBrands Inc,WH-002,Seasonal and Gifting,A,INTERCONTINENTAL,United States,100,18.98,1898.0,14,AIR,111.7,False,DELIVERED,Slightly Late (<5d)
PO-000716,20250110,2025-01,2025,1,PRD-00038,SUP-007,USBrands Inc,WH-001,Seasonal and Gifting,A,INTERCONTINENTAL,United States,100,18.5,1850.0,24,AIR,111.7,False,DELIVERED,Late (>5d)
PO-000717,20250208,2025-02,2025,2,PRD-00038,SUP-007,USBrands Inc,WH-003,Seasonal and Gifting,A,INTERCONTINENTAL,United States,100,18.74,1874.0,17,AIR,111.7,False,DELIVERED,Slightly Late (<5d)
PO-000718,20250306,2025-03,2025,3,PRD-00038,SUP-007,USBrands Inc,WH-002,Seasonal and Gifting,A,INTERCONTINENTAL,United States,100,19.41,1941.0,28,SEA,111.7,True,DELIVERED,Late (>5d)
PO-000719,20250408,2025-04,2025,4,PRD-00038,SUP-007,USBrands Inc,WH-002,Seasonal and Gifting,A,INTERCONTINENTAL,United States,100,19.67,1967.0,21,AIR,111.7,False,DELIVERED,Late (>5d)
PO-000720,20250509,2025-05,2025,5,PRD-00038,SUP-007,USBrands Inc,WH-003,Seasonal and Gifting,A,INTERCONTINENTAL,United States,100,19.03,1903.0,19,AIR,111.7,False,DELIVERED,Late (>5d)
PO-000721,20250609,2025-06,2025,6,PRD-00038,SUP-007,USBrands Inc,WH-002,Seasonal and Gifting,A,INTERCONTINENTAL,United States,100,18.9,1890.0,26,SEA,111.7,True,DELIVERED,Late (>5d)
PO-000722,20250712,2025-07,2025,7,PRD-00038,SUP-007,USBrands Inc,WH-001,Seasonal and Gifting,A,INTERCONTINENTAL,United States,100,18.66,1866.0,36,SEA,111.7,True,DELIVERED,Late (>5d)
PO-000723,20250810,2025-08,2025,8,PRD-00038,SUP-007,USBrands Inc,WH-001,Seasonal and Gifting,A,INTERCONTINENTAL,United States,100,18.12,1812.0,26,AIR,111.7,False,DELIVERED,Late (>5d)
PO-000724,20250904,2025-09,2025,9,PRD-00038,SUP-007,USBrands Inc,WH-003,Seasonal and Gifting,A,INTERCONTINENTAL,United States,100,18.82,1882.0,14,AIR,111.7,False,DELIVERED,Slightly Late (<5d)
PO-000725,20251008,2025-10,2025,10,PRD-00038,SUP-007,USBrands Inc,WH-002,Seasonal and Gifting,A,INTERCONTINENTAL,United States,100,18.89,1889.0,20,AIR,111.7,False,DELIVERED,Late (>5d)
PO-000726,20251109,2025-11,2025,11,PRD-00038,SUP-007,USBrands Inc,WH-002,Seasonal and Gifting,A,INTERCONTINENTAL,United States,100,19.27,1927.0,16,AIR,111.7,False,DELIVERED,Slightly Late (<5d)
PO-000727,20251212,2025-12,2025,12,PRD-00038,SUP-007,USBrands Inc,WH-003,Seasonal and Gifting,A,INTERCONTINENTAL,United States,100,19.07,1907.0,30,AIR,111.7,False,IN_TRANSIT,Late (>5d)
PO-000728,20240102,2024-01,2024,1,PRD-00039,SUP-007,USBrands Inc,WH-001,Seasonal and Gifting,A,INTERCONTINENTAL,United States,48,28.48,1367.04,16,AIR,34.51,False,DELIVERED,Slightly Late (<5d)
PO-000729,20240127,2024-01,2024,1,PRD-00039,SUP-007,USBrands Inc,WH-001,Seasonal and Gifting,A,INTERCONTINENTAL,United States,48,27.32,1311.36,15,AIR,34.51,False,DELIVERED,Slightly Late (<5d)
PO-000730,20240227,2024-02,2024,2,PRD-00039,SUP-007,USBrands Inc,WH-002,Seasonal and Gifting,A,INTERCONTINENTAL,United States,48,27.96,1342.08,16,AIR,34.51,False,DELIVERED,Slightly Late (<5d)
PO-000731,20240330,2024-03,2024,3,PRD-00039,SUP-007,USBrands Inc,WH-002,Seasonal and Gifting,A,INTERCONTINENTAL,United States,48,27.56,1322.88,36,AIR,34.51,False,DELIVERED,Late (>5d)
PO-000732,20240426,2024-04,2024,4,PRD-00039,SUP-007,USBrands Inc,WH-003,Seasonal and Gifting,A,INTERCONTINENTAL,United States,48,27.22,1306.56,17,AIR,34.51,False,DELIVERED,Slightly Late (<5d)
PO-000733,20240528,2024-05,2024,5,PRD-00039,SUP-007,USBrands Inc,WH-001,Seasonal and Gifting,A,INTERCONTINENTAL,United States,72,27.02,1945.44,25,AIR,51.77,False,DELIVERED,Late (>5d)
PO-000734,20240626,2024-06,2024,6,PRD-00039,SUP-007,USBrands Inc,WH-001,Seasonal and Gifting,A,INTERCONTINENTAL,United States,72,28.22,2031.84,15,AIR,51.77,False,DELIVERED,Slightly Late (<5d)
PO-000735,20240722,2024-07,2024,7,PRD-00039,SUP-007,USBrands Inc,WH-002,Seasonal and Gifting,A,INTERCONTINENTAL,United States,72,27.01,1944.72,27,AIR,51.77,False,DELIVERED,Late (>5d)
PO-000736,20240820,2024-08,2024,8,PRD-00039,SUP-007,USBrands Inc,WH-001,Seasonal and Gifting,A,INTERCONTINENTAL,United States,72,27.09,1950.48,24,SEA,51.77,True,DELIVERED,Late (>5d)
PO-000737,20240914,2024-09,2024,9,PRD-00039,SUP-007,USBrands Inc,WH-001,Seasonal and Gifting,A,INTERCONTINENTAL,United States,72,28.28,2036.16,17,AIR,51.77,False,DELIVERED,Slightly Late (<5d)
PO-000738,20241011,2024-10,2024,10,PRD-00039,SUP-007,USBrands Inc,WH-003,Seasonal and Gifting,A,INTERCONTINENTAL,United States,72,26.79,1928.88,14,AIR,51.77,False,DELIVERED,Slightly Late (<5d)
PO-000739,20241111,2024-11,2024,11,PRD-00039,SUP-007,USBrands Inc,WH-001,Seasonal and Gifting,A,INTERCONTINENTAL,United States,96,28.13,2700.48,28,AIR,69.02,False,DELIVERED,Late (>5d)
PO-000740,20241216,2024-12,2024,12,PRD-00039,SUP-007,USBrands Inc,WH-003,Seasonal and Gifting,A,INTERCONTINENTAL,United States,96,27.91,2679.36,24,AIR,69.02,False,DELIVERED,Late (>5d)
PO-000741,20250113,2025-01,2025,1,PRD-00039,SUP-007,USBrands Inc,WH-001,Seasonal and Gifting,A,INTERCONTINENTAL,United States,48,27.36,1313.28,16,AIR,34.51,False,DELIVERED,Slightly Late (<5d)
PO-000742,20250212,2025-02,2025,2,PRD-00039,SUP-007,USBrands Inc,WH-002,Seasonal and Gifting,A,INTERCONTINENTAL,United States,48,26.49,1271.52,22,AIR,34.51,False,DELIVERED,Late (>5d)
PO-000743,20250319,2025-03,2025,3,PRD-00039,SUP-007,USBrands Inc,WH-001,Seasonal and Gifting,A,INTERCONTINENTAL,United States,48,27.65,1327.2,22,AIR,34.51,False,DELIVERED,Late (>5d)
PO-000744,20250417,2025-04,2025,4,PRD-00039,SUP-007,USBrands Inc,WH-002,Seasonal and Gifting,A,INTERCONTINENTAL,United States,48,28.15,1351.2,18,AIR,34.51,False,DELIVERED,Late (>5d)
PO-000745,20250513,2025-05,2025,5,PRD-00039,SUP-007,USBrands Inc,WH-002,Seasonal and Gifting,A,INTERCONTINENTAL,United States,72,27.14,1954.08,18,AIR,51.77,False,DELIVERED,Late (>5d)
PO-000746,20250609,2025-06,2025,6,PRD-00039,SUP-007,USBrands Inc,WH-001,Seasonal and Gifting,A,INTERCONTINENTAL,United States,72,27.43,1974.96,25,SEA,51.77,True,DELIVERED,Late (>5d)
PO-000747,20250705,2025-07,2025,7,PRD-00039,SUP-007,USBrands Inc,WH-003,Seasonal and Gifting,A,INTERCONTINENTAL,United States,72,27.5,1980.0,21,AIR,51.77,False,DELIVERED,Late (>5d)
PO-000748,20250801,2025-08,2025,8,PRD-00039,SUP-007,USBrands Inc,WH-003,Seasonal and Gifting,A,INTERCONTINENTAL,United States,72,27.51,1980.72,33,SEA,51.77,True,DELIVERED,Late (>5d)
PO-000749,20250903,2025-09,2025,9,PRD-00039,SUP-007,USBrands Inc,WH-003,Seasonal and Gifting,A,INTERCONTINENTAL,United States,72,27.48,1978.56,19,AIR,51.77,False,DELIVERED,Late (>5d)
PO-000750,20250930,2025-09,2025,9,PRD-00039,SUP-007,USBrands Inc,WH-003,Seasonal and Gifting,A,INTERCONTINENTAL,United States,72,27.68,1992.96,22,AIR,51.77,False,DELIVERED,Late (>5d)
PO-000751,20251028,2025-10,2025,10,PRD-00039,SUP-007,USBrands Inc,WH-001,Seasonal and Gifting,A,INTERCONTINENTAL,United States,72,26.57,1913.04,17,AIR,51.77,False,DELIVERED,Slightly Late (<5d)
PO-000752,20251130,2025-11,2025,11,PRD-00039,SUP-007,USBrands Inc,WH-001,Seasonal and Gifting,A,INTERCONTINENTAL,United States,96,27.26,2616.96,27,SEA,69.02,True,DELIVERED,Late (>5d)
PO-000753,20240110,2024-01,2024,1,PRD-00040,SUP-006,MedTrade SRL,WH-002,Seasonal and Gifting,A,EUROPEAN,Italy,144,6.37,917.28,13,ROAD,159.12,False,DELIVERED,Slightly Late (<5d)
PO-000754,20240208,2024-02,2024,2,PRD-00040,SUP-006,MedTrade SRL,WH-002,Seasonal and Gifting,A,EUROPEAN,Italy,168,6.55,1100.4,12,ROAD,185.64,False,DELIVERED,On Time
PO-000755,20240307,2024-03,2024,3,PRD-00040,SUP-006,MedTrade SRL,WH-002,Seasonal and Gifting,A,EUROPEAN,Italy,168,6.4,1075.2,10,ROAD,185.64,False,DELIVERED,On Time
PO-000756,20240408,2024-04,2024,4,PRD-00040,SUP-006,MedTrade SRL,WH-001,Seasonal and Gifting,A,EUROPEAN,Italy,192,6.33,1215.36,12,ROAD,212.16,False,DELIVERED,On Time
PO-000757,20240503,2024-05,2024,5,PRD-00040,SUP-006,MedTrade SRL,WH-001,Seasonal and Gifting,A,EUROPEAN,Italy,192,6.39,1226.88,10,ROAD,212.16,False,DELIVERED,On Time
PO-000758,20240602,2024-06,2024,6,PRD-00040,SUP-006,MedTrade SRL,WH-003,Seasonal and Gifting,A,EUROPEAN,Italy,216,6.23,1345.68,14,ROAD,238.68,False,DELIVERED,Slightly Late (<5d)
PO-000759,20240706,2024-07,2024,7,PRD-00040,SUP-006,MedTrade SRL,WH-001,Seasonal and Gifting,A,EUROPEAN,Italy,216,6.36,1373.76,14,ROAD,238.68,False,DELIVERED,Slightly Late (<5d)
PO-000760,20240809,2024-08,2024,8,PRD-00040,SUP-006,MedTrade SRL,WH-001,Seasonal and Gifting,A,EUROPEAN,Italy,216,6.32,1365.12,13,ROAD,238.68,False,DELIVERED,Slightly Late (<5d)
PO-000761,20240903,2024-09,2024,9,PRD-00040,SUP-006,MedTrade SRL,WH-002,Seasonal and Gifting,A,EUROPEAN,Italy,192,6.75,1296.0,10,ROAD,212.16,False,DELIVERED,On Time
PO-000762,20240930,2024-09,2024,9,PRD-00040,SUP-006,MedTrade SRL,WH-001,Seasonal and Gifting,A,EUROPEAN,Italy,192,6.27,1203.84,17,ROAD,212.16,False,DELIVERED,Slightly Late (<5d)
PO-000763,20241026,2024-10,2024,10,PRD-00040,SUP-006,MedTrade SRL,WH-003,Seasonal and Gifting,A,EUROPEAN,Italy,216,6.55,1414.8,10,ROAD,238.68,False,DELIVERED,On Time
PO-000764,20241122,2024-11,2024,11,PRD-00040,SUP-006,MedTrade SRL,WH-002,Seasonal and Gifting,A,EUROPEAN,Italy,264,6.22,1642.08,14,ROAD,291.72,False,DELIVERED,Slightly Late (<5d)
PO-000765,20241217,2024-12,2024,12,PRD-00040,SUP-006,MedTrade SRL,WH-002,Seasonal and Gifting,A,EUROPEAN,Italy,288,6.31,1817.28,12,ROAD,318.24,False,DELIVERED,On Time
PO-000766,20250118,2025-01,2025,1,PRD-00040,SUP-006,MedTrade SRL,WH-001,Seasonal and Gifting,A,EUROPEAN,Italy,144,6.39,920.16,14,ROAD,159.12,False,DELIVERED,Slightly Late (<5d)
PO-000767,20250213,2025-02,2025,2,PRD-00040,SUP-006,MedTrade SRL,WH-003,Seasonal and Gifting,A,EUROPEAN,Italy,168,6.36,1068.48,10,ROAD,185.64,False,DELIVERED,On Time
PO-000768,20250311,2025-03,2025,3,PRD-00040,SUP-006,MedTrade SRL,WH-003,Seasonal and Gifting,A,EUROPEAN,Italy,168,6.41,1076.88,10,ROAD,185.64,False,DELIVERED,On Time
PO-000769,20250409,2025-04,2025,4,PRD-00040,SUP-006,MedTrade SRL,WH-003,Seasonal and Gifting,A,EUROPEAN,Italy,192,6.3,1209.6,12,ROAD,212.16,False,DELIVERED,On Time
PO-000770,20250514,2025-05,2025,5,PRD-00040,SUP-006,MedTrade SRL,WH-003,Seasonal and Gifting,A,EUROPEAN,Italy,192,6.32,1213.44,13,ROAD,212.16,False,DELIVERED,Slightly Late (<5d)
PO-000771,20250609,2025-06,2025,6,PRD-00040,SUP-006,MedTrade SRL,WH-001,Seasonal and Gifting,A,EUROPEAN,Italy,216,6.42,1386.72,12,ROAD,238.68,False,DELIVERED,On Time
PO-000772,20250712,2025-07,2025,7,PRD-00040,SUP-006,MedTrade SRL,WH-001,Seasonal and Gifting,A,EUROPEAN,Italy,216,6.45,1393.2,13,ROAD,238.68,False,DELIVERED,Slightly Late (<5d)
PO-000773,20250815,2025-08,2025,8,PRD-00040,SUP-006,MedTrade SRL,WH-002,Seasonal and Gifting,A,EUROPEAN,Italy,216,6.38,1378.08,16,ROAD,238.68,False,DELIVERED,Slightly Late (<5d)
PO-000774,20250912,2025-09,2025,9,PRD-00040,SUP-006,MedTrade SRL,WH-002,Seasonal and Gifting,A,EUROPEAN,Italy,192,6.44,1236.48,10,ROAD,212.16,False,DELIVERED,On Time
PO-000775,20251016,2025-10,2025,10,PRD-00040,SUP-006,MedTrade SRL,WH-003,Seasonal and Gifting,A,EUROPEAN,Italy,216,6.42,1386.72,16,ROAD,238.68,False,DELIVERED,Slightly Late (<5d)
PO-000776,20251110,2025-11,2025,11,PRD-00040,SUP-006,MedTrade SRL,WH-002,Seasonal and Gifting,A,EUROPEAN,Italy,264,6.38,1684.32,10,ROAD,291.72,False,DELIVERED,On Time
PO-000777,20251212,2025-12,2025,12,PRD-00040,SUP-006,MedTrade SRL,WH-003,Seasonal and Gifting,A,EUROPEAN,Italy,288,6.33,1823.04,12,ROAD,318.24,False,DELIVERED,On Time
PO-000778,20240105,2024-01,2024,1,PRD-00041,SUP-004,IndiaManufact Pvt,WH-002,Seasonal and Gifting,A,INTERCONTINENTAL,India,48,17.89,858.72,28,SEA,13.92,False,DELIVERED,Late (>5d)
PO-000779,20240208,2024-02,2024,2,PRD-00041,SUP-004,IndiaManufact Pvt,WH-003,Seasonal and Gifting,A,INTERCONTINENTAL,India,48,18.08,867.84,46,SEA,13.92,False,DELIVERED,Late (>5d)
PO-000780,20240307,2024-03,2024,3,PRD-00041,SUP-004,IndiaManufact Pvt,WH-003,Seasonal and Gifting,A,INTERCONTINENTAL,India,48,17.62,845.76,28,SEA,13.92,False,DELIVERED,Late (>5d)
PO-000781,20240402,2024-04,2024,4,PRD-00041,SUP-004,IndiaManufact Pvt,WH-002,Seasonal and Gifting,A,INTERCONTINENTAL,India,96,17.99,1727.04,22,SEA,27.84,False,DELIVERED,Late (>5d)
PO-000782,20240429,2024-04,2024,4,PRD-00041,SUP-004,IndiaManufact Pvt,WH-002,Seasonal and Gifting,A,INTERCONTINENTAL,India,96,18.5,1776.0,38,AIR,27.84,True,DELIVERED,Late (>5d)
PO-000783,20240601,2024-06,2024,6,PRD-00041,SUP-004,IndiaManufact Pvt,WH-001,Seasonal and Gifting,A,INTERCONTINENTAL,India,96,17.76,1704.96,26,SEA,27.84,False,DELIVERED,Late (>5d)
PO-000784,20240630,2024-06,2024,6,PRD-00041,SUP-004,IndiaManufact Pvt,WH-001,Seasonal and Gifting,A,INTERCONTINENTAL,India,96,17.71,1700.16,38,SEA,27.84,False,DELIVERED,Late (>5d)
PO-000785,20240730,2024-07,2024,7,PRD-00041,SUP-004,IndiaManufact Pvt,WH-001,Seasonal and Gifting,A,INTERCONTINENTAL,India,96,18.57,1782.72,37,SEA,27.84,False,DELIVERED,Late (>5d)
PO-000786,20240829,2024-08,2024,8,PRD-00041,SUP-004,IndiaManufact Pvt,WH-002,Seasonal and Gifting,A,INTERCONTINENTAL,India,96,17.96,1724.16,25,SEA,27.84,False,DELIVERED,Late (>5d)
PO-000787,20240929,2024-09,2024,9,PRD-00041,SUP-004,IndiaManufact Pvt,WH-001,Seasonal and Gifting,A,INTERCONTINENTAL,India,96,17.77,1705.92,20,SEA,27.84,False,DELIVERED,Late (>5d)
PO-000788,20241025,2024-10,2024,10,PRD-00041,SUP-004,IndiaManufact Pvt,WH-003,Seasonal and Gifting,A,INTERCONTINENTAL,India,96,17.76,1704.96,20,SEA,27.84,False,DELIVERED,Late (>5d)
PO-000789,20241126,2024-11,2024,11,PRD-00041,SUP-004,IndiaManufact Pvt,WH-001,Seasonal and Gifting,A,INTERCONTINENTAL,India,96,17.75,1704.0,20,SEA,27.84,False,DELIVERED,Late (>5d)
PO-000790,20241228,2024-12,2024,12,PRD-00041,SUP-004,IndiaManufact Pvt,WH-003,Seasonal and Gifting,A,INTERCONTINENTAL,India,96,17.66,1695.36,28,SEA,27.84,False,DELIVERED,Late (>5d)
PO-000791,20250201,2025-02,2025,2,PRD-00041,SUP-004,IndiaManufact Pvt,WH-003,Seasonal and Gifting,A,INTERCONTINENTAL,India,48,18.57,891.36,30,SEA,13.92,False,DELIVERED,Late (>5d)
PO-000792,20250227,2025-02,2025,2,PRD-00041,SUP-004,IndiaManufact Pvt,WH-001,Seasonal and Gifting,A,INTERCONTINENTAL,India,48,18.26,876.48,43,SEA,13.92,False,DELIVERED,Late (>5d)
PO-000793,20250331,2025-03,2025,3,PRD-00041,SUP-004,IndiaManufact Pvt,WH-003,Seasonal and Gifting,A,INTERCONTINENTAL,India,48,18.45,885.6,20,SEA,13.92,False,DELIVERED,Late (>5d)
PO-000794,20250430,2025-04,2025,4,PRD-00041,SUP-004,IndiaManufact Pvt,WH-003,Seasonal and Gifting,A,INTERCONTINENTAL,India,96,17.78,1706.88,28,SEA,27.84,False,DELIVERED,Late (>5d)
PO-000795,20250525,2025-05,2025,5,PRD-00041,SUP-004,IndiaManufact Pvt,WH-003,Seasonal and Gifting,A,INTERCONTINENTAL,India,96,18.15,1742.4,24,SEA,27.84,False,DELIVERED,Late (>5d)
PO-000796,20250622,2025-06,2025,6,PRD-00041,SUP-004,IndiaManufact Pvt,WH-001,Seasonal and Gifting,A,INTERCONTINENTAL,India,96,17.87,1715.52,28,SEA,27.84,False,DELIVERED,Late (>5d)
PO-000797,20250726,2025-07,2025,7,PRD-00041,SUP-004,IndiaManufact Pvt,WH-003,Seasonal and Gifting,A,INTERCONTINENTAL,India,96,18.19,1746.24,20,SEA,27.84,False,DELIVERED,Late (>5d)
PO-000798,20250830,2025-08,2025,8,PRD-00041,SUP-004,IndiaManufact Pvt,WH-001,Seasonal and Gifting,A,INTERCONTINENTAL,India,96,18.06,1733.76,32,SEA,27.84,False,DELIVERED,Late (>5d)
PO-000799,20251004,2025-10,2025,10,PRD-00041,SUP-004,IndiaManufact Pvt,WH-002,Seasonal and Gifting,A,INTERCONTINENTAL,India,96,17.78,1706.88,30,SEA,27.84,False,DELIVERED,Late (>5d)
PO-000800,20251108,2025-11,2025,11,PRD-00041,SUP-004,IndiaManufact Pvt,WH-002,Seasonal and Gifting,A,INTERCONTINENTAL,India,96,17.92,1720.32,27,SEA,27.84,False,DELIVERED,Late (>5d)
PO-000801,20251209,2025-12,2025,12,PRD-00041,SUP-004,IndiaManufact Pvt,WH-001,Seasonal and Gifting,A,INTERCONTINENTAL,India,96,18.28,1754.88,20,SEA,27.84,False,DELIVERED,Late (>5d)
PO-000802,20240127,2024-01,2024,1,PRD-00042,SUP-006,MedTrade SRL,WH-003,Seasonal and Gifting,A,EUROPEAN,Italy,48,20.29,973.92,13,ROAD,62.69,False,DELIVERED,Slightly Late (<5d)
PO-000803,20240226,2024-02,2024,2,PRD-00042,SUP-006,MedTrade SRL,WH-003,Seasonal and Gifting,A,EUROPEAN,Italy,48,19.98,959.04,13,ROAD,62.69,False,DELIVERED,Slightly Late (<5d)
PO-000804,20240401,2024-04,2024,4,PRD-00042,SUP-006,MedTrade SRL,WH-003,Seasonal and Gifting,A,EUROPEAN,Italy,60,20.08,1204.8,10,ROAD,78.36,False,DELIVERED,On Time
PO-000805,20240501,2024-05,2024,5,PRD-00042,SUP-006,MedTrade SRL,WH-003,Seasonal and Gifting,A,EUROPEAN,Italy,60,20.74,1244.4,15,ROAD,78.36,False,DELIVERED,Slightly Late (<5d)
PO-000806,20240530,2024-05,2024,5,PRD-00042,SUP-006,MedTrade SRL,WH-001,Seasonal and Gifting,A,EUROPEAN,Italy,60,19.72,1183.2,13,ROAD,78.36,False,DELIVERED,Slightly Late (<5d)
PO-000807,20240625,2024-06,2024,6,PRD-00042,SUP-006,MedTrade SRL,WH-002,Seasonal and Gifting,A,EUROPEAN,Italy,60,20.36,1221.6,11,ROAD,78.36,False,DELIVERED,On Time
PO-000808,20240722,2024-07,2024,7,PRD-00042,SUP-006,MedTrade SRL,WH-002,Seasonal and Gifting,A,EUROPEAN,Italy,72,20.42,1470.24,13,ROAD,94.03,False,DELIVERED,Slightly Late (<5d)
PO-000809,20240821,2024-08,2024,8,PRD-00042,SUP-006,MedTrade SRL,WH-003,Seasonal and Gifting,A,EUROPEAN,Italy,60,20.22,1213.2,15,ROAD,78.36,False,DELIVERED,Slightly Late (<5d)
PO-000810,20240915,2024-09,2024,9,PRD-00042,SUP-006,MedTrade SRL,WH-001,Seasonal and Gifting,A,EUROPEAN,Italy,60,19.76,1185.6,18,ROAD,78.36,False,DELIVERED,Late (>5d)
PO-000811,20241013,2024-10,2024,10,PRD-00042,SUP-006,MedTrade SRL,WH-003,Seasonal and Gifting,A,EUROPEAN,Italy,72,21.02,1513.44,10,ROAD,94.03,False,DELIVERED,On Time
PO-000812,20241110,2024-11,2024,11,PRD-00042,SUP-006,MedTrade SRL,WH-002,Seasonal and Gifting,A,EUROPEAN,Italy,84,19.58,1644.72,13,ROAD,109.7,False,DELIVERED,Slightly Late (<5d)
PO-000813,20241210,2024-12,2024,12,PRD-00042,SUP-006,MedTrade SRL,WH-003,Seasonal and Gifting,A,EUROPEAN,Italy,96,20.57,1974.72,21,ROAD,125.38,False,DELIVERED,Late (>5d)
PO-000814,20250108,2025-01,2025,1,PRD-00042,SUP-006,MedTrade SRL,WH-002,Seasonal and Gifting,A,EUROPEAN,Italy,48,20.32,975.36,11,ROAD,62.69,False,DELIVERED,On Time
PO-000815,20250203,2025-02,2025,2,PRD-00042,SUP-006,MedTrade SRL,WH-003,Seasonal and Gifting,A,EUROPEAN,Italy,48,20.62,989.76,10,ROAD,62.69,False,DELIVERED,On Time
PO-000816,20250301,2025-03,2025,3,PRD-00042,SUP-006,MedTrade SRL,WH-002,Seasonal and Gifting,A,EUROPEAN,Italy,60,20.65,1239.0,13,ROAD,78.36,False,DELIVERED,Slightly Late (<5d)
PO-000817,20250327,2025-03,2025,3,PRD-00042,SUP-006,MedTrade SRL,WH-002,Seasonal and Gifting,A,EUROPEAN,Italy,60,20.87,1252.2,18,ROAD,78.36,False,DELIVERED,Late (>5d)
PO-000818,20250426,2025-04,2025,4,PRD-00042,SUP-006,MedTrade SRL,WH-003,Seasonal and Gifting,A,EUROPEAN,Italy,60,19.7,1182.0,10,ROAD,78.36,False,DELIVERED,On Time
PO-000819,20250531,2025-05,2025,5,PRD-00042,SUP-006,MedTrade SRL,WH-003,Seasonal and Gifting,A,EUROPEAN,Italy,60,20.23,1213.8,18,ROAD,78.36,False,DELIVERED,Late (>5d)
PO-000820,20250704,2025-07,2025,7,PRD-00042,SUP-006,MedTrade SRL,WH-002,Seasonal and Gifting,A,EUROPEAN,Italy,72,20.12,1448.64,11,ROAD,94.03,False,DELIVERED,On Time
PO-000821,20250801,2025-08,2025,8,PRD-00042,SUP-006,MedTrade SRL,WH-002,Seasonal and Gifting,A,EUROPEAN,Italy,60,20.29,1217.4,11,ROAD,78.36,False,DELIVERED,On Time
PO-000822,20250901,2025-09,2025,9,PRD-00042,SUP-006,MedTrade SRL,WH-003,Seasonal and Gifting,A,EUROPEAN,Italy,60,20.89,1253.4,13,ROAD,78.36,False,DELIVERED,Slightly Late (<5d)
PO-000823,20251001,2025-10,2025,10,PRD-00042,SUP-006,MedTrade SRL,WH-001,Seasonal and Gifting,A,EUROPEAN,Italy,72,20.67,1488.24,13,ROAD,94.03,False,DELIVERED,Slightly Late (<5d)
PO-000824,20251027,2025-10,2025,10,PRD-00042,SUP-006,MedTrade SRL,WH-001,Seasonal and Gifting,A,EUROPEAN,Italy,72,20.3,1461.6,12,ROAD,94.03,False,DELIVERED,On Time
PO-000825,20251127,2025-11,2025,11,PRD-00042,SUP-006,MedTrade SRL,WH-002,Seasonal and Gifting,A,EUROPEAN,Italy,84,20.61,1731.24,14,ROAD,109.7,False,DELIVERED,Slightly Late (<5d)
PO-000826,20251229,2025-12,2025,12,PRD-00042,SUP-006,MedTrade SRL,WH-001,Seasonal and Gifting,A,EUROPEAN,Italy,96,20.07,1926.72,12,ROAD,125.38,False,IN_TRANSIT,On Time
PO-000827,20240123,2024-01,2024,1,PRD-00043,SUP-007,USBrands Inc,WH-001,Seasonal and Gifting,A,INTERCONTINENTAL,United States,100,10.0,1000.0,18,AIR,80.6,False,DELIVERED,Late (>5d)
PO-000828,20240224,2024-02,2024,2,PRD-00043,SUP-007,USBrands Inc,WH-003,Seasonal and Gifting,A,INTERCONTINENTAL,United States,100,10.14,1014.0,35,SEA,80.6,True,DELIVERED,Late (>5d)
PO-000829,20240330,2024-03,2024,3,PRD-00043,SUP-007,USBrands Inc,WH-002,Seasonal and Gifting,A,INTERCONTINENTAL,United States,100,9.92,992.0,15,AIR,80.6,False,DELIVERED,Slightly Late (<5d)
PO-000830,20240427,2024-04,2024,4,PRD-00043,SUP-007,USBrands Inc,WH-001,Seasonal and Gifting,A,INTERCONTINENTAL,United States,100,9.74,974.0,28,AIR,80.6,False,DELIVERED,Late (>5d)
PO-000831,20240529,2024-05,2024,5,PRD-00043,SUP-007,USBrands Inc,WH-002,Seasonal and Gifting,A,INTERCONTINENTAL,United States,200,9.7,1940.0,19,AIR,161.2,False,DELIVERED,Late (>5d)
PO-000832,20240701,2024-07,2024,7,PRD-00043,SUP-007,USBrands Inc,WH-002,Seasonal and Gifting,A,INTERCONTINENTAL,United States,200,10.22,2044.0,21,AIR,161.2,False,DELIVERED,Late (>5d)
PO-000833,20240728,2024-07,2024,7,PRD-00043,SUP-007,USBrands Inc,WH-002,Seasonal and Gifting,A,INTERCONTINENTAL,United States,200,10.0,2000.0,24,AIR,161.2,False,DELIVERED,Late (>5d)
PO-000834,20240822,2024-08,2024,8,PRD-00043,SUP-007,USBrands Inc,WH-002,Seasonal and Gifting,A,INTERCONTINENTAL,United States,200,9.9,1980.0,19,AIR,161.2,False,DELIVERED,Late (>5d)
PO-000835,20240925,2024-09,2024,9,PRD-00043,SUP-007,USBrands Inc,WH-001,Seasonal and Gifting,A,INTERCONTINENTAL,United States,200,10.17,2034.0,19,AIR,161.2,False,DELIVERED,Late (>5d)
PO-000836,20241023,2024-10,2024,10,PRD-00043,SUP-007,USBrands Inc,WH-003,Seasonal and Gifting,A,INTERCONTINENTAL,United States,200,10.25,2050.0,14,AIR,161.2,False,DELIVERED,Slightly Late (<5d)
PO-000837,20241126,2024-11,2024,11,PRD-00043,SUP-007,USBrands Inc,WH-001,Seasonal and Gifting,A,INTERCONTINENTAL,United States,200,9.86,1972.0,18,AIR,161.2,False,DELIVERED,Late (>5d)
PO-000838,20241222,2024-12,2024,12,PRD-00043,SUP-007,USBrands Inc,WH-003,Seasonal and Gifting,A,INTERCONTINENTAL,United States,200,10.02,2004.0,21,AIR,161.2,False,DELIVERED,Late (>5d)
PO-000839,20250123,2025-01,2025,1,PRD-00043,SUP-007,USBrands Inc,WH-001,Seasonal and Gifting,A,INTERCONTINENTAL,United States,100,10.02,1002.0,35,SEA,80.6,True,DELIVERED,Late (>5d)
PO-000840,20250221,2025-02,2025,2,PRD-00043,SUP-007,USBrands Inc,WH-003,Seasonal and Gifting,A,INTERCONTINENTAL,United States,100,10.09,1009.0,18,AIR,80.6,False,DELIVERED,Late (>5d)
PO-000841,20250322,2025-03,2025,3,PRD-00043,SUP-007,USBrands Inc,WH-003,Seasonal and Gifting,A,INTERCONTINENTAL,United States,100,9.73,973.0,24,AIR,80.6,False,DELIVERED,Late (>5d)
PO-000842,20250426,2025-04,2025,4,PRD-00043,SUP-007,USBrands Inc,WH-002,Seasonal and Gifting,A,INTERCONTINENTAL,United States,100,9.96,996.0,19,AIR,80.6,False,DELIVERED,Late (>5d)
PO-000843,20250524,2025-05,2025,5,PRD-00043,SUP-007,USBrands Inc,WH-003,Seasonal and Gifting,A,INTERCONTINENTAL,United States,200,9.93,1986.0,15,AIR,161.2,False,DELIVERED,Slightly Late (<5d)
PO-000844,20250627,2025-06,2025,6,PRD-00043,SUP-007,USBrands Inc,WH-001,Seasonal and Gifting,A,INTERCONTINENTAL,United States,200,10.0,2000.0,14,AIR,161.2,False,DELIVERED,Slightly Late (<5d)
PO-000845,20250728,2025-07,2025,7,PRD-00043,SUP-007,USBrands Inc,WH-003,Seasonal and Gifting,A,INTERCONTINENTAL,United States,200,10.23,2046.0,26,SEA,161.2,True,DELIVERED,Late (>5d)
PO-000846,20250827,2025-08,2025,8,PRD-00043,SUP-007,USBrands Inc,WH-001,Seasonal and Gifting,A,INTERCONTINENTAL,United States,200,10.13,2026.0,26,SEA,161.2,True,DELIVERED,Late (>5d)
PO-000847,20250923,2025-09,2025,9,PRD-00043,SUP-007,USBrands Inc,WH-001,Seasonal and Gifting,A,INTERCONTINENTAL,United States,200,9.85,1970.0,16,AIR,161.2,False,DELIVERED,Slightly Late (<5d)
PO-000848,20251019,2025-10,2025,10,PRD-00043,SUP-007,USBrands Inc,WH-001,Seasonal and Gifting,A,INTERCONTINENTAL,United States,200,10.14,2028.0,19,AIR,161.2,False,DELIVERED,Late (>5d)
PO-000849,20251117,2025-11,2025,11,PRD-00043,SUP-007,USBrands Inc,WH-001,Seasonal and Gifting,A,INTERCONTINENTAL,United States,200,10.04,2008.0,20,AIR,161.2,False,DELIVERED,Late (>5d)
PO-000850,20251215,2025-12,2025,12,PRD-00043,SUP-007,USBrands Inc,WH-003,Seasonal and Gifting,A,INTERCONTINENTAL,United States,200,10.02,2004.0,21,AIR,161.2,False,IN_TRANSIT,Late (>5d)
PO-000851,20240127,2024-01,2024,1,PRD-00044,SUP-004,IndiaManufact Pvt,WH-003,Seasonal and Gifting,A,INTERCONTINENTAL,India,48,27.41,1315.68,28,SEA,39.79,False,DELIVERED,Late (>5d)
PO-000852,20240301,2024-03,2024,3,PRD-00044,SUP-004,IndiaManufact Pvt,WH-002,Seasonal and Gifting,A,INTERCONTINENTAL,India,48,28.01,1344.48,26,SEA,39.79,False,DELIVERED,Late (>5d)
PO-000853,20240331,2024-03,2024,3,PRD-00044,SUP-004,IndiaManufact Pvt,WH-001,Seasonal and Gifting,A,INTERCONTINENTAL,India,48,26.75,1284.0,24,SEA,39.79,False,DELIVERED,Late (>5d)
PO-000854,20240425,2024-04,2024,4,PRD-00044,SUP-004,IndiaManufact Pvt,WH-003,Seasonal and Gifting,A,INTERCONTINENTAL,India,48,26.22,1258.56,24,SEA,39.79,False,DELIVERED,Late (>5d)
PO-000855,20240529,2024-05,2024,5,PRD-00044,SUP-004,IndiaManufact Pvt,WH-002,Seasonal and Gifting,A,INTERCONTINENTAL,India,48,27.66,1327.68,32,SEA,39.79,False,DELIVERED,Late (>5d)
PO-000856,20240703,2024-07,2024,7,PRD-00044,SUP-004,IndiaManufact Pvt,WH-003,Seasonal and Gifting,A,INTERCONTINENTAL,India,72,28.02,2017.44,22,SEA,59.69,False,DELIVERED,Late (>5d)
PO-000857,20240805,2024-08,2024,8,PRD-00044,SUP-004,IndiaManufact Pvt,WH-002,Seasonal and Gifting,A,INTERCONTINENTAL,India,72,26.89,1936.08,32,SEA,59.69,False,DELIVERED,Late (>5d)
PO-000858,20240907,2024-09,2024,9,PRD-00044,SUP-004,IndiaManufact Pvt,WH-002,Seasonal and Gifting,A,INTERCONTINENTAL,India,48,27.64,1326.72,22,SEA,39.79,False,DELIVERED,Late (>5d)
PO-000859,20241011,2024-10,2024,10,PRD-00044,SUP-004,IndiaManufact Pvt,WH-002,Seasonal and Gifting,A,INTERCONTINENTAL,India,72,28.31,2038.32,20,SEA,59.69,False,DELIVERED,Late (>5d)
PO-000860,20241106,2024-11,2024,11,PRD-00044,SUP-004,IndiaManufact Pvt,WH-003,Seasonal and Gifting,A,INTERCONTINENTAL,India,72,27.16,1955.52,22,SEA,59.69,False,DELIVERED,Late (>5d)
PO-000861,20241205,2024-12,2024,12,PRD-00044,SUP-004,IndiaManufact Pvt,WH-002,Seasonal and Gifting,A,INTERCONTINENTAL,India,96,27.1,2601.6,25,SEA,79.58,False,DELIVERED,Late (>5d)
PO-000862,20250107,2025-01,2025,1,PRD-00044,SUP-004,IndiaManufact Pvt,WH-003,Seasonal and Gifting,A,INTERCONTINENTAL,India,48,27.24,1307.52,21,SEA,39.79,False,DELIVERED,Late (>5d)
PO-000863,20250208,2025-02,2025,2,PRD-00044,SUP-004,IndiaManufact Pvt,WH-001,Seasonal and Gifting,A,INTERCONTINENTAL,India,48,26.92,1292.16,28,SEA,39.79,False,DELIVERED,Late (>5d)
PO-000864,20250311,2025-03,2025,3,PRD-00044,SUP-004,IndiaManufact Pvt,WH-001,Seasonal and Gifting,A,INTERCONTINENTAL,India,48,26.74,1283.52,24,SEA,39.79,False,DELIVERED,Late (>5d)
PO-000865,20250415,2025-04,2025,4,PRD-00044,SUP-004,IndiaManufact Pvt,WH-002,Seasonal and Gifting,A,INTERCONTINENTAL,India,48,27.17,1304.16,24,SEA,39.79,False,DELIVERED,Late (>5d)
PO-000866,20250514,2025-05,2025,5,PRD-00044,SUP-004,IndiaManufact Pvt,WH-002,Seasonal and Gifting,A,INTERCONTINENTAL,India,48,27.21,1306.08,24,SEA,39.79,False,DELIVERED,Late (>5d)
PO-000867,20250616,2025-06,2025,6,PRD-00044,SUP-004,IndiaManufact Pvt,WH-001,Seasonal and Gifting,A,INTERCONTINENTAL,India,72,27.16,1955.52,32,SEA,59.69,False,DELIVERED,Late (>5d)
PO-000868,20250711,2025-07,2025,7,PRD-00044,SUP-004,IndiaManufact Pvt,WH-001,Seasonal and Gifting,A,INTERCONTINENTAL,India,72,27.86,2005.92,25,SEA,59.69,False,DELIVERED,Late (>5d)
PO-000869,20250814,2025-08,2025,8,PRD-00044,SUP-004,IndiaManufact Pvt,WH-001,Seasonal and Gifting,A,INTERCONTINENTAL,India,72,26.54,1910.88,21,SEA,59.69,False,DELIVERED,Late (>5d)
PO-000870,20250908,2025-09,2025,9,PRD-00044,SUP-004,IndiaManufact Pvt,WH-002,Seasonal and Gifting,A,INTERCONTINENTAL,India,48,26.81,1286.88,24,SEA,39.79,False,DELIVERED,Late (>5d)
PO-000871,20251012,2025-10,2025,10,PRD-00044,SUP-004,IndiaManufact Pvt,WH-002,Seasonal and Gifting,A,INTERCONTINENTAL,India,72,28.0,2016.0,34,SEA,59.69,False,DELIVERED,Late (>5d)
PO-000872,20251108,2025-11,2025,11,PRD-00044,SUP-004,IndiaManufact Pvt,WH-003,Seasonal and Gifting,A,INTERCONTINENTAL,India,72,28.18,2028.96,26,SEA,59.69,False,DELIVERED,Late (>5d)
PO-000873,20251212,2025-12,2025,12,PRD-00044,SUP-004,IndiaManufact Pvt,WH-001,Seasonal and Gifting,A,INTERCONTINENTAL,India,96,26.91,2583.36,20,SEA,79.58,False,IN_TRANSIT,Late (>5d)
PO-000874,20240118,2024-01,2024,1,PRD-00045,SUP-007,USBrands Inc,WH-002,Seasonal and Gifting,A,INTERCONTINENTAL,United States,54,18.32,989.28,38,SEA,51.3,True,DELIVERED,Late (>5d)
PO-000875,20240216,2024-02,2024,2,PRD-00045,SUP-007,USBrands Inc,WH-002,Seasonal and Gifting,A,INTERCONTINENTAL,United States,60,18.02,1081.2,17,AIR,57.0,False,DELIVERED,Slightly Late (<5d)
PO-000876,20240312,2024-03,2024,3,PRD-00045,SUP-007,USBrands Inc,WH-003,Seasonal and Gifting,A,INTERCONTINENTAL,United States,66,18.39,1213.74,19,AIR,62.7,False,DELIVERED,Late (>5d)
PO-000877,20240412,2024-04,2024,4,PRD-00045,SUP-007,USBrands Inc,WH-003,Seasonal and Gifting,A,INTERCONTINENTAL,United States,72,17.92,1290.24,14,AIR,68.4,False,DELIVERED,Slightly Late (<5d)
PO-000878,20240510,2024-05,2024,5,PRD-00045,SUP-007,USBrands Inc,WH-001,Seasonal and Gifting,A,INTERCONTINENTAL,United States,72,17.9,1288.8,26,AIR,68.4,False,DELIVERED,Late (>5d)
PO-000879,20240605,2024-06,2024,6,PRD-00045,SUP-007,USBrands Inc,WH-001,Seasonal and Gifting,A,INTERCONTINENTAL,United States,78,17.63,1375.14,19,AIR,74.1,False,DELIVERED,Late (>5d)
PO-000880,20240702,2024-07,2024,7,PRD-00045,SUP-007,USBrands Inc,WH-001,Seasonal and Gifting,A,INTERCONTINENTAL,United States,78,17.56,1369.68,14,AIR,74.1,False,DELIVERED,Slightly Late (<5d)
PO-000881,20240806,2024-08,2024,8,PRD-00045,SUP-007,USBrands Inc,WH-002,Seasonal and Gifting,A,INTERCONTINENTAL,United States,78,17.95,1400.1,18,AIR,74.1,False,DELIVERED,Late (>5d)
PO-000882,20240910,2024-09,2024,9,PRD-00045,SUP-007,USBrands Inc,WH-002,Seasonal and Gifting,A,INTERCONTINENTAL,United States,72,17.67,1272.24,14,AIR,68.4,False,DELIVERED,Slightly Late (<5d)
PO-000883,20241010,2024-10,2024,10,PRD-00045,SUP-007,USBrands Inc,WH-003,Seasonal and Gifting,A,INTERCONTINENTAL,United States,78,18.42,1436.76,17,AIR,74.1,False,DELIVERED,Slightly Late (<5d)
PO-000884,20241106,2024-11,2024,11,PRD-00045,SUP-007,USBrands Inc,WH-001,Seasonal and Gifting,A,INTERCONTINENTAL,United States,96,18.37,1763.52,20,AIR,91.2,False,DELIVERED,Late (>5d)
PO-000885,20241211,2024-12,2024,12,PRD-00045,SUP-007,USBrands Inc,WH-003,Seasonal and Gifting,A,INTERCONTINENTAL,United States,108,18.3,1976.4,30,AIR,102.6,False,DELIVERED,Late (>5d)
PO-000886,20250115,2025-01,2025,1,PRD-00045,SUP-007,USBrands Inc,WH-002,Seasonal and Gifting,A,INTERCONTINENTAL,United States,54,18.21,983.34,24,AIR,51.3,False,DELIVERED,Late (>5d)
PO-000887,20250210,2025-02,2025,2,PRD-00045,SUP-007,USBrands Inc,WH-003,Seasonal and Gifting,A,INTERCONTINENTAL,United States,60,17.87,1072.2,26,AIR,57.0,False,DELIVERED,Late (>5d)
PO-000888,20250314,2025-03,2025,3,PRD-00045,SUP-007,USBrands Inc,WH-003,Seasonal and Gifting,A,INTERCONTINENTAL,United States,66,17.75,1171.5,23,AIR,62.7,False,DELIVERED,Late (>5d)
PO-000889,20250412,2025-04,2025,4,PRD-00045,SUP-007,USBrands Inc,WH-001,Seasonal and Gifting,A,INTERCONTINENTAL,United States,72,17.55,1263.6,21,AIR,68.4,False,DELIVERED,Late (>5d)
PO-000890,20250509,2025-05,2025,5,PRD-00045,SUP-007,USBrands Inc,WH-001,Seasonal and Gifting,A,INTERCONTINENTAL,United States,72,18.4,1324.8,14,AIR,68.4,False,DELIVERED,Slightly Late (<5d)
PO-000891,20250611,2025-06,2025,6,PRD-00045,SUP-007,USBrands Inc,WH-002,Seasonal and Gifting,A,INTERCONTINENTAL,United States,78,18.37,1432.86,26,AIR,74.1,False,DELIVERED,Late (>5d)
PO-000892,20250707,2025-07,2025,7,PRD-00045,SUP-007,USBrands Inc,WH-002,Seasonal and Gifting,A,INTERCONTINENTAL,United States,78,18.58,1449.24,20,AIR,74.1,False,DELIVERED,Late (>5d)
PO-000893,20250810,2025-08,2025,8,PRD-00045,SUP-007,USBrands Inc,WH-001,Seasonal and Gifting,A,INTERCONTINENTAL,United States,78,18.18,1418.04,22,AIR,74.1,False,DELIVERED,Late (>5d)
PO-000894,20250904,2025-09,2025,9,PRD-00045,SUP-007,USBrands Inc,WH-003,Seasonal and Gifting,A,INTERCONTINENTAL,United States,72,18.24,1313.28,20,AIR,68.4,False,DELIVERED,Late (>5d)
PO-000895,20251008,2025-10,2025,10,PRD-00045,SUP-007,USBrands Inc,WH-002,Seasonal and Gifting,A,INTERCONTINENTAL,United States,78,18.33,1429.74,20,AIR,74.1,False,DELIVERED,Late (>5d)
PO-000896,20251111,2025-11,2025,11,PRD-00045,SUP-007,USBrands Inc,WH-001,Seasonal and Gifting,A,INTERCONTINENTAL,United States,96,18.18,1745.28,15,AIR,91.2,False,DELIVERED,Slightly Late (<5d)
PO-000897,20251211,2025-12,2025,12,PRD-00045,SUP-007,USBrands Inc,WH-003,Seasonal and Gifting,A,INTERCONTINENTAL,United States,108,17.7,1911.6,16,AIR,102.6,False,DELIVERED,Slightly Late (<5d)
PO-000898,20240126,2024-01,2024,1,PRD-00046,SUP-008,LocalPack Ltd,WH-003,Cleaning Products,B,DOMESTIC,United Kingdom,216,6.48,1399.68,4,ROAD,394.85,False,DELIVERED,Early (>5d)
PO-000899,20240310,2024-03,2024,3,PRD-00046,SUP-008,LocalPack Ltd,WH-001,Cleaning Products,B,DOMESTIC,United Kingdom,264,6.65,1755.6,3,ROAD,482.59,False,DELIVERED,Early (>5d)
PO-000900,20240428,2024-04,2024,4,PRD-00046,SUP-008,LocalPack Ltd,WH-002,Cleaning Products,B,DOMESTIC,United Kingdom,264,6.66,1758.24,3,ROAD,482.59,False,DELIVERED,Early (>5d)
PO-000901,20240615,2024-06,2024,6,PRD-00046,SUP-008,LocalPack Ltd,WH-002,Cleaning Products,B,DOMESTIC,United Kingdom,288,6.83,1967.04,2,ROAD,526.46,False,DELIVERED,Early (>5d)
PO-000902,20240802,2024-08,2024,8,PRD-00046,SUP-008,LocalPack Ltd,WH-003,Cleaning Products,B,DOMESTIC,United Kingdom,288,6.65,1915.2,3,ROAD,526.46,False,DELIVERED,Early (>5d)
PO-000903,20240912,2024-09,2024,9,PRD-00046,SUP-008,LocalPack Ltd,WH-002,Cleaning Products,B,DOMESTIC,United Kingdom,288,6.7,1929.6,2,ROAD,526.46,False,DELIVERED,Early (>5d)
PO-000904,20241025,2024-10,2024,10,PRD-00046,SUP-008,LocalPack Ltd,WH-003,Cleaning Products,B,DOMESTIC,United Kingdom,312,6.68,2084.16,2,ROAD,570.34,False,DELIVERED,Early (>5d)
PO-000905,20241213,2024-12,2024,12,PRD-00046,SUP-008,LocalPack Ltd,WH-002,Cleaning Products,B,DOMESTIC,United Kingdom,432,6.41,2769.12,3,ROAD,789.7,False,DELIVERED,Early (>5d)
PO-000906,20250122,2025-01,2025,1,PRD-00046,SUP-008,LocalPack Ltd,WH-002,Cleaning Products,B,DOMESTIC,United Kingdom,216,6.5,1404.0,3,ROAD,394.85,False,DELIVERED,Early (>5d)
PO-000907,20250311,2025-03,2025,3,PRD-00046,SUP-008,LocalPack Ltd,WH-003,Cleaning Products,B,DOMESTIC,United Kingdom,264,6.46,1705.44,2,ROAD,482.59,False,DELIVERED,Early (>5d)
PO-000908,20250422,2025-04,2025,4,PRD-00046,SUP-008,LocalPack Ltd,WH-002,Cleaning Products,B,DOMESTIC,United Kingdom,264,6.5,1716.0,2,ROAD,482.59,False,DELIVERED,Early (>5d)
PO-000909,20250608,2025-06,2025,6,PRD-00046,SUP-008,LocalPack Ltd,WH-003,Cleaning Products,B,DOMESTIC,United Kingdom,288,6.45,1857.6,2,ROAD,526.46,False,DELIVERED,Early (>5d)
PO-000910,20250728,2025-07,2025,7,PRD-00046,SUP-008,LocalPack Ltd,WH-001,Cleaning Products,B,DOMESTIC,United Kingdom,312,6.64,2071.68,2,ROAD,570.34,False,DELIVERED,Early (>5d)
PO-000911,20250913,2025-09,2025,9,PRD-00046,SUP-008,LocalPack Ltd,WH-003,Cleaning Products,B,DOMESTIC,United Kingdom,288,6.52,1877.76,3,ROAD,526.46,False,DELIVERED,Early (>5d)
PO-000912,20251026,2025-10,2025,10,PRD-00046,SUP-008,LocalPack Ltd,WH-003,Cleaning Products,B,DOMESTIC,United Kingdom,312,6.67,2081.04,2,ROAD,570.34,False,DELIVERED,Early (>5d)
PO-000913,20251205,2025-12,2025,12,PRD-00046,SUP-008,LocalPack Ltd,WH-002,Cleaning Products,B,DOMESTIC,United Kingdom,432,6.44,2782.08,2,ROAD,789.7,False,DELIVERED,Early (>5d)
PO-000914,20240119,2024-01,2024,1,PRD-00047,SUP-002,EuroFast GmbH,WH-002,Cleaning Products,C,EUROPEAN,Germany,216,3.75,810.0,7,ROAD,769.18,False,DELIVERED,Early (>5d)
PO-000915,20240317,2024-03,2024,3,PRD-00047,SUP-002,EuroFast GmbH,WH-003,Cleaning Products,C,EUROPEAN,Germany,264,3.71,979.44,8,ROAD,940.1,False,DELIVERED,On Time
PO-000916,20240519,2024-05,2024,5,PRD-00047,SUP-002,EuroFast GmbH,WH-003,Cleaning Products,C,EUROPEAN,Germany,288,3.55,1022.4,9,ROAD,1025.57,False,DELIVERED,On Time
PO-000917,20240723,2024-07,2024,7,PRD-00047,SUP-002,EuroFast GmbH,WH-001,Cleaning Products,C,EUROPEAN,Germany,312,3.66,1141.92,9,ROAD,1111.03,False,DELIVERED,On Time
PO-000918,20240919,2024-09,2024,9,PRD-00047,SUP-002,EuroFast GmbH,WH-002,Cleaning Products,C,EUROPEAN,Germany,288,3.64,1048.32,10,ROAD,1025.57,False,DELIVERED,On Time
PO-000919,20241115,2024-11,2024,11,PRD-00047,SUP-002,EuroFast GmbH,WH-002,Cleaning Products,C,EUROPEAN,Germany,384,3.62,1390.08,9,ROAD,1367.42,False,DELIVERED,On Time
PO-000920,20250116,2025-01,2025,1,PRD-00047,SUP-002,EuroFast GmbH,WH-002,Cleaning Products,C,EUROPEAN,Germany,216,3.66,790.56,9,ROAD,769.18,False,DELIVERED,On Time
PO-000921,20250312,2025-03,2025,3,PRD-00047,SUP-002,EuroFast GmbH,WH-003,Cleaning Products,C,EUROPEAN,Germany,264,3.73,984.72,8,ROAD,940.1,False,DELIVERED,On Time
PO-000922,20250511,2025-05,2025,5,PRD-00047,SUP-002,EuroFast GmbH,WH-001,Cleaning Products,C,EUROPEAN,Germany,288,3.84,1105.92,7,ROAD,1025.57,False,DELIVERED,Early (>5d)
PO-000923,20250714,2025-07,2025,7,PRD-00047,SUP-002,EuroFast GmbH,WH-001,Cleaning Products,C,EUROPEAN,Germany,312,3.54,1104.48,9,ROAD,1111.03,False,DELIVERED,On Time
PO-000924,20250910,2025-09,2025,9,PRD-00047,SUP-002,EuroFast GmbH,WH-001,Cleaning Products,C,EUROPEAN,Germany,288,3.69,1062.72,7,ROAD,1025.57,False,DELIVERED,Early (>5d)
PO-000925,20251105,2025-11,2025,11,PRD-00047,SUP-002,EuroFast GmbH,WH-003,Cleaning Products,C,EUROPEAN,Germany,384,3.64,1397.76,9,ROAD,1367.42,False,DELIVERED,On Time
PO-000926,20251230,2025-12,2025,12,PRD-00047,SUP-002,EuroFast GmbH,WH-002,Cleaning Products,C,EUROPEAN,Germany,432,3.73,1611.36,8,ROAD,1538.35,False,IN_TRANSIT,On Time
PO-000927,20240127,2024-01,2024,1,PRD-00048,SUP-008,LocalPack Ltd,WH-003,Cleaning Products,B,DOMESTIC,United Kingdom,288,4.81,1385.28,2,ROAD,355.68,False,DELIVERED,Early (>5d)
PO-000928,20240313,2024-03,2024,3,PRD-00048,SUP-008,LocalPack Ltd,WH-001,Cleaning Products,B,DOMESTIC,United Kingdom,384,4.73,1816.32,3,ROAD,474.24,False,DELIVERED,Early (>5d)
PO-000929,20240423,2024-04,2024,4,PRD-00048,SUP-008,LocalPack Ltd,WH-002,Cleaning Products,B,DOMESTIC,United Kingdom,384,4.87,1870.08,2,ROAD,474.24,False,DELIVERED,Early (>5d)
PO-000930,20240602,2024-06,2024,6,PRD-00048,SUP-008,LocalPack Ltd,WH-002,Cleaning Products,B,DOMESTIC,United Kingdom,432,5.07,2190.24,2,ROAD,533.52,False,DELIVERED,Early (>5d)
PO-000931,20240722,2024-07,2024,7,PRD-00048,SUP-008,LocalPack Ltd,WH-001,Cleaning Products,B,DOMESTIC,United Kingdom,432,4.74,2047.68,2,ROAD,533.52,False,DELIVERED,Early (>5d)
PO-000932,20240904,2024-09,2024,9,PRD-00048,SUP-008,LocalPack Ltd,WH-002,Cleaning Products,B,DOMESTIC,United Kingdom,384,4.84,1858.56,2,ROAD,474.24,False,DELIVERED,Early (>5d)
PO-000933,20241015,2024-10,2024,10,PRD-00048,SUP-008,LocalPack Ltd,WH-002,Cleaning Products,B,DOMESTIC,United Kingdom,432,4.93,2129.76,2,ROAD,533.52,False,DELIVERED,Early (>5d)
PO-000934,20241203,2024-12,2024,12,PRD-00048,SUP-008,LocalPack Ltd,WH-002,Cleaning Products,B,DOMESTIC,United Kingdom,624,4.87,3038.88,3,ROAD,770.64,False,DELIVERED,Early (>5d)
PO-000935,20250115,2025-01,2025,1,PRD-00048,SUP-008,LocalPack Ltd,WH-001,Cleaning Products,B,DOMESTIC,United Kingdom,288,5.09,1465.92,3,ROAD,355.68,False,DELIVERED,Early (>5d)
PO-000936,20250303,2025-03,2025,3,PRD-00048,SUP-008,LocalPack Ltd,WH-003,Cleaning Products,B,DOMESTIC,United Kingdom,384,4.84,1858.56,3,ROAD,474.24,False,DELIVERED,Early (>5d)
PO-000937,20250414,2025-04,2025,4,PRD-00048,SUP-008,LocalPack Ltd,WH-001,Cleaning Products,B,DOMESTIC,United Kingdom,384,4.92,1889.28,3,ROAD,474.24,False,DELIVERED,Early (>5d)
PO-000938,20250525,2025-05,2025,5,PRD-00048,SUP-008,LocalPack Ltd,WH-003,Cleaning Products,B,DOMESTIC,United Kingdom,384,4.98,1912.32,3,ROAD,474.24,False,DELIVERED,Early (>5d)
PO-000939,20250714,2025-07,2025,7,PRD-00048,SUP-008,LocalPack Ltd,WH-002,Cleaning Products,B,DOMESTIC,United Kingdom,432,5.0,2160.0,3,ROAD,533.52,False,DELIVERED,Early (>5d)
PO-000940,20250829,2025-08,2025,8,PRD-00048,SUP-008,LocalPack Ltd,WH-001,Cleaning Products,B,DOMESTIC,United Kingdom,432,5.02,2168.64,3,ROAD,533.52,False,DELIVERED,Early (>5d)
PO-000941,20251010,2025-10,2025,10,PRD-00048,SUP-008,LocalPack Ltd,WH-003,Cleaning Products,B,DOMESTIC,United Kingdom,432,4.82,2082.24,2,ROAD,533.52,False,DELIVERED,Early (>5d)
PO-000942,20251126,2025-11,2025,11,PRD-00048,SUP-008,LocalPack Ltd,WH-001,Cleaning Products,B,DOMESTIC,United Kingdom,528,4.78,2523.84,3,ROAD,652.08,False,DELIVERED,Early (>5d)
PO-000943,20240108,2024-01,2024,1,PRD-00049,SUP-008,LocalPack Ltd,WH-001,Cleaning Products,A,DOMESTIC,United Kingdom,192,10.56,2027.52,2,ROAD,614.02,False,DELIVERED,Early (>5d)
PO-000944,20240210,2024-02,2024,2,PRD-00049,SUP-008,LocalPack Ltd,WH-002,Cleaning Products,A,DOMESTIC,United Kingdom,192,10.4,1996.8,4,ROAD,614.02,False,DELIVERED,Early (>5d)
PO-000945,20240311,2024-03,2024,3,PRD-00049,SUP-008,LocalPack Ltd,WH-001,Cleaning Products,A,DOMESTIC,United Kingdom,192,10.63,2040.96,2,ROAD,614.02,False,DELIVERED,Early (>5d)
PO-000946,20240413,2024-04,2024,4,PRD-00049,SUP-008,LocalPack Ltd,WH-003,Cleaning Products,A,DOMESTIC,United Kingdom,192,10.77,2067.84,2,ROAD,614.02,False,DELIVERED,Early (>5d)
PO-000947,20240510,2024-05,2024,5,PRD-00049,SUP-008,LocalPack Ltd,WH-001,Cleaning Products,A,DOMESTIC,United Kingdom,240,10.64,2553.6,2,ROAD,767.52,False,DELIVERED,Early (>5d)
PO-000948,20240606,2024-06,2024,6,PRD-00049,SUP-008,LocalPack Ltd,WH-002,Cleaning Products,A,DOMESTIC,United Kingdom,240,10.56,2534.4,2,ROAD,767.52,False,DELIVERED,Early (>5d)
PO-000949,20240707,2024-07,2024,7,PRD-00049,SUP-008,LocalPack Ltd,WH-002,Cleaning Products,A,DOMESTIC,United Kingdom,240,10.79,2589.6,2,ROAD,767.52,False,DELIVERED,Early (>5d)
PO-000950,20240805,2024-08,2024,8,PRD-00049,SUP-008,LocalPack Ltd,WH-002,Cleaning Products,A,DOMESTIC,United Kingdom,240,10.66,2558.4,2,ROAD,767.52,False,DELIVERED,Early (>5d)
PO-000951,20240901,2024-09,2024,9,PRD-00049,SUP-008,LocalPack Ltd,WH-001,Cleaning Products,A,DOMESTIC,United Kingdom,240,10.64,2553.6,3,ROAD,767.52,False,DELIVERED,Early (>5d)
PO-000952,20240926,2024-09,2024,9,PRD-00049,SUP-008,LocalPack Ltd,WH-003,Cleaning Products,A,DOMESTIC,United Kingdom,240,10.7,2568.0,3,ROAD,767.52,False,DELIVERED,Early (>5d)
PO-000953,20241022,2024-10,2024,10,PRD-00049,SUP-008,LocalPack Ltd,WH-001,Cleaning Products,A,DOMESTIC,United Kingdom,240,10.55,2532.0,3,ROAD,767.52,False,DELIVERED,Early (>5d)
PO-000954,20241118,2024-11,2024,11,PRD-00049,SUP-008,LocalPack Ltd,WH-002,Cleaning Products,A,DOMESTIC,United Kingdom,288,10.41,2998.08,2,ROAD,921.02,False,DELIVERED,Early (>5d)
PO-000955,20241218,2024-12,2024,12,PRD-00049,SUP-008,LocalPack Ltd,WH-001,Cleaning Products,A,DOMESTIC,United Kingdom,336,10.41,3497.76,4,ROAD,1074.53,False,DELIVERED,Early (>5d)
PO-000956,20250122,2025-01,2025,1,PRD-00049,SUP-008,LocalPack Ltd,WH-001,Cleaning Products,A,DOMESTIC,United Kingdom,192,10.62,2039.04,4,ROAD,614.02,False,DELIVERED,Early (>5d)
PO-000957,20250219,2025-02,2025,2,PRD-00049,SUP-008,LocalPack Ltd,WH-003,Cleaning Products,A,DOMESTIC,United Kingdom,192,10.71,2056.32,4,ROAD,614.02,False,DELIVERED,Early (>5d)
PO-000958,20250319,2025-03,2025,3,PRD-00049,SUP-008,LocalPack Ltd,WH-003,Cleaning Products,A,DOMESTIC,United Kingdom,192,10.79,2071.68,3,ROAD,614.02,False,DELIVERED,Early (>5d)
PO-000959,20250418,2025-04,2025,4,PRD-00049,SUP-008,LocalPack Ltd,WH-001,Cleaning Products,A,DOMESTIC,United Kingdom,192,10.94,2100.48,4,ROAD,614.02,False,DELIVERED,Early (>5d)
PO-000960,20250515,2025-05,2025,5,PRD-00049,SUP-008,LocalPack Ltd,WH-001,Cleaning Products,A,DOMESTIC,United Kingdom,240,11.07,2656.8,2,ROAD,767.52,False,DELIVERED,Early (>5d)
PO-000961,20250617,2025-06,2025,6,PRD-00049,SUP-008,LocalPack Ltd,WH-001,Cleaning Products,A,DOMESTIC,United Kingdom,240,10.97,2632.8,2,ROAD,767.52,False,DELIVERED,Early (>5d)
PO-000962,20250719,2025-07,2025,7,PRD-00049,SUP-008,LocalPack Ltd,WH-001,Cleaning Products,A,DOMESTIC,United Kingdom,240,10.59,2541.6,3,ROAD,767.52,False,DELIVERED,Early (>5d)
PO-000963,20250817,2025-08,2025,8,PRD-00049,SUP-008,LocalPack Ltd,WH-001,Cleaning Products,A,DOMESTIC,United Kingdom,240,10.76,2582.4,2,ROAD,767.52,False,DELIVERED,Early (>5d)
PO-000964,20250914,2025-09,2025,9,PRD-00049,SUP-008,LocalPack Ltd,WH-002,Cleaning Products,A,DOMESTIC,United Kingdom,240,10.74,2577.6,4,ROAD,767.52,False,DELIVERED,Early (>5d)
PO-000965,20251018,2025-10,2025,10,PRD-00049,SUP-008,LocalPack Ltd,WH-002,Cleaning Products,A,DOMESTIC,United Kingdom,240,10.23,2455.2,3,ROAD,767.52,False,DELIVERED,Early (>5d)
PO-000966,20251117,2025-11,2025,11,PRD-00049,SUP-008,LocalPack Ltd,WH-003,Cleaning Products,A,DOMESTIC,United Kingdom,288,10.57,3044.16,3,ROAD,921.02,False,DELIVERED,Early (>5d)
PO-000967,20251212,2025-12,2025,12,PRD-00049,SUP-008,LocalPack Ltd,WH-002,Cleaning Products,A,DOMESTIC,United Kingdom,336,10.78,3622.08,2,ROAD,1074.53,False,DELIVERED,Early (>5d)
PO-000968,20240108,2024-01,2024,1,PRD-00050,SUP-001,BritGoods Ltd,WH-003,Cleaning Products,A,DOMESTIC,United Kingdom,168,9.95,1671.6,5,ROAD,566.5,False,DELIVERED,Early (>5d)
PO-000969,20240211,2024-02,2024,2,PRD-00050,SUP-001,BritGoods Ltd,WH-002,Cleaning Products,A,DOMESTIC,United Kingdom,180,9.74,1753.2,5,ROAD,606.96,False,DELIVERED,Early (>5d)
PO-000970,20240308,2024-03,2024,3,PRD-00050,SUP-001,BritGoods Ltd,WH-002,Cleaning Products,A,DOMESTIC,United Kingdom,204,9.81,2001.24,3,ROAD,687.89,False,DELIVERED,Early (>5d)
PO-000971,20240403,2024-04,2024,4,PRD-00050,SUP-001,BritGoods Ltd,WH-001,Cleaning Products,A,DOMESTIC,United Kingdom,216,10.28,2220.48,3,ROAD,728.35,False,DELIVERED,Early (>5d)
PO-000972,20240505,2024-05,2024,5,PRD-00050,SUP-001,BritGoods Ltd,WH-002,Cleaning Products,A,DOMESTIC,United Kingdom,228,9.77,2227.56,4,ROAD,768.82,False,DELIVERED,Early (>5d)
PO-000973,20240603,2024-06,2024,6,PRD-00050,SUP-001,BritGoods Ltd,WH-003,Cleaning Products,A,DOMESTIC,United Kingdom,240,9.9,2376.0,3,ROAD,809.28,False,DELIVERED,Early (>5d)
PO-000974,20240706,2024-07,2024,7,PRD-00050,SUP-001,BritGoods Ltd,WH-001,Cleaning Products,A,DOMESTIC,United Kingdom,252,9.57,2411.64,3,ROAD,849.74,False,DELIVERED,Early (>5d)
PO-000975,20240807,2024-08,2024,8,PRD-00050,SUP-001,BritGoods Ltd,WH-001,Cleaning Products,A,DOMESTIC,United Kingdom,240,10.18,2443.2,3,ROAD,809.28,False,DELIVERED,Early (>5d)
PO-000976,20240905,2024-09,2024,9,PRD-00050,SUP-001,BritGoods Ltd,WH-002,Cleaning Products,A,DOMESTIC,United Kingdom,228,10.21,2327.88,5,ROAD,768.82,False,DELIVERED,Early (>5d)
PO-000977,20241006,2024-10,2024,10,PRD-00050,SUP-001,BritGoods Ltd,WH-002,Cleaning Products,A,DOMESTIC,United Kingdom,252,10.01,2522.52,5,ROAD,849.74,False,DELIVERED,Early (>5d)
PO-000978,20241104,2024-11,2024,11,PRD-00050,SUP-001,BritGoods Ltd,WH-001,Cleaning Products,A,DOMESTIC,United Kingdom,306,10.07,3081.42,3,ROAD,1031.83,False,DELIVERED,Early (>5d)
PO-000979,20241206,2024-12,2024,12,PRD-00050,SUP-001,BritGoods Ltd,WH-001,Cleaning Products,A,DOMESTIC,United Kingdom,336,10.0,3360.0,4,ROAD,1132.99,False,DELIVERED,Early (>5d)
PO-000980,20250106,2025-01,2025,1,PRD-00050,SUP-001,BritGoods Ltd,WH-003,Cleaning Products,A,DOMESTIC,United Kingdom,168,10.12,1700.16,6,ROAD,566.5,False,DELIVERED,Early (>5d)
PO-000981,20250201,2025-02,2025,2,PRD-00050,SUP-001,BritGoods Ltd,WH-001,Cleaning Products,A,DOMESTIC,United Kingdom,180,9.82,1767.6,6,ROAD,606.96,False,DELIVERED,Early (>5d)
PO-000982,20250308,2025-03,2025,3,PRD-00050,SUP-001,BritGoods Ltd,WH-001,Cleaning Products,A,DOMESTIC,United Kingdom,204,9.98,2035.92,3,ROAD,687.89,False,DELIVERED,Early (>5d)
PO-000983,20250403,2025-04,2025,4,PRD-00050,SUP-001,BritGoods Ltd,WH-001,Cleaning Products,A,DOMESTIC,United Kingdom,216,10.01,2162.16,5,ROAD,728.35,False,DELIVERED,Early (>5d)
PO-000984,20250429,2025-04,2025,4,PRD-00050,SUP-001,BritGoods Ltd,WH-002,Cleaning Products,A,DOMESTIC,United Kingdom,216,10.34,2233.44,4,ROAD,728.35,False,DELIVERED,Early (>5d)
PO-000985,20250528,2025-05,2025,5,PRD-00050,SUP-001,BritGoods Ltd,WH-002,Cleaning Products,A,DOMESTIC,United Kingdom,228,9.84,2243.52,4,ROAD,768.82,False,DELIVERED,Early (>5d)
PO-000986,20250701,2025-07,2025,7,PRD-00050,SUP-001,BritGoods Ltd,WH-001,Cleaning Products,A,DOMESTIC,United Kingdom,252,10.25,2583.0,4,ROAD,849.74,False,DELIVERED,Early (>5d)
PO-000987,20250803,2025-08,2025,8,PRD-00050,SUP-001,BritGoods Ltd,WH-002,Cleaning Products,A,DOMESTIC,United Kingdom,240,9.96,2390.4,4,ROAD,809.28,False,DELIVERED,Early (>5d)
PO-000988,20250831,2025-08,2025,8,PRD-00050,SUP-001,BritGoods Ltd,WH-002,Cleaning Products,A,DOMESTIC,United Kingdom,240,10.19,2445.6,3,ROAD,809.28,False,DELIVERED,Early (>5d)
PO-000989,20251004,2025-10,2025,10,PRD-00050,SUP-001,BritGoods Ltd,WH-001,Cleaning Products,A,DOMESTIC,United Kingdom,252,10.39,2618.28,4,ROAD,849.74,False,DELIVERED,Early (>5d)
PO-000990,20251107,2025-11,2025,11,PRD-00050,SUP-001,BritGoods Ltd,WH-002,Cleaning Products,A,DOMESTIC,United Kingdom,306,10.34,3164.04,5,ROAD,1031.83,False,DELIVERED,Early (>5d)
PO-000991,20251206,2025-12,2025,12,PRD-00050,SUP-001,BritGoods Ltd,WH-002,Cleaning Products,A,DOMESTIC,United Kingdom,336,9.91,3329.76,3,ROAD,1132.99,False,DELIVERED,Early (>5d)
PO-000992,20251231,2025-12,2025,12,PRD-00050,SUP-001,BritGoods Ltd,WH-002,Cleaning Products,A,DOMESTIC,United Kingdom,336,10.28,3454.08,4,ROAD,1132.99,False,IN_TRANSIT,Early (>5d)
