order_id,supplier_name,supplier_id,product_id,product_name,quantity,unit_cost,order_date,expected_delivery,actual_delivery,transport_mode,weight_kg_total
PO-000001,MedTrade SRL,SUP-006,PRD-00001,Premium Kitchen Roll 6-Pack,288,4.99,2024-01-21,2024-02-02,2024-02-01,ROAD,705.31
PO-000002,MedTrade SRL,SUP-006,PRD-00001,Premium Kitchen Roll 6-Pack,342,5.03,2024-03-09,2024-03-24,2024-03-25,ROAD,837.56
PO-000003,Med Trade S.R.L.,SUP-006,PRD-00001,Premium Kitchen Roll 6-Pack,360,5.11,2024-04-23,2024-05-06,2024-05-08,ROAD,881.64
PO-000004,MedTrade SRL,SUP-006,PRD-00001,Premium Kitchen Roll 6-Pack,402,4.94,2024-06-11,2024-06-23,2024-06-23,ROAD,984.5
PO-000005,MedTrade SRL,SUP-006,PRD-00001,Premium Kitchen Roll 6-Pack,420,4.94,2024-07-30,2024-08-12,2024-08-14,ROAD,1028.58
PO-000006,MedTrade SRL,SUP-006,PRD-00001,Premium Kitchen Roll 6-Pack,384,5.07,2024-09-13,2024-09-23,2024-09-23,ROAD,940.42
PO-000007,MedTrade SRL,SUP-006,PRD-00001,Premium Kitchen Roll 6-Pack,420,5.06,2024-10-24,2024-11-06,2024-11-05,ROAD,1028.58
PO-000008,MedTrade Srl,SUP-006,PRD-00001,Premium Kitchen Roll 6-Pack,570,4.84,2024-12-13,2024-12-28,2024-12-27,ROAD,1395.93
PO-000009,MedTrade SRL,SUP-006,PRD-00001,Premium Kitchen Roll 6-Pack,288,4.91,2025-01-30,2025-02-13,2025-02-12,ROAD,705.31
PO-000010,MedTrade SRL,SUP-006,PRD-00001,Premium Kitchen Roll 6-Pack,342,5.02,2025-03-21,2025-04-03,2025-04-02,ROAD,837.56
PO-000011,MedTrade SRL,SUP-006,PRD-00001,Premium Kitchen Roll 6-Pack,384,4.87,2025-05-10,2025-05-21,2025-05-24,ROAD,940.42
PO-000012,MedTrade SRL,SUP-006,PRD-00001,Premium Kitchen Roll 6-Pack,402,4.93,2025-06-21,2025-07-04,2025-07-04,ROAD,984.5
PO-000013,MedTrade SRL,SUP-006,PRD-00001,Premium Kitchen Roll 6-Pack,402,5.0,2025-08-04,2025-08-16,2025-08-18,ROAD,984.5
PO-000014,MedTrade SRL,SUP-006,PRD-00001,Premium Kitchen Roll 6-Pack,384,5.01,2025-09-19,2025-10-01,2025-10-02,ROAD,940.42
PO-000015,MedTrade SRL,SUP-006,PRD-00001,Premium Kitchen Roll 6-Pack,516,4.9,2025-11-02,2025-11-16,2025-11-18,ROAD,1263.68
PO-000016,MedTrade SRL,SUP-006,PRD-00001,Premium Kitchen Roll 6-Pack,570,4.99,2025-12-19,2025-12-31,2026-01-03,ROAD,1395.93
PO-000017,MedTrade SRL,SUP-006,PRD-00002,Aluminium Foil 30m Roll,240,3.25,2024-01-04,2024-01-17,2024-01-20,ROAD,593.52
PO-000018,MedTrade SRL,SUP-006,PRD-00002,Aluminium Foil 30m Roll,240,3.34,2024-02-29,2024-03-16,2024-03-16,ROAD,593.52
PO-000019,MedTrade SRL,SUP-006,PRD-00002,Aluminium Foil 30m Roll,288,3.24,2024-04-25,2024-05-05,2024-05-06,ROAD,712.22
PO-000020,MedTrade SRL,SUP-006,PRD-00002,Aluminium Foil 30m Roll,336,3.17,2024-06-27,2024-07-09,2024-07-09,ROAD,830.93
PO-000021,MedTrade SRL,SUP-006,PRD-00002,Aluminium Foil 30m Roll,336,3.1,2024-08-26,2024-09-05,2024-09-06,ROAD,830.93
PO-000022,MedTrade SRL,SUP-006,PRD-00002,Aluminium Foil 30m Roll,336,3.21,2024-10-30,2024-11-11,2024-11-14,ROAD,830.93
PO-000023,MedTrade SRL,SUP-006,PRD-92235,Aluminium Foil 30m Roll,456,3.22,2024-12-25,2025-01-07,2025-01-08,ROAD,1127.69
PO-000024,MedTrade SRL,SUP-006,PRD-00002,Aluminium Foil 30m Roll,240,3.31,2025-02-27,2025-03-13,2025-03-16,ROAD,593.52
PO-000025,MedTrade SRL,SUP-006,PRD-00002,Aluminium Foil 30m Roll,312,3.2,2025-05-02,2025-05-13,2025-05-16,ROAD,771.58
PO-000026,MedTrade SRL,SUP-006,PRD-00002,Aluminium Foil 30m Roll,336,3.18,2025-06-27,2025-07-12,2025-07-11,ROAD,830.93
PO-000027,Med Trade S.R.L.,SUP-006,PRD-00002,Aluminium Foil 30m Roll,336,3.36,2025-08-23,2025-09-08,2025-09-07,ROAD,830.93
PO-000028,MedTrade SRL,SUP-006,PRD-00002,Aluminium Foil 30m Roll,336,3.24,2025-10-19,2025-10-31,2025-10-30,ROAD,830.93
PO-000029,MedTrade SRL,SUP-006,PRD-00002,Aluminium Foil 30m Roll,456,3.15,2025-12-18,2025-12-31,2025-12-30,ROAD,1127.69
PO-000030,MedTrade SRL,SUP-006,PRD-00003,Cling Film 100m,300,4.21,2024-01-06,2024-01-23,2024-01-22,ROAD,458.4
PO-000031,MedTrade SRL,SUP-006,PRD-00003,Cling Film 100m,300,4.36,2024-02-21,2024-03-04,2024-03-05,ROAD,458.4
PO-000032,MedTrade SRL,SUP-006,PRD-00003,Cling Film 100m,400,4.53,2024-04-01,2024-04-23,2024-04-23,ROAD,611.2
PO-000033,MedTrade SRL,SUP-006,PRD-00003,Cling Film 100m,400,4.34,2024-05-15,2024-05-29,2024-06-01,ROAD,611.2
PO-000033,MedTrade SRL,SUP-006,PRD-00003,Cling Film 100m,400,4.34,2024-05-15,2024-05-29,2024-06-01,ROAD,611.2
PO-000034,MedTrade SRL,SUP-006,PRD-00003,Cling Film 100m,400,4.52,2024-06-29,2024-07-16,2024-07-18,ROAD,611.2
PO-000035,MedTrade SRL,SUP-006,PRD-00003,Cling Film 100m,400,4.28,2024-08-18,2024-08-28,2024-08-31,ROAD,611.2
PO-000036,MedTrade SRL,SUP-006,PRD-00003,Cling Film 100m,400,4.3,2024-10-03,2024-10-17,2024-10-17,ROAD,611.2
PO-000037,MedTrade SRL,SUP-006,PRD-00003,Cling Film 100m,500,4.43,2024-11-19,2024-12-03,2024-12-02,,764.0
PO-000038,MedTrade SRL,SUP-006,PRD-00003,Cling Film 100m,300,4.23,2025-01-03,2025-01-14,2025-01-15,ROAD,458.4
PO-000039,MedTrade SRL,SUP-006,PRD-00003,Cling Film 100m,300,4.5,2025-02-16,2025-02-28,2025-03-01,ROAD,458.4
PO-000040,MedTrade SRL,SUP-006,PRD-00003,Cling Film 100m,400,4.5,2025-04-03,2025-04-16,2025-04-17,ROAD,611.2
PO-000041,MedTrade SRL,SUP-006,PRD-00003,Cling Film 100m,400,4.46,2025-05-18,2025-05-30,2025-05-29,ROAD,611.2
PO-000042,MedTrade SRL,SUP-006,PRD-00003,Cling Film 100m,400,4.36,2025-07-03,2025-07-15,2025-07-14,ROAD,611.2
PO-000043,MedTrade SRL,SUP-006,PRD-00003,Cling Film 100m,400,4.45,2025-08-17,2025-08-27,2025-08-26,ROAD,611.2
PO-000044,MedTrade SRL,SUP-006,PRD-00003,Cling Film 100m,400,4.37,2025-09-27,2025-10-13,2025-10-12,ROAD,611.2
PO-000045,MedTrade SRL,SUP-006,PRD-00003,Cling Film 100m,500,4.55,2025-11-06,2025-11-16,2025-11-17,ROAD,764.0
PO-000046,MedTrade SRL,SUP-006,PRD-00003,Cling Film 100m,600,4.41,2025-12-26,2026-01-05,2026-01-06,ROAD,916.8
PO-000047,MedTrade SRL,SUP-006,PRD-00004,Bin Bags 40L 50-Pack,100,12.46,2024-01-19,2024-01-29,2024-01-31,ROAD,117.4
PO-000048,MEDTRADE,SUP-006,PRD-00004,Bin Bags 40L 50-Pack,100,12.63,2024-02-19,2024-03-02,2024-03-04,ROAD,117.4
PO-000049,MedTrade SRL,SUP-006,PRD-00004,Bin Bags 40L 50-Pack,200,12.09,2024-03-18,2024-04-01,2024-04-01,ROAD,234.8
PO-000050,MedTrade SRL,SUP-006,PRD-00004,Bin Bags 40L 50-Pack,200,12.42,2024-04-12,2024-04-26,2024-04-29,ROAD,234.8
PO-000051,MedTrade SRL,SUP-006,PRD-90947,Bin Bags 40L 50-Pack,200,12.25,2024-05-15,2024-05-27,2024-05-28,ROAD,234.8
PO-000052,MedTrade SRL,SUP-006,PRD-00004,Bin Bags 40L 50-Pack,200,12.45,2024-06-12,2024-07-01,2024-07-02,ROAD,234.8
PO-000053,MedTrade SRL,SUP-006,PRD-00004,Bin Bags 40L 50-Pack,200,12.14,2024-07-14,2024-07-27,2024-07-28,ROAD,234.8
PO-000054,MedTrade SRL,SUP-006,PRD-00004,Bin Bags 40L 50-Pack,200,12.51,2024-08-18,2024-08-31,2024-08-31,ROAD,234.8
PO-000055,MedTrade SRL,SUP-006,PRD-90594,Bin Bags 40L 50-Pack,200,12.39,2024-09-12,2024-09-26,2024-09-29,ROAD,234.8
PO-000056,MedTrade SRL,SUP-006,PRD-00004,Bin Bags 40L 50-Pack,200,12.08,2024-10-12,2024-10-27,2024-10-28,ROAD,234.8
PO-000057,MedTrade SRL,SUP-006,PRD-00004,Bin Bags 40L 50-Pack,200,12.65,2024-11-16,2024-12-01,2024-12-01,ROAD,234.8
PO-000058,MedTrade SRL,SUP-006,PRD-00004,Bin Bags 40L 50-Pack,300,12.55,2024-12-11,2024-12-24,2024-12-27,ROAD,352.2
PO-000059,MedTrade SRL,SUP-006,PRD-00004,Bin Bags 40L 50-Pack,100,12.65,2025-01-11,2025-01-26,2025-01-27,ROAD,117.4
PO-000060,MedTrade SRL,SUP-006,PRD-00004,Bin Bags 40L 50-Pack,100,12.71,2025-02-13,2025-02-23,2025-02-24,ROAD,117.4
PO-000061,MedTrade SRL,SUP-006,PRD-00004,Bin Bags 40L 50-Pack,200,12.73,2025-03-15,2025-03-28,2025-03-30,ROAD,234.8
PO-000062,MedTrade SRL,SUP-006,PRD-00004,Bin Bags 40L 50-Pack,200,12.19,2025-04-16,2025-04-29,2025-05-02,ROAD,234.8
PO-000063,MedTrade SRL,SUP-006,PRD-00004,Bin Bags 40L 50-Pack,200,12.55,2025-05-14,2025-05-24,2025-05-26,ROAD,234.8
PO-000064,MedTrade SRL,SUP-006,PRD-00004,Bin Bags 40L 50-Pack,200,12.07,2025-06-15,2025-06-30,2025-07-01,ROAD,234.8
PO-000065,MedTrade SRL,SUP-006,PRD-00004,Bin Bags 40L 50-Pack,200,12.7,2025-07-16,2025-07-28,2025-07-28,ROAD,234.8
PO-000066,MedTrade SRL,SUP-006,PRD-00004,Bin Bags 40L 50-Pack,200,12.88,2025-08-14,2025-08-26,2025-08-27,ROAD,234.8
PO-000067,MedTrade SRL,SUP-006,PRD-00004,Bin Bags 40L 50-Pack,200,12.74,2025-09-09,2025-09-23,2025-09-22,ROAD,234.8
PO-000068,MedTrade SRL,SUP-006,PRD-00004,Bin Bags 40L 50-Pack,-200,12.89,2025-10-07,2025-10-18,2025-10-21,ROAD,234.8
PO-000069,MedTrade SRL,SUP-006,PRD-00004,Bin Bags 40L 50-Pack,200,12.66,2025-11-10,2025-12-02,2025-12-04,ROAD,234.8
PO-000070,MedTrade SRL,SUP-006,PRD-00004,Bin Bags 40L 50-Pack,300,12.69,2025-12-13,2025-12-25,2025-12-28,ROAD,352.2
PO-000071,EuroFast GmbH,SUP-002,PRD-00005,Washing Up Liquid 500ml,240,5.72,2024-01-06,2024-01-16,2024-01-15,ROAD,97.44
PO-000072,EuroFast GmbH,SUP-002,PRD-00005,Washing Up Liquid 500ml,252,5.68,2024-02-17,2024-02-26,2024-02-27,ROAD,102.31
PO-000073,EuroFast GmbH,SUP-002,PRD-00005,Washing Up Liquid 500ml,300,5.48,2024-04-01,2024-04-08,2024-04-11,ROAD,121.8
PO-000074,EuroFast GmbH,SUP-002,PRD-00005,Washing Up Liquid 500ml,318,5.59,2024-05-14,2024-05-22,2024-05-23,ROAD,129.11
PO-000075,EuroFast GmbH,SUP-002,PRD-00005,Washing Up Liquid 500ml,348,5.47,2024-07-01,2024-07-09,2024-07-09,ROAD,141.29
PO-000076,EuroFast GmbH,SUP-002,PRD-00005,Washing Up Liquid 500ml,336,5.34,2024-08-13,2024-08-23,2024-08-22,ROAD,136.42
PO-000077,EuroFast GmbH,SUP-002,PRD-00005,Washing Up Liquid 500ml,348,5.9,2024-10-02,2024-10-09,2024-10-11,ROAD,141.29
PO-000078,EuroFast GmbH,SUP-002,PRD-00005,Washing Up Liquid 500ml,426,5.81,2024-11-19,2024-11-27,2024-11-30,ROAD,172.96
PO-000079,EuroFast GmbH,SUP-002,PRD-00005,Washing Up Liquid 500ml,474,5.7,2024-12-31,2025-01-08,2025-01-08,ROAD,192.44
PO-000080,EuroFast GmbH,SUP-002,PRD-00005,Washing Up Liquid 500ml,252,5.61,2025-02-09,2025-02-17,2025-02-20,ROAD,102.31
PO-000081,EuroFast GmbH,SUP-002,PRD-00005,Washing Up Liquid 500ml,288,5.36,2025-03-31,2025-04-07,2025-04-08,ROAD,116.93
PO-000082,EuroFast GmbH,SUP-002,PRD-00005,Washing Up Liquid 500ml,318,5.57,2025-05-15,2025-05-22,2025-05-25,ROAD,129.11
PO-000083,EuroFast GmbH,SUP-002,PRD-00005,Washing Up Liquid 500ml,348,5.5,2025-07-03,2025-07-10,2025-07-10,ROAD,141.29
PO-000084,EuroFast GmbH,SUP-002,PRD-00005,Washing Up Liquid 500ml,336,5.66,2025-08-17,2025-08-24,2025-08-23,ROAD,136.42
PO-000085,EuroFast GmbH,SUP-002,PRD-00005,Washing Up Liquid 500ml,318,5.62,2025-09-30,2025-10-08,2025-10-07,ROAD,129.11
PO-000086,EuroFast GmbH,SUP-002,PRD-00005,Washing Up Liquid 500ml,426,5.65,2025-11-16,2025-11-24,2025-11-23,ROAD,172.96
PO-000087,MedTrade SRL,SUP-006,PRD-00006,Dishwasher Tablets 60-Pack,180,7.94,2024-01-08,2024-01-20,2024-01-22,ROAD,198.0
PO-000088,MedTrade SRL,SUP-006,PRD-00006,Dishwasher Tablets 60-Pack,192,7.5,2024-02-22,2024-03-04,2024-03-03,ROAD,211.2
PO-000089,MedTrade SRL,SUP-006,PRD-00006,Dishwasher Tablets 60-Pack,228,7.93,2024-04-06,2024-04-19,2024-04-19,ROAD,250.8
PO-000090,MedTrade SRL,SUP-006,PRD-00006,Dishwasher Tablets 60-Pack,240,7.57,2024-05-21,2024-06-01,2024-06-04,ROAD,264.0
PO-000091,MedTrade SRL,SUP-006,PRD-00006,Dishwasher Tablets 60-Pack,264,7.81,2024-07-05,2024-07-19,2024-07-21,ROAD,290.4
PO-000092,MedTrade SRL,SUP-006,PRD-00006,Dishwasher Tablets 60-Pack,252,7.78,2024-08-19,2024-08-29,2024-08-31,ROAD,277.2
PO-000093,MedTrade SRL,SUP-006,PRD-00006,Dishwasher Tablets 60-Pack,264,7.91,2024-10-03,2024-10-20,2024-10-21,ROAD,290.4
PO-000094,MedTrade SRL,SUP-006,PRD-99519,Dishwasher Tablets 60-Pack,324,7.57,2024-11-21,2024-12-04,2024-12-04,ROAD,356.4
PO-000095,MedTrade SRL,SUP-006,PRD-00006,Dishwasher Tablets 60-Pack,180,7.69,2025-01-09,2025-01-23,2025-01-23,ROAD,198.0
PO-000096,MedTrade SRL,SUP-006,PRD-00006,Dishwasher Tablets 60-Pack,192,7.81,2025-02-22,2025-03-09,2025-03-08,ROAD,211.2
PO-000097,MedTrade SRL,SUP-006,PRD-00006,Dishwasher Tablets 60-Pack,228,7.83,2025-04-07,2025-04-20,2025-04-22,ROAD,250.8
PO-000098,MedTrade SRL,SUP-006,PRD-00006,Dishwasher Tablets 60-Pack,240,7.56,2025-05-19,2025-05-30,2025-05-31,ROAD,264.0
PO-000099,MedTrade SRL,SUP-006,PRD-00006,Dishwasher Tablets 60-Pack,264,7.8,2025-07-03,2025-07-16,2025-07-19,ROAD,290.4
PO-000100,MedTrade SRL,SUP-006,PRD-00006,Dishwasher Tablets 60-Pack,252,7.74,2025-08-16,2025-08-28,2025-08-30,ROAD,277.2
PO-000101,MedTrade SRL,SUP-006,PRD-00006,Dishwasher Tablets 60-Pack,264,7.94,2025-10-01,2025-10-14,2025-10-17,ROAD,290.4
PO-000102,MedTrade SRL,SUP-006,PRD-00006,Dishwasher Tablets 60-Pack,324,7.76,2025-11-15,2025-11-26,2025-11-27,ROAD,356.4
PO-000103,BritGoods Ltd,SUP-001,PRD-00007,Kitchen Cleaner Spray 750ml,200,10.39,2024-01-25,2024-01-29,2024-02-01,ROAD,73.4
PO-000104,BritGoods Ltd,SUP-001,PRD-00007,Kitchen Cleaner Spray 750ml,200,10.36,2024-02-22,2024-02-27,2024-02-28,ROAD,73.4
PO-000105,BritGoods Ltd,SUP-001,PRD-00007,Kitchen Cleaner Spray 750ml,200,10.31,2024-03-24,2024-03-27,2024-03-26,ROAD,73.4
PO-000106,BritGoods Ltd,SUP-001,PRD-00007,Kitchen Cleaner Spray 750ml,200,10.41,2024-04-26,2024-05-02,2024-05-02,ROAD,73.4
PO-000107,BritGoods Ltd,SUP-001,PRD-00007,Kitchen Cleaner Spray 750ml,200,10.44,2024-05-30,2024-06-03,2024-06-05,ROAD,73.4
PO-000108,BritGoods Ltd,SUP-001,PRD-00007,Kitchen Cleaner Spray 750ml,200,10.34,2024-07-01,2024-07-05,2024-07-04,ROAD,73.4
PO-000109,BritGoods Ltd,SUP-001,PRD-00007,Kitchen Cleaner Spray 750ml,200,10.6,2024-08-05,2024-08-08,2024-08-09,ROAD,73.4
PO-000110,BritGoods Ltd,SUP-001,PRD-00007,Kitchen Cleaner Spray 750ml,200,10.71,2024-08-30,2024-09-04,2024-09-06,ROAD,73.4
PO-000111,BritGoods Ltd,SUP-001,PRD-00007,Kitchen Cleaner Spray 750ml,200,10.42,2024-09-28,2024-10-03,2024-10-04,ROAD,73.4
PO-000112,BritGoods Ltd,SUP-001,PRD-00007,Kitchen Cleaner Spray 750ml,-200,10.46,2024-10-31,2024-11-05,2024-11-08,ROAD,73.4
PO-000113,BritGoods Ltd,SUP-001,PRD-00007,Kitchen Cleaner Spray 750ml,300,10.55,2024-11-26,2024-11-29,2024-11-29,ROAD,110.1
PO-000114,BritGoods Ltd,SUP-001,PRD-00007,Kitchen Cleaner Spray 750ml,300,10.61,2024-12-24,2024-12-29,2024-12-29,ROAD,110.1
PO-000115,BritGoods Ltd,SUP-001,PRD-00007,Kitchen Cleaner Spray 750ml,200,10.74,2025-01-22,2025-01-26,2025-01-28,ROAD,73.4
PO-000116,BritGoods Ltd,SUP-001,PRD-00007,Kitchen Cleaner Spray 750ml,200,10.21,2025-02-24,2025-02-28,2025-03-03,ROAD,73.4
PO-000117,BritGoods Ltd,SUP-001,PRD-00007,Kitchen Cleaner Spray 750ml,200,10.47,2025-03-22,2025-03-26,2025-03-28,ROAD,73.4
PO-000118,BritGoods Ltd,SUP-001,PRD-00007,Kitchen Cleaner Spray 750ml,200,10.77,2025-04-18,2025-04-22,2025-04-25,,73.4
PO-000119,BritGoods Ltd,SUP-001,PRD-00007,Kitchen Cleaner Spray 750ml,200,10.66,2025-05-20,2025-05-24,2025-05-25,ROAD,73.4
PO-000120,BritGoods Ltd,SUP-001,PRD-00007,Kitchen Cleaner Spray 750ml,200,10.13,2025-06-19,2025-06-22,2025-06-24,ROAD,73.4
PO-000121,BritGoods Ltd,SUP-001,PRD-00007,Kitchen Cleaner Spray 750ml,200,10.4,2025-07-21,2025-07-24,2025-07-25,ROAD,73.4
PO-000122,BritGoods Ltd,SUP-001,PRD-00007,Kitchen Cleaner Spray 750ml,200,10.14,2025-08-25,2025-08-28,2025-08-27,ROAD,73.4
PO-000123,BritGoods Ltd,SUP-001,PRD-00007,Kitchen Cleaner Spray 750ml,200,10.3,2025-09-24,2025-09-29,2025-10-01,ROAD,73.4
PO-000124,BritGoods Ltd,SUP-001,PRD-00007,Kitchen Cleaner Spray 750ml,200,10.2,2025-10-24,2025-10-28,2025-10-30,ROAD,73.4
PO-000125,BritGoods Ltd,SUP-001,PRD-00007,Kitchen Cleaner Spray 750ml,300,10.58,2025-11-21,2025-11-25,2025-11-27,ROAD,110.1
PO-000126,BritGoods Ltd,SUP-001,PRD-00007,Kitchen Cleaner Spray 750ml,300,10.94,2025-12-26,2025-12-29,2026-01-01,ROAD,110.1
PO-000127,LocalPack Ltd,SUP-008,PRD-00008,Toilet Cleaner 750ml,200,3.68,2024-01-20,2024-01-23,2024-01-26,ROAD,342.8
PO-000128,LocalPack Ltd,SUP-008,PRD-00008,Toilet Cleaner 750ml,200,3.73,2024-03-24,2024-03-28,2024-03-29,ROAD,342.8
PO-000129,LocalPack Ltd,SUP-008,PRD-00008,Toilet Cleaner 750ml,300,3.62,2024-05-23,2024-05-25,2024-05-24,ROAD,514.2
PO-000130,LocalPack,SUP-008,PRD-00008,Toilet Cleaner 750ml,300,3.85,2024-07-19,2024-07-21,2024-07-24,ROAD,514.2
PO-000131,LocalPack Ltd,SUP-008,PRD-00008,Toilet Cleaner 750ml,300,3.76,2024-09-18,2024-09-21,2024-09-24,ROAD,514.2
PO-000132,LocalPack Ltd,SUP-008,PRD-99384,Toilet Cleaner 750ml,400,3.72,2024-11-12,2024-11-14,2024-11-14,ROAD,685.6
PO-000133,LocalPack Ltd,SUP-008,PRD-00008,Toilet Cleaner 750ml,200,3.82,2025-01-14,2025-01-17,2025-01-17,ROAD,342.8
PO-000134,LocalPack Ltd,SUP-008,PRD-00008,Toilet Cleaner 750ml,200,3.77,2025-03-13,2025-03-16,2025-03-17,ROAD,342.8
PO-000135,LocalPack Ltd,SUP-008,PRD-00008,Toilet Cleaner 750ml,300,3.73,2025-05-14,2025-05-16,2025-05-17,ROAD,514.2
PO-000136,LocalPack Ltd,SUP-008,PRD-00008,Toilet Cleaner 750ml,300,3.65,2025-07-18,2025-07-21,2025-07-24,ROAD,514.2
PO-000137,LocalPack Ltd,SUP-008,PRD-00008,Toilet Cleaner 750ml,300,3.77,2025-09-19,2025-09-22,2025-09-25,ROAD,514.2
PO-000138,LocalPack Ltd,SUP-008,PRD-00008,Toilet Cleaner 750ml,400,3.79,2025-11-15,2025-11-17,2025-11-17,ROAD,685.6
PO-000139,BritGoods Ltd,SUP-001,PRD-00009,Bathroom Cleaner 500ml,300,4.69,2024-01-02,2024-01-06,2024-01-05,ROAD,188.4
PO-000140,BritGoods Ltd,SUP-001,PRD-00009,Bathroom Cleaner 500ml,300,4.81,2024-02-15,2024-02-20,2024-02-20,ROAD,188.4
PO-000141,BritGoods Ltd,SUP-001,PRD-00009,Bathroom Cleaner 500ml,300,4.85,2024-03-30,2024-04-04,2024-04-05,ROAD,188.4
PO-000142,BritGoods Ltd,SUP-001,PRD-00009,Bathroom Cleaner 500ml,400,4.83,2024-05-16,2024-05-21,2024-05-20,ROAD,251.2
PO-000143,BritGoods Ltd,SUP-001,PRD-00009,Bathroom Cleaner 500ml,400,4.97,2024-07-05,2024-07-09,2024-07-12,ROAD,251.2
PO-000144,BritGoods Ltd,SUP-001,PRD-00009,Bathroom Cleaner 500ml,400,4.83,2024-08-22,2024-08-28,2024-08-29,ROAD,251.2
PO-000145,BritGoods Ltd,SUP-001,PRD-00009,Bathroom Cleaner 500ml,400,5.0,2024-10-09,2024-10-12,2024-10-15,ROAD,251.2
PO-000146,BritGoods Ltd,SUP-001,PRD-00009,Bathroom Cleaner 500ml,500,4.81,2024-11-25,2024-11-29,2024-12-01,ROAD,314.0
PO-000147,BritGoods Ltd,SUP-001,PRD-00009,Bathroom Cleaner 500ml,300,4.58,2025-01-09,2025-01-12,2025-01-15,ROAD,188.4
PO-000148,BritGoods Ltd,SUP-001,PRD-00009,Bathroom Cleaner 500ml,300,4.88,2025-02-25,2025-03-05,2025-03-04,ROAD,188.4
PO-000149,BritGoods Ltd,SUP-001,PRD-00009,Bathroom Cleaner 500ml,300,4.93,2025-04-15,2025-04-20,2025-04-21,ROAD,188.4
PO-000150,BritGoods Ltd,SUP-001,PRD-00009,Bathroom Cleaner 500ml,400,4.94,2025-05-25,2025-05-29,2025-05-29,ROAD,251.2
PO-000151,BritGoods Ltd,SUP-001,PRD-00009,Bathroom Cleaner 500ml,400,4.9,2025-07-10,2025-07-14,2025-07-14,ROAD,251.2
PO-000152,BritGoods Ltd,SUP-001,PRD-00009,Bathroom Cleaner 500ml,400,4.84,2025-08-22,2025-08-25,2025-08-27,ROAD,251.2
PO-000153,BritGoods Ltd,SUP-001,PRD-00009,Bathroom Cleaner 500ml,400,4.76,2025-10-06,2025-10-10,2025-10-12,ROAD,251.2
PO-000154,BritGoods Ltd,SUP-001,PRD-00009,Bathroom Cleaner 500ml,500,4.67,2025-11-21,2025-11-24,2025-11-25,ROAD,314.0
PO-000155,MedTrade SRL,SUP-006,PRD-00010,Multi-Surface Wipes 80-Pack,288,2.7,2024-01-31,2024-02-13,2024-02-15,ROAD,518.98
PO-000156,MedTrade SRL,SUP-006,PRD-00010,Multi-Surface Wipes 80-Pack,336,2.72,2024-04-04,2024-04-19,2024-04-19,ROAD,605.47
PO-000157,MedTrade SRL,SUP-006,PRD-00010,Multi-Surface Wipes 80-Pack,384,2.71,2024-06-01,2024-06-18,2024-06-17,ROAD,691.97
PO-000158,MedTrade SRL,SUP-006,PRD-00010,Multi-Surface Wipes 80-Pack,384,2.71,2024-08-05,2024-08-19,2024-08-19,ROAD,691.97
PO-000159,MedTrade SRL,SUP-006,PRD-00010,Multi-Surface Wipes 80-Pack,384,2.67,2024-10-01,2024-10-14,2024-10-16,ROAD,691.97
PO-000160,MedTrade SRL,SUP-006,PRD-00010,Multi-Surface Wipes 80-Pack,576,2.72,2024-12-01,2024-12-22,2024-12-22,ROAD,1037.95
PO-000161,MedTrade SRL,SUP-006,PRD-00010,Multi-Surface Wipes 80-Pack,288,2.64,2025-02-04,2025-02-17,2025-02-18,ROAD,518.98
PO-000162,MedTrade SRL,SUP-006,PRD-00010,Multi-Surface Wipes 80-Pack,336,2.65,2025-04-05,2025-04-18,2025-04-20,ROAD,605.47
PO-000163,MedTrade SRL,SUP-006,PRD-00010,Multi-Surface Wipes 80-Pack,384,2.76,2025-06-06,2025-06-17,2025-06-18,ROAD,691.97
PO-000164,MedTrade SRL,SUP-006,PRD-00010,Multi-Surface Wipes 80-Pack,384,2.57,2025-08-02,2025-08-14,2025-08-14,ROAD,691.97
PO-000165,MedTrade SRL,SUP-006,PRD-00010,Multi-Surface Wipes 80-Pack,384,2.65,2025-09-29,2025-10-09,2025-10-11,ROAD,691.97
PO-000166,MedTrade SRL,SUP-006,PRD-00010,Multi-Surface Wipes 80-Pack,576,2.69,2025-12-02,2025-12-12,2025-12-11,ROAD,1037.95
PO-000167,MedTrade SRL,SUP-006,PRD-00011,Sponge Scourers 10-Pack,100,13.0,2024-01-18,2024-02-03,2024-02-04,ROAD,144.5
PO-000168,MedTrade SRL,SUP-006,PRD-00011,Sponge Scourers 10-Pack,100,12.9,2024-02-13,2024-02-28,2024-02-29,ROAD,144.5
PO-000169,MedTrade SRL,SUP-006,PRD-00011,Sponge Scourers 10-Pack,200,13.13,2024-03-17,2024-03-27,2024-03-26,,289.0
PO-000170,MedTrade SRL,SUP-006,PRD-00011,Sponge Scourers 10-Pack,200,13.32,2024-04-15,2024-05-11,2024-05-14,ROAD,289.0
PO-000171,MedTrade SRL,SUP-006,PRD-00011,Sponge Scourers 10-Pack,200,13.0,2024-05-11,2024-05-21,2024-05-23,ROAD,289.0
PO-000172,MedTrade SRL,SUP-006,PRD-00011,Sponge Scourers 10-Pack,200,13.03,2024-06-06,2024-06-17,2024-06-20,ROAD,289.0
PO-000173,MedTrade SRL,SUP-006,PRD-00011,Sponge Scourers 10-Pack,200,13.38,2024-07-10,2024-07-23,2024-07-22,ROAD,289.0
PO-000174,MedTrade SRL,SUP-006,PRD-00011,Sponge Scourers 10-Pack,200,13.01,2024-08-09,2024-08-22,2024-08-21,ROAD,289.0
PO-000175,MedTrade SRL,SUP-006,PRD-00011,Sponge Scourers 10-Pack,200,13.01,2024-09-04,2024-09-18,2024-09-19,ROAD,289.0
PO-000176,MedTrade SRL,SUP-006,PRD-00011,Sponge Scourers 10-Pack,200,13.04,2024-09-29,2024-10-13,2024-10-12,ROAD,289.0
PO-000177,MedTrade SRL,SUP-006,PRD-00011,Sponge Scourers 10-Pack,200,13.11,2024-11-01,2024-11-16,2024-11-17,ROAD,289.0
PO-000178,MedTrade SRL,SUP-006,PRD-00011,Sponge Scourers 10-Pack,200,12.76,2024-11-28,2024-12-09,2024-12-11,ROAD,289.0
PO-000179,MedTrade SRL,SUP-006,PRD-00011,Sponge Scourers 10-Pack,300,12.96,2024-12-28,2025-01-10,2025-01-12,ROAD,433.5
PO-000180,MedTrade SRL,SUP-006,PRD-00011,Sponge Scourers 10-Pack,100,13.26,2025-01-25,2025-02-09,2025-02-12,ROAD,144.5
PO-000181,MedTrade SRL,SUP-006,PRD-00011,Sponge Scourers 10-Pack,100,13.23,2025-02-25,2025-03-14,2025-03-14,ROAD,144.5
PO-000181,MedTrade SRL,SUP-006,PRD-00011,Sponge Scourers 10-Pack,102,13.23,2025-02-25,2025-03-14,2025-03-14,ROAD,144.5
PO-000182,MedTrade SRL,SUP-006,PRD-00011,Sponge Scourers 10-Pack,200,13.46,2025-03-24,2025-04-05,2025-04-04,ROAD,289.0
PO-000183,MedTrade SRL,SUP-006,PRD-00011,Sponge Scourers 10-Pack,200,12.81,2025-04-25,2025-05-11,2025-05-13,ROAD,289.0
PO-000184,MedTrade SRL,SUP-006,PRD-00011,Sponge Scourers 10-Pack,200,13.1,2025-05-20,2025-06-04,2025-06-04,ROAD,289.0
PO-000185,MedTrade SRL,SUP-006,PRD-94724,Sponge Scourers 10-Pack,200,13.34,2025-06-14,2025-06-27,2025-06-27,ROAD,289.0
PO-000186,MEDTRADE,SUP-006,PRD-00011,Sponge Scourers 10-Pack,200,13.12,2025-07-12,2025-07-24,2025-07-25,ROAD,289.0
PO-000187,MedTrade SRL,SUP-006,PRD-00011,Sponge Scourers 10-Pack,200,12.72,2025-08-12,2025-08-22,2025-08-25,ROAD,289.0
PO-000188,MedTrade SRL,SUP-006,PRD-00011,Sponge Scourers 10-Pack,200,13.45,2025-09-11,2025-09-21,2025-09-24,ROAD,289.0
PO-000189,MEDTRADE,SUP-006,PRD-00011,Sponge Scourers 10-Pack,200,13.17,2025-10-14,2025-10-26,2025-10-27,ROAD,289.0
PO-000190,MedTrade SRL,SUP-006,PRD-00011,Sponge Scourers 10-Pack,-200,13.21,2025-11-17,2025-11-29,2025-11-29,ROAD,289.0
PO-000191,MedTrade SRL,SUP-006,PRD-00011,Sponge Scourers 10-Pack,300,12.95,2025-12-18,2026-01-01,2025-12-31,ROAD,433.5
PO-000192,BritGoods Ltd,SUP-001,PRD-00012,Paper Towels 12-Roll,200,8.28,2024-01-01,2024-01-07,2024-01-06,ROAD,283.6
PO-000193,BritGoods Ltd,SUP-001,PRD-00012,Paper Towels 12-Roll,200,8.22,2024-01-28,2024-02-02,2024-02-03,ROAD,283.6
PO-000194,BritGoods Ltd,SUP-001,PRD-00012,Paper Towels 12-Roll,200,8.1,2024-02-26,2024-03-03,2024-03-02,ROAD,283.6
PO-000195,BritGoods Ltd,SUP-001,PRD-00012,Paper Towels 12-Roll,300,8.26,2024-04-01,2024-04-04,2024-04-07,ROAD,425.4
PO-000196,BritGoods Ltd,SUP-001,PRD-00012,Paper Towels 12-Roll,300,8.45,2024-05-03,2024-05-07,2024-05-06,ROAD,425.4
PO-000197,BritGoods Ltd,SUP-001,PRD-00012,Paper Towels 12-Roll,300,8.58,2024-06-04,2024-06-07,2024-06-10,ROAD,425.4
PO-000198,BritGoods Ltd,SUP-001,PRD-00012,Paper Towels 12-Roll,300,8.15,2024-06-29,2024-07-03,2024-07-03,ROAD,425.4
PO-000199,Brit Goods Limited,SUP-001,PRD-00012,Paper Towels 12-Roll,300,8.04,2024-08-03,2024-08-08,2024-08-07,ROAD,425.4
PO-000200,BritGoods Ltd,SUP-001,PRD-00012,Paper Towels 12-Roll,300,8.16,2024-08-29,2024-09-03,2024-09-02,ROAD,425.4
PO-000201,BritGoods Ltd,SUP-001,PRD-00012,Paper Towels 12-Roll,300,8.37,2024-09-26,2024-10-01,2024-10-04,ROAD,425.4
PO-000202,BritGoods Ltd,SUP-001,PRD-00012,Paper Towels 12-Roll,300,8.47,2024-10-21,2024-10-25,2024-10-26,ROAD,425.4
PO-000203,BritGoods Ltd,SUP-001,PRD-00012,Paper Towels 12-Roll,400,8.4,2024-11-23,2024-11-26,2024-11-29,ROAD,567.2
PO-000204,BritGoods Ltd,SUP-001,PRD-00012,Paper Towels 12-Roll,400,8.55,2024-12-26,2024-12-31,2024-12-30,ROAD,567.2
PO-000205,BritGoods Ltd,SUP-001,PRD-00012,Paper Towels 12-Roll,200,8.32,2025-01-25,2025-01-30,2025-02-01,ROAD,283.6
PO-000206,BritGoods Ltd,SUP-001,PRD-00012,Paper Towels 12-Roll,200,7.99,20-Feb-25,2025-02-24,2025-02-23,ROAD,283.6
PO-000207,BritGoods Ltd,SUP-001,PRD-00012,Paper Towels 12-Roll,200,8.26,2025-03-23,2025-03-26,2025-03-28,ROAD,283.6
PO-000208,BritGoods Ltd,SUP-001,PRD-00012,Paper Towels 12-Roll,300,8.02,2025-04-26,2025-04-29,2025-04-29,ROAD,425.4
PO-000209,BritGoods Ltd,SUP-001,PRD-00012,Paper Towels 12-Roll,300,8.05,2025-05-29,2025-06-01,2025-06-02,ROAD,425.4
PO-000210,BritGoods Ltd,SUP-001,PRD-00012,Paper Towels 12-Roll,300,8.05,2025-06-27,2025-07-01,2025-07-01,ROAD,425.4
PO-000211,BritGoods Ltd,SUP-001,PRD-00012,Paper Towels 12-Roll,300,8.58,2025-07-23,2025-07-28,2025-07-27,ROAD,425.4
PO-000212,BritGoods Ltd,SUP-001,PRD-00012,Paper Towels 12-Roll,300,8.19,2025-08-19,2025-08-23,2025-08-26,ROAD,425.4
PO-000213,BritGoods Ltd,SUP-001,PRD-00012,Paper Towels 12-Roll,300,8.29,2025-09-16,2025-09-20,2025-09-22,ROAD,425.4
PO-000214,BritGoods Ltd,SUP-001,PRD-00012,Paper Towels 12-Roll,300,8.26,2025-10-13,2025-10-16,2025-10-17,ROAD,425.4
PO-000215,BritGoods Ltd,SUP-001,PRD-00012,Paper Towels 12-Roll,400,8.35,2025-11-14,2025-11-18,2025-11-18,ROAD,567.2
PO-000216,BritGoods Ltd,SUP-001,PRD-00012,Paper Towels 12-Roll,400,8.4,2025-12-15,2025-12-19,2025-12-21,ROAD,567.2
PO-000217,MedTrade SRL,SUP-006,PRD-00013,Rubber Gloves Medium Pair,192,9.41,2024-01-22,2024-02-06,2024-02-09,ROAD,145.15
PO-000218,MedTrade SRL,SUP-006,PRD-00013,Rubber Gloves Medium Pair,192,9.1,2024-02-17,2024-03-02,2024-03-05,ROAD,145.15
PO-000219,Med Trade S.R.L.,SUP-006,PRD-00013,Rubber Gloves Medium Pair,192,9.5,2024-03-23,2024-04-07,2024-04-06,ROAD,145.15
PO-000220,MedTrade SRL,SUP-006,PRD-00013,Rubber Gloves Medium Pair,240,9.43,2024-04-20,2024-05-03,2024-05-06,ROAD,181.44
PO-000221,MedTrade SRL,SUP-006,PRD-00013,Rubber Gloves Medium Pair,240,9.31,2024-05-24,2024-06-05,2024-06-08,ROAD,181.44
PO-000222,MedTrade SRL,SUP-006,PRD-00013,Rubber Gloves Medium Pair,240,9.9,2024-06-22,2024-07-02,2024-07-01,ROAD,181.44
PO-000223,MedTrade SRL,SUP-006,PRD-00013,Rubber Gloves Medium Pair,240,9.46,2024-07-22,2024-08-02,2024-08-02,ROAD,181.44
PO-000224,MedTrade SRL,SUP-006,PRD-00013,Rubber Gloves Medium Pair,240,9.65,2024-08-23,2024-09-02,2024-09-02,ROAD,181.44
PO-000225,MedTrade SRL,SUP-006,PRD-00013,Rubber Gloves Medium Pair,240,9.7,2024-09-24,2024-10-08,2024-10-08,ROAD,181.44
PO-000226,MedTrade SRL,SUP-006,PRD-00013,Rubber Gloves Medium Pair,240,9.78,2024-10-27,2024-11-08,2024-11-10,ROAD,181.44
PO-000227,MedTrade SRL,SUP-006,PRD-00013,Rubber Gloves Medium Pair,336,9.55,2024-11-22,2024-12-02,2024-12-05,ROAD,254.02
PO-000228,MedTrade SRL,SUP-006,PRD-00013,Rubber Gloves Medium Pair,336,9.6,2024-12-21,2025-01-01,2025-01-02,ROAD,254.02
PO-000229,MedTrade SRL,SUP-006,PRD-00013,Rubber Gloves Medium Pair,192,9.13,2025-01-22,2025-02-05,2025-02-05,ROAD,145.15
PO-000230,MedTrade SRL,SUP-006,PRD-00013,Rubber Gloves Medium Pair,192,9.69,2025-02-26,2025-03-12,2025-03-14,ROAD,145.15
PO-000231,MedTrade SRL,SUP-006,PRD-00013,Rubber Gloves Medium Pair,192,9.91,2025-03-24,2025-04-06,2025-04-07,ROAD,145.15
PO-000232,MedTrade SRL,SUP-006,PRD-00013,Rubber Gloves Medium Pair,240,9.66,2025-04-19,2025-05-06,2025-05-07,ROAD,181.44
PO-000233,MedTrade SRL,SUP-006,PRD-94323,Rubber Gloves Medium Pair,240,9.32,2025-05-21,2025-06-02,2025-06-03,ROAD,181.44
PO-000234,MedTrade SRL,SUP-006,PRD-00013,Rubber Gloves Medium Pair,240,9.51,2025-06-22,2025-07-05,2025-07-07,ROAD,181.44
PO-000235,MedTrade SRL,SUP-006,PRD-00013,Rubber Gloves Medium Pair,240,9.56,2025-07-21,2025-08-02,2025-08-02,ROAD,181.44
PO-000236,MedTrade SRL,SUP-006,PRD-00013,Rubber Gloves Medium Pair,240,9.45,2025-08-24,2025-09-04,2025-09-04,ROAD,181.44
PO-000237,MedTrade SRL,SUP-006,PRD-00013,Rubber Gloves Medium Pair,240,9.38,2025-09-22,2025-10-04,2025-10-06,ROAD,181.44
PO-000237,MedTrade SRL,SUP-006,PRD-00013,Rubber Gloves Medium Pair,240,9.38,2025-09-22,2025-10-04,2025-10-06,ROAD,181.44
PO-000238,MedTrade SRL,SUP-006,PRD-00013,Rubber Gloves Medium Pair,240,9.35,2025-10-27,2025-11-08,2025-11-07,ROAD,181.44
PO-000239,MedTrade SRL,SUP-006,PRD-00013,Rubber Gloves Medium Pair,336,9.45,2025-11-27,2025-12-10,2025-12-11,ROAD,254.02
PO-000240,MedTrade SRL,SUP-006,PRD-00013,Rubber Gloves Medium Pair,336,9.99,2025-12-30,2026-01-13,2026-01-16,ROAD,254.02
PO-000241,EuroFast GmbH,SUP-002,PRD-00014,Oven Cleaner 300ml,200,7.49,2024-01-30,2024-02-10,2024-02-11,ROAD,197.2
PO-000242,EuroFast GmbH,SUP-002,PRD-00014,Oven Cleaner 300ml,300,7.55,2024-03-02,2024-03-11,2024-03-14,ROAD,295.8
PO-000243,EuroFast GmbH,SUP-002,PRD-00014,Oven Cleaner 300ml,300,7.35,2024-03-27,2024-04-05,2024-04-05,ROAD,295.8
PO-000244,EuroFast GmbH,SUP-002,PRD-00014,Oven Cleaner 300ml,300,7.33,2024-04-23,2024-05-02,2024-05-05,ROAD,295.8
PO-000245,EUROFAST,SUP-002,PRD-00014,Oven Cleaner 300ml,300,7.17,2024-05-25,2024-06-01,2024-06-03,ROAD,295.8
PO-000246,EuroFast GmbH,SUP-002,PRD-00014,Oven Cleaner 300ml,300,7.62,2024-06-19,2024-06-26,2024-06-25,ROAD,295.8
PO-000247,EuroFast GmbH,SUP-002,PRD-95735,Oven Cleaner 300ml,300,7.37,2024-07-22,2024-08-01,2024-08-02,ROAD,295.8
PO-000248,EuroFast GmbH,SUP-002,PRD-00014,Oven Cleaner 300ml,300,7.65,2024-08-19,2024-08-27,2024-08-30,ROAD,295.8
PO-000249,EuroFast GmbH,SUP-002,PRD-00014,Oven Cleaner 300ml,300,7.78,2024-09-17,2024-09-24,2024-09-27,ROAD,295.8
PO-000250,EUROFAST,SUP-002,PRD-00014,Oven Cleaner 300ml,300,7.64,2024-10-17,2024-10-26,2024-10-27,ROAD,295.8
PO-000251,EuroFast GmbH,SUP-002,PRD-00014,Oven Cleaner 300ml,400,7.49,2024-11-19,2024-11-29,2024-12-01,ROAD,394.4
PO-000252,EuroFast GmbH,SUP-002,PRD-00014,Oven Cleaner 300ml,400,7.4,20-Dec-24,2024-12-29,2024-12-30,ROAD,394.4
PO-000253,EuroFast GmbH,SUP-002,PRD-00014,Oven Cleaner 300ml,200,7.3,2025-01-22,2025-01-30,2025-01-31,ROAD,197.2
PO-000254,EuroFast GmbH,SUP-002,PRD-00014,Oven Cleaner 300ml,200,7.61,2025-02-16,2025-02-26,2025-02-26,ROAD,197.2
PO-000255,EuroFast GmbH,SUP-002,PRD-00014,Oven Cleaner 300ml,300,7.67,2025-03-20,2025-03-29,2025-03-31,ROAD,295.8
PO-000256,EuroFast GmbH,SUP-002,PRD-00014,Oven Cleaner 300ml,300,7.5,2025-04-20,2025-05-01,2025-05-04,ROAD,295.8
PO-000257,EuroFast GmbH,SUP-002,PRD-00014,Oven Cleaner 300ml,300,7.73,2025-05-16,2025-05-25,2025-05-27,ROAD,295.8
PO-000258,EuroFast GmbH,SUP-002,PRD-00014,Oven Cleaner 300ml,300,7.65,2025-06-17,2025-06-27,2025-06-30,ROAD,295.8
PO-000259,EuroFast GmbH,SUP-002,PRD-00014,Oven Cleaner 300ml,300,7.37,2025-07-13,2025-07-24,2025-07-23,ROAD,295.8
PO-000260,EuroFast GmbH,SUP-002,PRD-00014,Oven Cleaner 300ml,300,7.89,2025-08-08,2025-08-18,2025-08-18,ROAD,295.8
PO-000261,Eurofast GMBH,SUP-002,PRD-00014,Oven Cleaner 300ml,300,7.23,2025-09-12,2025-09-24,2025-09-24,ROAD,295.8
PO-000262,EuroFast GmbH,SUP-002,PRD-00014,Oven Cleaner 300ml,300,7.51,2025-10-14,2025-10-23,2025-10-23,ROAD,295.8
PO-000263,EuroFast GmbH,SUP-002,PRD-00014,Oven Cleaner 300ml,400,7.58,2025-11-09,2025-11-19,2025-11-19,ROAD,394.4
PO-000264,EuroFast GmbH,SUP-002,PRD-00014,Oven Cleaner 300ml,400,7.59,2025-12-11,2025-12-18,2025-12-17,ROAD,394.4
PO-000265,EuroFast GmbH,SUP-002,PRD-00015,Drain Unblocker 500ml,336,2.41,2024-01-25,2024-02-04,2024-02-03,ROAD,256.7
PO-000266,EuroFast GmbH,SUP-002,PRD-00015,Drain Unblocker 500ml,384,2.48,2024-03-30,2024-04-08,2024-04-07,ROAD,293.38
PO-000267,EuroFast GmbH,SUP-002,PRD-00015,Drain Unblocker 500ml,432,2.44,2024-05-31,2024-06-07,2024-06-09,ROAD,330.05
PO-000268,EuroFast GmbH,SUP-002,PRD-00015,Drain Unblocker 500ml,480,2.4,2024-07-26,2024-08-02,2024-08-04,ROAD,366.72
PO-000269,EuroFast GmbH,SUP-002,PRD-00015,Drain Unblocker 500ml,432,2.58,2024-09-25,2024-10-06,2024-10-07,ROAD,330.05
PO-000270,EuroFast GmbH,SUP-002,PRD-00015,Drain Unblocker 500ml,576,2.4,2024-11-27,2024-12-05,2024-12-07,ROAD,440.06
PO-000271,EuroFast GmbH,SUP-002,PRD-00015,Drain Unblocker 500ml,336,2.46,2025-01-26,2025-02-03,2025-02-02,ROAD,256.7
PO-000272,EuroFast GmbH,SUP-002,PRD-00015,Drain Unblocker 500ml,384,2.39,2025-03-31,2025-04-09,2025-04-10,ROAD,293.38
PO-000273,EuroFast GmbH,SUP-002,PRD-00015,Drain Unblocker 500ml,432,2.46,2025-05-31,2025-06-10,2025-06-10,ROAD,330.05
PO-000274,EuroFast GmbH,SUP-002,PRD-00015,Drain Unblocker 500ml,480,2.48,2025-07-26,2025-08-02,2025-08-01,ROAD,366.72
PO-000275,EuroFast GmbH,SUP-002,PRD-00015,Drain Unblocker 500ml,432,2.47,2025-09-28,2025-10-08,2025-10-10,ROAD,330.05
PO-000276,EuroFast GmbH,SUP-002,PRD-00015,Drain Unblocker 500ml,624,2.39,2025-12-01,2025-12-12,2025-12-15,ROAD,476.74
PO-000277,NordicSupply AS,SUP-005,PRD-00016,Moisturising Hand Cream 100ml,240,4.21,2024-01-17,2024-01-25,2024-01-24,ROAD,148.8
PO-000278,NordicSupply AS,SUP-005,PRD-00016,Moisturising Hand Cream 100ml,300,4.01,03/06/2024,2024-03-14,2024-03-16,ROAD,186.0
PO-000279,NordicSupply AS,SUP-005,PRD-00016,Moisturising Hand Cream 100ml,312,4.19,2024-04-21,2024-04-29,2024-04-30,ROAD,193.44
PO-000280,NordicSupply AS,SUP-005,PRD-00016,Moisturising Hand Cream 100ml,348,4.2,2024-06-09,2024-06-19,2024-06-20,ROAD,215.76
PO-000281,NordicSupply AS,SUP-005,PRD-00016,Moisturising Hand Cream 100ml,360,4.16,2024-07-23,2024-08-02,2024-08-03,ROAD,223.2
PO-000282,NordicSupply AS,SUP-005,PRD-00016,Moisturising Hand Cream 100ml,324,4.22,2024-09-10,2024-09-20,2024-09-20,ROAD,200.88
PO-000283,NordicSupply AS,SUP-005,PRD-00016,Moisturising Hand Cream 100ml,360,4.32,2024-10-29,2024-11-06,2024-11-07,ROAD,223.2
PO-000284,NordicSupply AS,SUP-005,PRD-00016,Moisturising Hand Cream 100ml,492,4.39,2024-12-18,2024-12-28,2024-12-29,ROAD,305.04
PO-000285,NordicSupply AS,SUP-005,PRD-00016,Moisturising Hand Cream 100ml,264,4.21,2025-02-06,2025-02-14,2025-02-16,ROAD,163.68
PO-000286,NordicSupply AS,SUP-005,PRD-00016,Moisturising Hand Cream 100ml,300,4.24,2025-03-24,2025-04-05,2025-04-06,ROAD,186.0
PO-000287,NORDICSUPPLY,SUP-005,PRD-00016,Moisturising Hand Cream 100ml,324,4.21,2025-05-13,2025-05-23,2025-05-24,ROAD,200.88
PO-000288,NordicSupply AS,SUP-005,PRD-00016,Moisturising Hand Cream 100ml,348,4.26,2025-06-28,2025-07-11,2025-07-12,ROAD,215.76
PO-000289,NordicSupply AS,SUP-005,PRD-00016,Moisturising Hand Cream 100ml,348,4.3,2025-08-12,2025-08-25,2025-08-27,ROAD,215.76
PO-000290,NordicSupply AS,SUP-005,PRD-00016,Moisturising Hand Cream 100ml,324,4.16,2025-09-26,2025-10-06,2025-10-05,ROAD,200.88
PO-000291,NordicSupply AS,SUP-005,PRD-00016,Moisturising Hand Cream 100ml,444,4.1,2025-11-05,2025-11-16,2025-11-17,ROAD,275.28
PO-000292,NordicSupply AS,SUP-005,PRD-00016,Moisturising Hand Cream 100ml,492,4.25,2025-12-23,2026-01-02,2026-01-01,ROAD,305.04
PO-000293,NordicSupply AS,SUP-005,PRD-00017,Daily Shampoo 400ml,108,14.07,2024-01-09,2024-01-19,2024-01-20,ROAD,23.65
PO-000294,NORDICSUPPLY,SUP-005,PRD-00017,Daily Shampoo 400ml,114,13.98,2024-02-06,2024-02-17,2024-02-16,ROAD,24.97
PO-000295,NordicSupply AS,SUP-005,PRD-00017,Daily Shampoo 400ml,126,14.16,2024-03-04,2024-03-14,2024-03-15,ROAD,27.59
PO-000296,NordicSupply,SUP-005,PRD-00017,Daily Shampoo 400ml,132,13.99,2024-04-06,2024-04-19,2024-04-22,ROAD,28.91
PO-000297,NordicSupply AS,SUP-005,PRD-00017,Daily Shampoo 400ml,138,14.69,2024-05-11,2024-05-23,2024-05-22,SEA,30.22
PO-000298,NordicSupply AS,SUP-005,PRD-00017,Daily Shampoo 400ml,144,14.83,2024-06-08,2024-06-22,2024-06-21,ROAD,31.54
PO-000299,NordicSupply AS,SUP-005,PRD-00017,Daily Shampoo 400ml,156,14.33,2024-07-12,2024-07-21,2024-07-23,ROAD,34.16
PO-000300,NordicSupply AS,SUP-005,PRD-00017,Daily Shampoo 400ml,144,13.95,2024-08-08,2024-08-20,2024-08-19,ROAD,31.54
PO-000301,NordicSupply AS,SUP-005,PRD-00017,Daily Shampoo 400ml,138,14.07,2024-09-08,2024-09-19,2024-09-22,ROAD,30.22
PO-000302,NordicSupply AS,SUP-005,PRD-00017,Daily Shampoo 400ml,156,14.42,2024-10-10,2024-10-22,2024-10-23,SEA,34.16
PO-000303,NordicSupply AS,SUP-005,PRD-00017,Daily Shampoo 400ml,192,13.98,2024-11-08,2024-11-21,2024-11-21,ROAD,42.05
PO-000304,NordicSupply AS,SUP-005,PRD-00017,Daily Shampoo 400ml,210,14.25,2024-12-09,2024-12-19,2024-12-18,ROAD,45.99
PO-000304,NordicSupply AS,SUP-005,PRD-00017,Daily Shampoo 400ml,212,14.25,2024-12-09,2024-12-19,2024-12-18,ROAD,45.99
PO-000305,NordicSupply AS,SUP-005,PRD-00017,Daily Shampoo 400ml,108,14.2,2025-01-12,2025-01-24,2025-01-24,ROAD,23.65
PO-000306,NordicSupply AS,SUP-005,PRD-00017,Daily Shampoo 400ml,114,13.81,2025-02-10,2025-02-22,2025-02-22,SEA,24.97
PO-000307,NordicSupply AS,SUP-005,PRD-00017,Daily Shampoo 400ml,126,14.34,2025-03-10,2025-03-19,2025-03-21,ROAD,27.59
PO-000308,NordicSupply AS,SUP-005,PRD-00017,Daily Shampoo 400ml,132,14.3,2025-04-13,2025-04-25,2025-04-26,ROAD,28.91
PO-000309,NordicSupply AS,SUP-005,PRD-00017,Daily Shampoo 400ml,138,14.0,2025-05-09,2025-05-20,2025-05-22,ROAD,30.22
PO-000310,NordicSupply AS,SUP-005,PRD-00017,Daily Shampoo 400ml,144,14.25,2025-06-08,2025-06-17,2025-06-16,ROAD,31.54
PO-000311,NORDICSUPPLY,SUP-005,PRD-00017,Daily Shampoo 400ml,156,14.08,2025-07-08,2025-07-21,2025-07-24,SEA,34.16
PO-000312,NordicSupply AS,SUP-005,PRD-00017,Daily Shampoo 400ml,144,14.05,2025-08-05,2025-08-17,2025-08-20,SEA,31.54
PO-000313,NordicSupply AS,SUP-005,PRD-00017,Daily Shampoo 400ml,144,13.98,2025-08-31,2025-09-12,2025-09-12,SEA,31.54
PO-000314,NordicSupply AS,SUP-005,PRD-00017,Daily Shampoo 400ml,156,13.65,2025-10-03,2025-10-11,2025-10-11,ROAD,34.16
PO-000315,NordicSupply AS,SUP-005,PRD-00017,Daily Shampoo 400ml,156,144.4,2025-10-30,2025-11-07,2025-11-08,ROAD,34.16
PO-000316,NordicSupply AS,SUP-005,PRD-00017,Daily Shampoo 400ml,192,14.15,2025-11-25,2025-12-03,2025-12-06,ROAD,42.05
PO-000317,NordicSupply AS,SUP-005,PRD-00017,Daily Shampoo 400ml,210,13.97,2025-12-27,2026-01-07,2026-01-07,ROAD,45.99
PO-000318,EuroFast GmbH,SUP-002,PRD-00018,Conditioner 400ml,100,16.3,2024-01-16,2024-01-24,2024-01-27,ROAD,42.0
PO-000319,EuroFast GmbH,SUP-002,PRD-00018,Conditioner 400ml,100,15.79,02/19/2024,2024-02-28,2024-03-02,ROAD,42.0
PO-000320,EuroFast GmbH,SUP-002,PRD-00018,Conditioner 400ml,100,16.19,2024-03-23,2024-04-01,2024-04-01,ROAD,42.0
PO-000321,EuroFast GmbH,SUP-002,PRD-00018,Conditioner 400ml,100,16.07,2024-04-21,2024-04-29,2024-04-28,ROAD,42.0
PO-000322,EuroFast GmbH,SUP-002,PRD-00018,Conditioner 400ml,100,16.43,2024-05-18,2024-05-26,2024-05-28,ROAD,42.0
PO-000323,EuroFast GmbH,SUP-002,PRD-00018,Conditioner 400ml,100,15.76,2024-06-13,2024-06-20,2024-06-19,ROAD,42.0
PO-000324,EuroFast GmbH,SUP-002,PRD-00018,Conditioner 400ml,100,16.03,2024-07-18,2024-07-29,2024-07-30,RAIL,42.0
PO-000325,EuroFast GmbH,SUP-002,PRD-00018,Conditioner 400ml,100,16.31,2024-08-16,2024-08-23,2024-08-22,,42.0
PO-000326,EuroFast GmbH,SUP-002,PRD-00018,Conditioner 400ml,100,15.45,2024-09-14,2024-09-22,2024-09-21,ROAD,42.0
PO-000327,EuroFast GmbH,SUP-002,PRD-00018,Conditioner 400ml,100,16.21,2024-10-19,2024-10-28,2024-10-31,ROAD,42.0
PO-000328,EuroFast GmbH,SUP-002,PRD-00018,Conditioner 400ml,200,16.53,2024-11-13,2024-11-20,2024-11-20,ROAD,84.0
PO-000329,EuroFast GmbH,SUP-002,PRD-00018,Conditioner 400ml,200,164.4,2024-12-18,2024-12-26,2024-12-25,ROAD,84.0
PO-000330,EuroFast GmbH,SUP-002,PRD-00018,Conditioner 400ml,100,16.09,2025-01-19,2025-01-27,2025-01-29,ROAD,42.0
PO-000331,EuroFast GmbH,SUP-002,PRD-00018,Conditioner 400ml,100,16.28,2025-02-18,2025-02-25,2025-02-28,ROAD,42.0
PO-000332,EuroFast GmbH,SUP-002,PRD-00018,Conditioner 400ml,100,16.25,2025-03-15,2025-03-24,2025-03-27,ROAD,42.0
PO-000333,EuroFast GmbH,SUP-002,PRD-00018,Conditioner 400ml,100,16.13,2025-04-16,2025-04-24,2025-04-26,ROAD,42.0
PO-000334,EuroFast GmbH,SUP-002,PRD-00018,Conditioner 400ml,100,15.87,2025-05-17,2025-05-26,2025-05-27,ROAD,42.0
PO-000335,EuroFast GmbH,SUP-002,PRD-00018,Conditioner 400ml,100,16.05,2025-06-14,2025-06-25,2025-06-28,RAIL,42.0
PO-000336,EuroFast GmbH,SUP-002,PRD-00018,Conditioner 400ml,100,16.18,2025-07-15,2025-07-23,2025-07-22,ROAD,42.0
PO-000337,EuroFast GmbH,SUP-002,PRD-00018,Conditioner 400ml,100,16.23,2025-08-19,2025-08-26,2025-08-25,,42.0
PO-000338,EuroFast GmbH,SUP-002,PRD-00018,Conditioner 400ml,100,16.07,2025-09-20,2025-10-01,2025-10-04,RAIL,42.0
PO-000339,EuroFast GmbH,SUP-002,PRD-00018,Conditioner 400ml,100,16.08,2025-10-22,2025-10-29,2025-10-31,ROAD,42.0
PO-000340,EuroFast GmbH,SUP-002,PRD-00018,Conditioner 400ml,200,16.0,2025-11-17,2025-11-29,2025-11-30,ROAD,84.0
PO-000341,EuroFast GmbH,SUP-002,PRD-00018,Conditioner 400ml,200,16.37,2025-12-16,2025-12-26,2025-12-28,ROAD,84.0
PO-000342,AsiaSource Co,SUP-003,PRD-00019,Body Lotion 250ml,228,2.5,2024-01-07,2024-01-25,2024-01-25,SEA,181.72
PO-000343,AsiaSource Co,SUP-003,PRD-00019,Body Lotion 250ml,270,2.52,2024-03-12,2024-04-10,2024-04-09,SEA,215.19
PO-000344,AsiaSource Co,SUP-003,PRD-00019,Body Lotion 250ml,300,2.43,2024-05-14,2024-06-18,2024-06-18,SEA,239.1
PO-000345,AsiaSource Co,SUP-003,PRD-00019,Body Lotion 250ml,336,2.43,2024-07-18,2024-08-19,2024-08-19,SEA,267.79
PO-000346,AsiaSource Co,SUP-003,PRD-00019,Body Lotion 250ml,300,2.53,2024-09-20,2024-10-09,2024-10-10,SEA,239.1
PO-000347,AsiaSource Co,SUP-003,PRD-00019,Body Lotion 250ml,408,2.47,2024-11-18,2024-12-10,2024-12-12,SEA,325.18
PO-000348,AsiaSource Co,SUP-003,PRD-00019,Body Lotion 250ml,228,2.48,2025-01-18,2025-02-15,2025-02-17,SEA,181.72
PO-000349,AsiaSource Co,SUP-003,PRD-00019,Body Lotion 250ml,270,2.39,2025-03-19,2025-04-06,2025-04-09,SEA,215.19
PO-000350,AsiaSource Co,SUP-003,PRD-00019,Body Lotion 250ml,300,2.37,2025-05-22,2025-06-09,2025-06-11,SEA,239.1
PO-000351,AsiaSource Co,SUP-003,PRD-00019,Body Lotion 250ml,336,2.4,2025-07-21,2025-08-13,2025-08-13,SEA,267.79
PO-000352,AsiaSource Co,SUP-003,PRD-00019,Body Lotion 250ml,300,2.48,2025-09-19,2025-10-13,2025-10-13,SEA,239.1
PO-000352,AsiaSource Co,SUP-003,PRD-00019,Body Lotion 250ml,299,2.48,2025-09-19,2025-10-13,2025-10-13,SEA,239.1
PO-000353,AsiaSource Co,SUP-003,PRD-00019,Body Lotion 250ml,408,2.52,2025-11-17,2025-12-06,2025-12-08,SEA,325.18
PO-000354,NordicSupply AS,SUP-005,PRD-00020,Shower Gel 500ml,168,8.15,2024-01-24,2024-02-01,2024-02-02,ROAD,94.58
PO-000355,NordicSupply AS,SUP-005,PRD-00020,Shower Gel 500ml,180,7.57,2024-02-24,2024-03-03,2024-03-05,ROAD,101.34
PO-000356,NordicSupply AS,SUP-005,PRD-00020,Shower Gel 500ml,204,7.9,2024-03-24,2024-04-03,2024-04-04,ROAD,114.85
PO-000357,NordicSupply AS,SUP-005,PRD-00020,Shower Gel 500ml,216,8.0,2024-04-19,2024-04-28,2024-04-29,ROAD,121.61
PO-000358,NordicSupply AS,SUP-005,PRD-00020,Shower Gel 500ml,228,8.31,2024-05-19,2024-05-30,2024-05-29,ROAD,128.36
PO-000359,NordicSupply AS,SUP-005,PRD-00020,Shower Gel 500ml,240,8.27,2024-06-21,2024-07-01,2024-07-02,ROAD,135.12
PO-000360,NordicSupply,SUP-005,PRD-00020,Shower Gel 500ml,252,8.09,2024-07-17,2024-07-29,2024-07-28,ROAD,141.88
PO-000361,NordicSupply AS,SUP-005,PRD-00020,Shower Gel 500ml,240,7.82,2024-08-11,2024-08-23,2024-08-24,SEA,135.12
PO-000362,NordicSupply AS,SUP-005,PRD-00020,Shower Gel 500ml,228,7.87,2024-09-10,2024-09-20,2024-09-21,ROAD,128.36
PO-000363,NordicSupply AS,SUP-005,PRD-00020,Shower Gel 500ml,252,8.13,2024-10-15,2024-10-27,2024-10-27,ROAD,141.88
PO-000364,NordicSupply AS,SUP-005,PRD-00020,Shower Gel 500ml,306,79.1,2024-11-13,2024-11-23,2024-11-24,ROAD,172.28
PO-000365,NordicSupply AS,SUP-005,PRD-00020,Shower Gel 500ml,342,8.11,2024-12-16,2024-12-28,2024-12-27,ROAD,192.55
PO-000366,NordicSupply AS,SUP-005,PRD-00020,Shower Gel 500ml,168,8.13,2025-01-12,2025-01-21,2025-01-22,ROAD,94.58
PO-000367,NordicSupply AS,SUP-005,PRD-00020,Shower Gel 500ml,180,7.97,2025-02-06,2025-02-15,2025-02-14,ROAD,101.34
PO-000368,NordicSupply AS,SUP-005,PRD-00020,Shower Gel 500ml,204,8.23,2025-03-08,2025-03-18,2025-03-21,ROAD,114.85
PO-000369,NordicSupply AS,SUP-005,PRD-00020,Shower Gel 500ml,216,7.97,2025-04-02,2025-04-12,2025-04-11,ROAD,121.61
PO-000370,NordicSupply AS,SUP-005,PRD-00020,Shower Gel 500ml,216,7.97,2025-04-27,2025-05-08,2025-05-07,ROAD,121.61
PO-000371,NordicSupply AS,SUP-005,PRD-00020,Shower Gel 500ml,228,8.0,2025-05-27,2025-06-04,2025-06-03,ROAD,128.36
PO-000372,NordicSupply AS,SUP-005,PRD-00020,Shower Gel 500ml,240,7.77,2025-06-28,2025-07-08,2025-07-07,ROAD,135.12
PO-000373,NordicSupply AS,SUP-005,PRD-00020,Shower Gel 500ml,252,8.22,07/24/2025,2025-08-02,2025-08-01,ROAD,141.88
PO-000374,Nordic Supply A/S,SUP-005,PRD-00020,Shower Gel 500ml,240,8.05,2025-08-27,2025-09-07,2025-09-07,ROAD,135.12
PO-000375,NordicSupply AS,SUP-005,PRD-00020,Shower Gel 500ml,228,8.36,2025-09-21,2025-10-03,2025-10-02,SEA,128.36
PO-000376,NordicSupply AS,SUP-005,PRD-00020,Shower Gel 500ml,252,8.23,2025-10-24,2025-11-05,2025-11-08,ROAD,141.88
PO-000377,NordicSupply AS,SUP-005,PRD-00020,Shower Gel 500ml,306,7.76,2025-11-19,2025-11-27,2025-11-29,ROAD,172.28
PO-000378,NordicSupply AS,SUP-005,PRD-00020,Shower Gel 500ml,342,7.79,2025-12-15,2025-12-24,2025-12-24,ROAD,192.55
PO-000379,NordicSupply AS,SUP-005,PRD-00021,Deodorant Roll-On 50ml,120,9.87,2024-01-03,2024-01-21,2024-01-24,SEA,61.32
PO-000380,NordicSupply,SUP-005,PRD-00021,Deodorant Roll-On 50ml,120,9.9,2024-01-28,2024-02-10,2024-02-10,ROAD,61.32
PO-000381,NordicSupply AS,SUP-005,PRD-00021,Deodorant Roll-On 50ml,144,9.76,2024-02-22,2024-03-04,2024-03-06,ROAD,73.58
PO-000382,NordicSupply AS,SUP-005,PRD-00021,Deodorant Roll-On 50ml,144,10.15,2024-03-25,2024-04-07,2024-04-09,ROAD,73.58
PO-000383,NordicSupply AS,SUP-005,PRD-00021,Deodorant Roll-On 50ml,168,9.96,2024-04-24,2024-05-05,2024-05-05,ROAD,85.85
PO-000384,NordicSupply AS,SUP-005,PRD-00021,Deodorant Roll-On 50ml,168,10.24,2024-05-22,2024-06-01,2024-05-31,ROAD,85.85
PO-000385,NordicSupply AS,SUP-005,PRD-00021,Deodorant Roll-On 50ml,168,9.76,2024-06-22,2024-07-02,2024-07-05,ROAD,85.85
PO-000386,NordicSupply AS,SUP-005,PRD-00021,Deodorant Roll-On 50ml,192,9.78,2024-07-18,2024-07-28,2024-07-31,ROAD,98.11
PO-000387,NordicSupply AS,SUP-005,PRD-00021,Deodorant Roll-On 50ml,168,9.99,2024-08-19,2024-09-05,2024-09-07,ROAD,85.85
PO-000388,NordicSupply AS,SUP-005,PRD-00021,Deodorant Roll-On 50ml,168,10.16,2024-09-15,2024-09-28,2024-09-28,ROAD,85.85
PO-000389,NordicSupply AS,SUP-005,PRD-00021,Deodorant Roll-On 50ml,192,10.03,2024-10-18,2024-10-29,2024-10-29,ROAD,98.11
PO-000390,NordicSupply AS,SUP-005,PRD-00021,Deodorant Roll-On 50ml,240,10.0,2024-11-19,2024-12-01,2024-12-03,SEA,122.64
PO-000391,NordicSupply AS,SUP-005,PRD-00021,Deodorant Roll-On 50ml,264,10.16,2024-12-15,2024-12-23,2024-12-22,ROAD,134.9
PO-000392,NordicSupply AS,SUP-005,PRD-00021,Deodorant Roll-On 50ml,120,10.27,2025-01-17,2025-01-28,2025-01-28,ROAD,61.32
PO-000393,NordicSupply AS,SUP-005,PRD-00021,Deodorant Roll-On 50ml,144,9.73,2025-02-20,2025-03-03,2025-03-04,ROAD,73.58
PO-000394,NordicSupply AS,SUP-005,PRD-00021,Deodorant Roll-On 50ml,144,9.99,2025-03-17,2025-03-26,2025-03-28,,73.58
PO-000395,NordicSupply AS,SUP-005,PRD-00021,Deodorant Roll-On 50ml,168,10.16,2025-04-16,2025-04-27,2025-04-28,ROAD,85.85
PO-000396,NordicSupply AS,SUP-005,PRD-00021,Deodorant Roll-On 50ml,168,9.93,2025-05-17,2025-05-28,2025-05-28,ROAD,85.85
PO-000397,NordicSupply AS,SUP-005,PRD-00021,Deodorant Roll-On 50ml,168,10.11,2025-06-12,2025-06-21,2025-06-23,ROAD,85.85
PO-000398,NordicSupply AS,SUP-005,PRD-00021,Deodorant Roll-On 50ml,192,9.68,2025-07-09,2025-07-22,2025-07-25,ROAD,98.11
PO-000399,NordicSupply AS,SUP-005,PRD-00021,Deodorant Roll-On 50ml,168,10.15,2025-08-06,2025-08-16,2025-08-15,ROAD,85.85
PO-000400,NordicSupply AS,SUP-005,PRD-00021,Deodorant Roll-On 50ml,168,9.82,2025-09-04,2025-09-12,2025-09-12,ROAD,85.85
PO-000401,NordicSupply AS,SUP-005,PRD-00021,Deodorant Roll-On 50ml,192,9.82,2025-10-03,2025-10-11,2025-10-13,ROAD,98.11
PO-000402,NordicSupply AS,SUP-005,PRD-00021,Deodorant Roll-On 50ml,192,9.89,2025-10-30,2025-11-07,2025-11-07,ROAD,98.11
PO-000403,NordicSupply AS,SUP-005,PRD-00021,Deodorant Roll-On 50ml,240,10.15,2025-11-24,2025-12-02,2025-12-05,ROAD,122.64
PO-000404,NordicSupply AS,SUP-005,PRD-00021,Deodorant Roll-On 50ml,264,10.03,2025-12-19,2025-12-29,2025-12-29,ROAD,134.9
PO-000405,EuroFast GmbH,SUP-002,PRD-00022,Facial Cleanser 150ml,186,2.62,2024-01-05,2024-01-12,2024-01-11,ROAD,101.56
PO-000406,EuroFast GmbH,SUP-002,PRD-00022,Facial Cleanser 150ml,222,2.61,2024-03-04,2024-03-11,2024-03-11,,121.21
PO-000407,EuroFast GmbH,SUP-002,PRD-00022,Facial Cleanser 150ml,246,2.7,2024-05-01,2024-05-11,2024-05-10,ROAD,134.32
PO-000408,EuroFast GmbH,SUP-002,PRD-00022,Facial Cleanser 150ml,270,2.55,2024-07-04,2024-07-14,2024-07-15,ROAD,147.42
PO-000409,EuroFast GmbH,SUP-002,PRD-00022,Facial Cleanser 150ml,246,2.66,2024-09-03,2024-09-10,2024-09-09,ROAD,134.32
PO-000410,EuroFast GmbH,SUP-002,PRD-00022,Facial Cleanser 150ml,336,2.76,2024-11-05,2024-11-12,2024-11-15,ROAD,183.46
PO-000411,EuroFast GmbH,SUP-002,PRD-00022,Facial Cleanser 150ml,372,2.7,2024-12-30,2025-01-06,2025-01-07,ROAD,203.11
PO-000412,EuroFast GmbH,SUP-002,PRD-00022,Facial Cleanser 150ml,222,2.7,2025-03-02,2025-03-09,2025-03-08,ROAD,121.21
PO-000413,EuroFast GmbH,SUP-002,PRD-00022,Facial Cleanser 150ml,234,2.62,2025-04-29,2025-05-06,2025-05-06,ROAD,127.76
PO-000414,EuroFast GmbH,SUP-002,PRD-00022,Facial Cleanser 150ml,258,2.74,2025-06-25,2025-07-02,2025-07-03,ROAD,140.87
PO-000415,EuroFast GmbH,SUP-002,PRD-00022,Facial Cleanser 150ml,258,2.64,2025-08-25,2025-09-01,2025-09-01,ROAD,140.87
PO-000416,EuroFast GmbH,SUP-002,PRD-00022,Facial Cleanser 150ml,270,2.77,2025-10-26,2025-11-03,2025-11-03,ROAD,147.42
PO-000417,EuroFast GmbH,SUP-002,PRD-00022,Facial Cleanser 150ml,372,2.72,2025-12-26,2026-01-05,2026-01-08,ROAD,203.11
PO-000418,NordicSupply AS,SUP-005,PRD-00023,Lip Balm SPF15,240,4.15,2024-01-23,2024-02-02,2024-02-04,ROAD,52.32
PO-000419,NordicSupply AS,SUP-005,PRD-00023,Lip Balm SPF15,288,4.12,2024-03-04,2024-03-15,2024-03-15,ROAD,62.78
PO-000420,NordicSupply AS,SUP-005,PRD-00023,Lip Balm SPF15,288,4.4,2024-04-18,2024-04-27,2024-04-29,ROAD,62.78
PO-000421,NordicSupply AS,SUP-005,PRD-00023,Lip Balm SPF15,288,4.2,2024-05-28,2024-06-05,2024-06-05,ROAD,62.78
PO-000422,NordicSupply AS,SUP-005,PRD-00023,Lip Balm SPF15,336,4.25,2024-07-13,2024-07-24,2024-07-27,ROAD,73.25
PO-000423,NordicSupply AS,SUP-005,PRD-00023,Lip Balm SPF15,336,4.25,2024-08-31,2024-09-10,2024-09-10,ROAD,73.25
PO-000424,NordicSupply AS,SUP-005,PRD-00023,Lip Balm SPF15,336,4.46,2024-10-13,2024-10-21,2024-10-22,ROAD,73.25
PO-000425,NordicSupply AS,SUP-005,PRD-00023,Lip Balm SPF15,384,4.25,2024-11-27,2024-12-07,2024-12-06,ROAD,83.71
PO-000426,NordicSupply AS,SUP-005,PRD-00023,Lip Balm SPF15,240,4.18,2025-01-09,2025-01-17,2025-01-18,ROAD,52.32
PO-000427,NordicSupply AS,SUP-005,PRD-00023,Lip Balm SPF15,240,4.32,2025-02-18,2025-03-01,2025-02-28,ROAD,52.32
PO-000428,NordicSupply AS,SUP-005,PRD-00023,Lip Balm SPF15,288,4.32,2025-04-02,2025-04-10,2025-04-12,ROAD,62.78
PO-000429,NordicSupply AS,SUP-005,PRD-00023,Lip Balm SPF15,288,4.25,2025-05-19,2025-05-28,2025-05-27,ROAD,62.78
PO-000430,NordicSupply AS,SUP-005,PRD-00023,Lip Balm SPF15,336,4.33,2025-07-02,2025-07-13,2025-07-14,ROAD,73.25
PO-000431,NordicSupply AS,SUP-005,PRD-00023,Lip Balm SPF15,336,4.37,08/17/2025,2025-08-28,2025-08-29,ROAD,73.25
PO-000432,NordicSupply AS,SUP-005,PRD-00023,Lip Balm SPF15,336,4.22,2025-10-05,2025-10-16,2025-10-18,ROAD,73.25
PO-000433,NordicSupply AS,SUP-005,PRD-00023,Lip Balm SPF15,384,4.12,2025-11-14,2025-11-27,2025-11-28,ROAD,83.71
PO-000434,NordicSupply AS,SUP-005,PRD-00023,Lip Balm SPF15,432,4.28,2025-12-27,2026-01-10,2026-01-09,ROAD,94.18
PO-000435,NordicSupply AS,SUP-005,PRD-00024,Hand Sanitiser 500ml,180,6.04,2024-01-30,2024-02-08,2024-02-07,ROAD,64.44
PO-000436,NordicSupply AS,SUP-005,PRD-00024,Hand Sanitiser 500ml,216,6.2,2024-03-12,2024-03-20,2024-03-20,ROAD,77.33
PO-000437,NordicSupply AS,SUP-005,PRD-00024,Hand Sanitiser 500ml,228,6.09,2024-04-26,2024-05-05,2024-05-04,ROAD,81.62
PO-000438,NordicSupply AS,SUP-005,PRD-00024,Hand Sanitiser 500ml,252,6.01,2024-06-06,2024-06-20,2024-06-23,ROAD,90.22
PO-000439,NordicSupply AS,SUP-005,PRD-00024,Hand Sanitiser 500ml,264,6.15,2024-07-25,2024-08-06,2024-08-05,ROAD,94.51
PO-000440,NordicSupply AS,SUP-005,PRD-00024,Hand Sanitiser 500ml,240,5.76,2024-09-06,2024-09-14,2024-09-17,ROAD,85.92
PO-000441,NordicSupply,SUP-005,PRD-00024,Hand Sanitiser 500ml,264,6.06,2024-10-24,2024-11-01,2024-11-01,ROAD,94.51
PO-000442,NordicSupply AS,SUP-005,PRD-00024,Hand Sanitiser 500ml,354,6.01,2024-12-09,2024-12-19,2024-12-18,ROAD,126.73
PO-000443,NordicSupply AS,SUP-005,PRD-00024,Hand Sanitiser 500ml,180,6.12,2025-01-23,2025-02-02,2025-02-01,ROAD,64.44
PO-000444,NordicSupply AS,SUP-005,PRD-00024,Hand Sanitiser 500ml,216,6.35,2025-03-06,2025-03-14,2025-03-14,ROAD,77.33
PO-000445,NordicSupply AS,SUP-005,PRD-00024,Hand Sanitiser 500ml,228,6.1,2025-04-23,2025-05-02,2025-05-04,ROAD,81.62
PO-000446,NORDICSUPPLY,SUP-005,PRD-00024,Hand Sanitiser 500ml,252,6.16,2025-06-09,2025-06-23,2025-06-26,ROAD,90.22
PO-000447,NordicSupply AS,SUP-005,PRD-00024,Hand Sanitiser 500ml,264,6.1,2025-07-26,2025-08-05,2025-08-06,ROAD,94.51
PO-000448,NordicSupply AS,SUP-005,PRD-00024,Hand Sanitiser 500ml,240,6.01,2025-09-04,2025-09-13,2025-09-13,ROAD,85.92
PO-000449,NordicSupply AS,SUP-005,PRD-00024,Hand Sanitiser 500ml,264,6.02,2025-10-20,2025-10-31,2025-11-01,ROAD,94.51
PO-000450,NordicSupply AS,SUP-005,PRD-00024,Hand Sanitiser 500ml,354,6.17,2025-12-09,2025-12-17,2025-12-17,ROAD,126.73
PO-000451,AsiaSource Co,SUP-003,PRD-00025,Toothpaste Whitening 100ml,144,8.13,2024-01-09,2024-02-01,2024-01-31,SEA,41.33
PO-000452,AsiaSource Co,SUP-003,PRD-00025,Toothpaste Whitening 100ml,192,8.14,2024-02-05,2024-03-11,2024-03-13,SEA,55.1
PO-000453,AsiaSource Co,SUP-003,PRD-00025,Toothpaste Whitening 100ml,192,8.15,2024-03-05,2024-04-02,2024-04-04,SEA,55.1
PO-000454,AsiaSource Co,SUP-003,PRD-00025,Toothpaste Whitening 100ml,192,8.17,2024-04-05,2024-05-03,2024-05-05,SEA,55.1
PO-000455,AsiaSource Co,SUP-003,PRD-00025,Toothpaste Whitening 100ml,192,8.33,2024-05-03,2024-06-07,2024-06-06,SEA,55.1
PO-000456,AsiaSource Co,SUP-003,PRD-96316,Toothpaste Whitening 100ml,240,8.11,2024-06-02,2024-06-21,2024-06-22,SEA,68.88
PO-000457,AsiaSource Co,SUP-003,PRD-00025,Toothpaste Whitening 100ml,240,8.56,2024-07-03,2024-07-28,2024-07-30,SEA,68.88
PO-000458,AsiaSource Co,SUP-003,PRD-00025,Toothpaste Whitening 100ml,240,8.37,2024-08-06,2024-08-26,2024-08-27,SEA,68.88
PO-000459,AsiaSource Co,SUP-003,PRD-00025,Toothpaste Whitening 100ml,192,8.25,2024-09-04,2024-09-29,2024-09-29,SEA,55.1
PO-000460,AsiaSource Co,SUP-003,PRD-95124,Toothpaste Whitening 100ml,240,7.99,2024-10-07,2024-11-03,2024-11-06,SEA,68.88
PO-000461,AsiaSource Co,SUP-003,PRD-00025,Toothpaste Whitening 100ml,288,8.09,2024-11-07,2024-11-30,2024-12-02,SEA,82.66
PO-000462,AsiaSource,SUP-003,PRD-00025,Toothpaste Whitening 100ml,336,8.27,2024-12-03,2025-01-18,2025-01-21,SEA,96.43
PO-000463,AsiaSource Co,SUP-003,PRD-00025,Toothpaste Whitening 100ml,144,8.15,2025-01-01,2025-01-21,2025-01-23,SEA,41.33
PO-000464,AsiaSource,SUP-003,PRD-00025,Toothpaste Whitening 100ml,144,8.23,2025-01-30,2025-02-26,2025-02-25,SEA,41.33
PO-000465,ASIASOURCE,SUP-003,PRD-00025,Toothpaste Whitening 100ml,192,8.3,2025-03-03,2025-03-31,2025-04-01,SEA,55.1
PO-000466,AsiaSource Co,SUP-003,PRD-00025,Toothpaste Whitening 100ml,192,8.05,2025-04-05,2025-05-02,2025-05-02,SEA,55.1
PO-000467,AsiaSource Co,SUP-003,PRD-00025,Toothpaste Whitening 100ml,192,8.24,2025-05-06,2025-06-01,2025-05-31,SEA,55.1
PO-000468,AsiaSource Co,SUP-003,PRD-00025,Toothpaste Whitening 100ml,240,8.3,2025-06-05,2025-06-30,2025-07-03,SEA,68.88
PO-000469,AsiaSource Co,SUP-003,PRD-00025,Toothpaste Whitening 100ml,240,8.41,2025-07-05,2025-08-26,2025-08-29,SEA,68.88
PO-000470,Asia Source Co.,SUP-003,PRD-00025,Toothpaste Whitening 100ml,240,8.12,2025-08-06,2025-09-01,2025-09-01,SEA,68.88
PO-000471,ASIASOURCE,SUP-003,PRD-00025,Toothpaste Whitening 100ml,192,7.99,2025-09-10,2025-09-28,2025-09-28,SEA,55.1
PO-000472,AsiaSource Co,SUP-003,PRD-00025,Toothpaste Whitening 100ml,240,8.19,2025-10-11,2025-11-06,2025-11-06,SEA,68.88
PO-000473,AsiaSource Co,SUP-003,PRD-00025,Toothpaste Whitening 100ml,288,8.22,2025-11-14,2025-12-03,2025-12-05,SEA,82.66
PO-000474,AsiaSource Co,SUP-003,PRD-00025,Toothpaste Whitening 100ml,336,8.16,2025-12-18,2026-01-08,2026-01-11,SEA,96.43
PO-000475,EuroFast GmbH,SUP-002,PRD-00026,Mouthwash Fresh Mint 500ml,120,11.59,04/01/24,2024-01-16,2024-01-19,ROAD,25.92
PO-000476,EuroFast GmbH,SUP-002,PRD-00026,Mouthwash Fresh Mint 500ml,120,12.03,2024-02-05,2024-02-13,2024-02-12,ROAD,25.92
PO-000477,EuroFast GmbH,SUP-002,PRD-00026,Mouthwash Fresh Mint 500ml,144,11.52,2024-03-03,2024-03-11,2024-03-11,ROAD,31.1
PO-000478,EuroFast GmbH,SUP-002,PRD-00026,Mouthwash Fresh Mint 500ml,144,11.99,2024-03-28,2024-04-07,2024-04-06,ROAD,31.1
PO-000479,EuroFast GmbH,SUP-002,PRD-00026,Mouthwash Fresh Mint 500ml,168,12.23,2024-05-02,2024-05-10,2024-05-12,ROAD,36.29
PO-000480,EuroFast GmbH,SUP-002,PRD-00026,Mouthwash Fresh Mint 500ml,168,11.68,2024-05-29,2024-06-08,2024-06-11,ROAD,36.29
PO-000481,EuroFast GmbH,SUP-002,PRD-00026,Mouthwash Fresh Mint 500ml,168,12.03,2024-06-27,2024-07-07,2024-07-09,ROAD,36.29
PO-000482,EuroFast GmbH,SUP-002,PRD-00026,Mouthwash Fresh Mint 500ml,192,11.51,2024-07-24,2024-08-05,2024-08-05,ROAD,41.47
PO-000483,EuroFast GmbH,SUP-002,PRD-00026,Mouthwash Fresh Mint 500ml,168,12.06,2024-08-22,2024-09-01,2024-09-03,,36.29
PO-000484,EuroFast GmbH,SUP-002,PRD-00026,Mouthwash Fresh Mint 500ml,168,11.81,2024-09-20,2024-10-01,2024-10-02,ROAD,36.29
PO-000485,EuroFast GmbH,SUP-002,PRD-00026,Mouthwash Fresh Mint 500ml,192,11.98,2024-10-17,2024-10-24,2024-10-23,ROAD,41.47
PO-000486,EuroFast GmbH,SUP-002,PRD-00026,Mouthwash Fresh Mint 500ml,216,11.74,2024-11-18,2024-11-28,2024-11-30,ROAD,46.66
PO-000487,EuroFast GmbH,SUP-002,PRD-00026,Mouthwash Fresh Mint 500ml,240,11.73,2024-12-15,2024-12-24,2024-12-23,ROAD,51.84
PO-000488,EuroFast GmbH,SUP-002,PRD-00026,Mouthwash Fresh Mint 500ml,120,11.96,2025-01-14,2025-01-21,2025-01-21,ROAD,25.92
PO-000489,EuroFast GmbH,SUP-002,PRD-00026,Mouthwash Fresh Mint 500ml,120,11.92,2025-02-12,2025-02-21,2025-02-24,ROAD,25.92
PO-000490,EuroFast GmbH,SUP-002,PRD-00026,Mouthwash Fresh Mint 500ml,144,11.75,2025-03-15,2025-03-24,2025-03-25,ROAD,31.1
PO-000491,EuroFast GmbH,SUP-002,PRD-00026,Mouthwash Fresh Mint 500ml,144,11.91,2025-04-10,2025-04-19,2025-04-22,ROAD,31.1
PO-000492,EuroFast GmbH,SUP-002,PRD-00026,Mouthwash Fresh Mint 500ml,168,12.19,2025-05-05,2025-05-15,2025-05-15,ROAD,36.29
PO-000493,EuroFast GmbH,SUP-002,PRD-00026,Mouthwash Fresh Mint 500ml,168,11.94,2025-05-31,2025-06-09,2025-06-11,ROAD,36.29
PO-000494,EuroFast GmbH,SUP-002,PRD-00026,Mouthwash Fresh Mint 500ml,192,11.65,2025-07-01,2025-07-08,2025-07-11,ROAD,41.47
PO-000495,EuroFast GmbH,SUP-002,PRD-00026,Mouthwash Fresh Mint 500ml,192,11.88,2025-07-28,2025-08-04,2025-08-03,ROAD,41.47
PO-000496,EuroFast GmbH,SUP-002,PRD-00026,Mouthwash Fresh Mint 500ml,168,11.87,2025-08-30,2025-09-08,2025-09-07,ROAD,36.29
PO-000497,EuroFast GmbH,SUP-002,PRD-00026,Mouthwash Fresh Mint 500ml,192,11.83,2025-10-03,2025-10-11,2025-10-13,ROAD,41.47
PO-000498,EuroFast GmbH,SUP-002,PRD-00026,Mouthwash Fresh Mint 500ml,216,11.6,2025-11-02,2025-11-10,2025-11-10,ROAD,46.66
PO-000499,EuroFast GmbH,SUP-002,PRD-00026,Mouthwash Fresh Mint 500ml,-240,11.88,2025-12-06,2025-12-17,2025-12-16,ROAD,51.84
PO-000500,AsiaSource,SUP-003,PRD-00027,Cotton Buds 200-Pack,108,11.17,2024-01-06,2024-02-02,2024-02-03,SEA,31.86
PO-000501,AsiaSource Co,SUP-003,PRD-00027,Cotton Buds 200-Pack,120,11.27,2024-02-09,2024-03-05,2024-03-07,SEA,35.4
PO-000502,AsiaSource Co,SUP-003,PRD-00027,Cotton Buds 200-Pack,132,11.3,2024-03-12,2024-04-02,2024-04-02,SEA,38.94
PO-000503,AsiaSource Co,SUP-003,PRD-00027,Cotton Buds 200-Pack,144,11.14,2024-04-11,2024-05-02,2024-05-01,SEA,42.48
PO-000504,AsiaSource Co,SUP-003,PRD-00027,Cotton Buds 200-Pack,144,11.13,2024-05-12,2024-06-02,2024-06-03,SEA,42.48
PO-000505,AsiaSource Co,SUP-003,PRD-00027,Cotton Buds 200-Pack,156,11.18,2024-06-06,2024-07-02,2024-07-01,SEA,46.02
PO-000506,AsiaSource Co,SUP-003,PRD-00027,Cotton Buds 200-Pack,156,112.8,2024-07-05,2024-08-08,2024-08-09,SEA,46.02
PO-000507,AsiaSource Co,SUP-003,PRD-00027,Cotton Buds 200-Pack,156,11.09,2024-07-30,2024-08-23,2024-08-26,SEA,46.02
PO-000508,AsiaSource Co,SUP-003,PRD-00027,Cotton Buds 200-Pack,156,11.28,2024-08-29,2024-09-20,2024-09-23,SEA,46.02
PO-000509,AsiaSource Co,SUP-003,PRD-00027,Cotton Buds 200-Pack,144,10.95,2024-09-28,2024-10-24,2024-10-23,SEA,42.48
PO-000510,AsiaSource Co,SUP-003,PRD-00027,Cotton Buds 200-Pack,156,11.53,2024-10-30,2024-11-26,2024-11-29,SEA,46.02
PO-000511,AsiaSource Co,SUP-003,PRD-00027,Cotton Buds 200-Pack,192,11.67,2024-11-25,2024-12-15,2024-12-18,SEA,56.64
PO-000512,AsiaSource Co,SUP-003,PRD-00027,Cotton Buds 200-Pack,216,11.38,2024-12-20,2025-02-02,2025-02-01,SEA,63.72
PO-000513,AsiaSource Co,SUP-003,PRD-00027,Cotton Buds 200-Pack,108,11.21,2025-01-20,2025-03-02,2025-03-01,SEA,31.86
PO-000514,AsiaSource Co,SUP-003,PRD-00027,Cotton Buds 200-Pack,120,11.41,2025-02-17,2025-03-12,2025-03-15,SEA,35.4
PO-000515,AsiaSource Co,SUP-003,PRD-00027,Cotton Buds 200-Pack,132,10.83,2025-03-15,2025-04-03,2025-04-06,SEA,38.94
PO-000516,AsiaSource Co,SUP-003,PRD-00027,Cotton Buds 200-Pack,144,11.24,2025-04-10,2025-05-07,2025-05-06,SEA,42.48
PO-000517,AsiaSource Co,SUP-003,PRD-00027,Cotton Buds 200-Pack,144,11.31,2025-05-05,2025-06-14,2025-06-15,SEA,42.48
PO-000518,AsiaSource Co,SUP-003,PRD-00027,Cotton Buds 200-Pack,156,10.64,2025-06-03,2025-06-23,2025-06-24,SEA,46.02
PO-000519,AsiaSource Co,SUP-003,PRD-00027,Cotton Buds 200-Pack,156,11.07,2025-06-29,2025-07-17,2025-07-18,SEA,46.02
PO-000520,AsiaSource Co,SUP-003,PRD-00027,Cotton Buds 200-Pack,156,11.27,2025-07-29,2025-08-17,2025-08-17,SEA,46.02
PO-000521,AsiaSource Co,SUP-003,PRD-00027,Cotton Buds 200-Pack,144,11.41,2025-09-02,2025-10-01,2025-09-30,SEA,42.48
PO-000522,AsiaSource Co,SUP-003,PRD-00027,Cotton Buds 200-Pack,156,10.94,2025-10-07,2025-10-31,2025-11-01,SEA,46.02
PO-000523,AsiaSource Co,SUP-003,PRD-00027,Cotton Buds 200-Pack,192,11.28,2025-11-01,2025-11-24,2025-11-27,SEA,56.64
PO-000524,AsiaSource Co,SUP-003,PRD-00027,Cotton Buds 200-Pack,216,11.38,2025-12-06,2025-12-28,2025-12-31,SEA,63.72
PO-000525,NordicSupply AS,SUP-005,PRD-00028,Premium Ground Coffee 250g,192,7.89,2024-01-20,2024-01-30,2024-01-29,ROAD,354.82
PO-000526,NordicSupply AS,SUP-005,PRD-00028,Premium Ground Coffee 250g,192,7.6,2024-02-23,2024-03-03,2024-03-03,ROAD,354.82
PO-000527,NordicSupply AS,SUP-005,PRD-00028,Premium Ground Coffee 250g,240,7.64,2024-03-23,2024-04-02,2024-04-04,ROAD,443.52
PO-000528,NordicSupply AS,SUP-005,PRD-00028,Premium Ground Coffee 250g,240,7.78,2024-04-20,2024-04-29,2024-05-01,ROAD,443.52
PO-000529,NordicSupply AS,SUP-005,PRD-00028,Premium Ground Coffee 250g,240,7.73,2024-05-24,2024-06-02,2024-06-05,ROAD,443.52
PO-000530,NordicSupply AS,SUP-005,PRD-00028,Premium Ground Coffee 250g,288,8.02,2024-06-19,2024-06-27,2024-06-28,ROAD,532.22
PO-000531,NordicSupply AS,SUP-005,PRD-98378,Premium Ground Coffee 250g,288,7.72,2024-07-16,2024-07-27,2024-07-28,ROAD,532.22
PO-000532,NordicSupply AS,SUP-005,PRD-00028,Premium Ground Coffee 250g,288,8.21,2024-08-18,2024-09-04,2024-09-07,ROAD,532.22
PO-000533,NordicSupply AS,SUP-005,PRD-00028,Premium Ground Coffee 250g,240,7.98,2024-09-12,2024-09-25,2024-09-28,ROAD,443.52
PO-000534,NordicSupply AS,SUP-005,PRD-00028,Premium Ground Coffee 250g,288,8.0,2024-10-13,2024-10-24,2024-10-24,ROAD,532.22
PO-000535,NordicSupply AS,SUP-005,PRD-00028,Premium Ground Coffee 250g,336,7.87,2024-11-09,2024-11-17,2024-11-18,ROAD,620.93
PO-000536,NordicSupply AS,SUP-005,PRD-00028,Premium Ground Coffee 250g,384,7.75,2024-12-05,2024-12-15,2024-12-17,ROAD,709.63
PO-000537,NordicSupply AS,SUP-005,PRD-00028,Premium Ground Coffee 250g,192,7.78,2025-01-02,2025-01-13,2025-01-14,ROAD,354.82
PO-000538,NordicSupply AS,SUP-005,PRD-00028,Premium Ground Coffee 250g,192,7.73,2025-01-28,2025-02-05,2025-02-07,ROAD,354.82
PO-000539,NordicSupply AS,SUP-005,PRD-00028,Premium Ground Coffee 250g,192,7.53,2025-02-22,2025-03-03,2025-03-04,ROAD,354.82
PO-000540,NordicSupply AS,SUP-005,PRD-00028,Premium Ground Coffee 250g,240,7.54,2025-03-25,2025-04-03,2025-04-06,ROAD,443.52
PO-000541,NordicSupply AS,SUP-005,PRD-00028,Premium Ground Coffee 250g,240,7.83,2025-04-29,2025-05-08,2025-05-09,ROAD,443.52
PO-000542,NordicSupply,SUP-005,PRD-00028,Premium Ground Coffee 250g,240,7.73,2025-05-27,2025-06-04,2025-06-06,ROAD,443.52
PO-000543,NORDICSUPPLY,SUP-005,PRD-00028,Premium Ground Coffee 250g,288,7.86,2025-06-22,2025-06-30,2025-06-30,ROAD,532.22
PO-000544,NordicSupply AS,SUP-005,PRD-00028,Premium Ground Coffee 250g,288,7.65,2025-07-17,2025-07-28,2025-07-30,ROAD,532.22
PO-000545,NordicSupply AS,SUP-005,PRD-00028,Premium Ground Coffee 250g,288,7.88,2025-08-18,2025-08-28,2025-08-31,ROAD,532.22
PO-000546,NordicSupply AS,SUP-005,PRD-00028,Premium Ground Coffee 250g,240,7.83,2025-09-22,2025-09-30,2025-10-03,ROAD,443.52
PO-000547,NordicSupply AS,SUP-005,PRD-00028,Premium Ground Coffee 250g,288,7.95,2025-10-25,2025-11-09,2025-11-10,ROAD,532.22
PO-000548,NordicSupply AS,SUP-005,PRD-00028,Premium Ground Coffee 250g,336,7.59,2025-11-27,2025-12-07,2025-12-06,ROAD,620.93
PO-000549,EuroFast GmbH,SUP-002,PRD-00029,English Breakfast Tea 80-Pack,192,3.66,2024-01-21,2024-01-30,2024-02-01,ROAD,118.66
PO-000550,EuroFast GmbH,SUP-002,PRD-00029,English Breakfast Tea 80-Pack,240,3.71,2024-03-26,2024-04-05,2024-04-05,ROAD,148.32
PO-000551,EuroFast GmbH,SUP-002,PRD-00029,English Breakfast Tea 80-Pack,264,3.88,2024-05-24,2024-05-31,2024-06-03,ROAD,163.15
PO-000552,EuroFast GmbH,SUP-002,PRD-00029,English Breakfast Tea 80-Pack,288,3.67,2024-07-23,2024-08-01,2024-08-03,ROAD,177.98
PO-000553,EuroFast GmbH,SUP-002,PRD-00029,English Breakfast Tea 80-Pack,264,3.7,2024-09-24,2024-10-01,2024-10-03,ROAD,163.15
PO-000554,EuroFast GmbH,SUP-002,PRD-00029,English Breakfast Tea 80-Pack,360,3.64,2024-11-24,2024-12-02,2024-12-01,ROAD,222.48
PO-000555,EuroFast GmbH,SUP-002,PRD-00029,English Breakfast Tea 80-Pack,192,3.66,2025-01-20,2025-01-27,2025-01-28,ROAD,118.66
PO-000556,EuroFast GmbH,SUP-002,PRD-00029,English Breakfast Tea 80-Pack,240,3.81,2025-03-22,2025-03-31,2025-03-30,ROAD,148.32
PO-000557,EuroFast GmbH,SUP-002,PRD-00029,English Breakfast Tea 80-Pack,264,3.74,2025-05-18,2025-05-26,2025-05-25,ROAD,163.15
PO-000558,EuroFast GmbH,SUP-002,PRD-00029,English Breakfast Tea 80-Pack,288,3.52,2025-07-20,2025-07-31,2025-08-03,ROAD,177.98
PO-000559,EuroFast GmbH,SUP-002,PRD-00029,English Breakfast Tea 80-Pack,264,3.62,2025-09-15,2025-09-22,2025-09-23,ROAD,163.15
PO-000560,EuroFast GmbH,SUP-002,PRD-00029,English Breakfast Tea 80-Pack,360,3.6,2025-11-09,2025-11-19,2025-11-20,ROAD,222.48
PO-000561,BritGoods Ltd,SUP-001,PRD-00030,Instant Hot Chocolate 400g,192,7.45,2024-01-25,2024-01-28,2024-01-30,ROAD,70.66
PO-000562,BritGoods Ltd,SUP-001,PRD-00030,Instant Hot Chocolate 400g,216,7.24,2024-02-20,2024-02-23,2024-02-25,ROAD,79.49
PO-000563,BritGoods Ltd,SUP-001,PRD-00030,Instant Hot Chocolate 400g,240,7.15,2024-03-24,2024-03-27,2024-03-28,,88.32
PO-000564,BritGoods Ltd,SUP-001,PRD-00030,Instant Hot Chocolate 400g,264,7.45,2024-04-27,2024-05-01,2024-05-03,ROAD,97.15
PO-000565,BritGoods Ltd,SUP-001,PRD-00030,Instant Hot Chocolate 400g,264,7.04,2024-05-23,2024-05-28,2024-05-30,ROAD,97.15
PO-000566,BritGoods Ltd,SUP-001,PRD-00030,Instant Hot Chocolate 400g,288,7.49,2024-06-27,2024-07-01,2024-07-03,ROAD,105.98
PO-000567,BritGoods Ltd,SUP-001,PRD-00030,Instant Hot Chocolate 400g,288,7.34,2024-07-28,2024-08-01,2024-08-02,ROAD,105.98
PO-000568,BritGoods Ltd,SUP-001,PRD-00030,Instant Hot Chocolate 400g,288,7.22,2024-08-26,2024-08-29,2024-08-29,ROAD,105.98
PO-000569,BritGoods Ltd,SUP-001,PRD-00030,Instant Hot Chocolate 400g,264,7.59,2024-09-30,2024-10-03,2024-10-05,ROAD,97.15
PO-000570,BritGoods Ltd,SUP-001,PRD-00030,Instant Hot Chocolate 400g,288,7.47,2024-10-25,2024-10-28,2024-10-30,ROAD,105.98
PO-000571,BritGoods Ltd,SUP-001,PRD-00030,Instant Hot Chocolate 400g,360,7.37,2024-11-24,2024-11-27,2024-11-29,ROAD,132.48
PO-000572,BritGoods Ltd,SUP-001,PRD-00030,Instant Hot Chocolate 400g,408,7.08,2024-12-23,2024-12-27,2024-12-30,ROAD,150.14
PO-000573,BritGoods Ltd,SUP-001,PRD-00030,Instant Hot Chocolate 400g,192,7.2,18/01/25,2025-01-23,2025-01-24,ROAD,70.66
PO-000574,BritGoods Ltd,SUP-001,PRD-00030,Instant Hot Chocolate 400g,216,7.26,2025-02-15,2025-02-18,2025-02-19,ROAD,79.49
PO-000575,BritGoods Ltd,SUP-001,PRD-00030,Instant Hot Chocolate 400g,240,7.26,2025-03-15,2025-03-18,2025-03-17,ROAD,88.32
PO-000576,BritGoods Ltd,SUP-001,PRD-00030,Instant Hot Chocolate 400g,264,7.28,2025-04-10,2025-04-15,2025-04-15,ROAD,97.15
PO-000577,BritGoods Ltd,SUP-001,PRD-00030,Instant Hot Chocolate 400g,264,7.53,2025-05-05,2025-05-08,2025-05-09,ROAD,97.15
PO-000578,BritGoods Ltd,SUP-001,PRD-00030,Instant Hot Chocolate 400g,288,7.18,2025-06-04,2025-06-10,2025-06-13,ROAD,105.98
PO-000579,BritGoods Ltd,SUP-001,PRD-00030,Instant Hot Chocolate 400g,288,7.37,2025-07-06,2025-07-09,2025-07-11,ROAD,105.98
PO-000580,BritGoods Ltd,SUP-001,PRD-00030,Instant Hot Chocolate 400g,288,7.32,2025-08-05,2025-08-08,2025-08-09,ROAD,105.98
PO-000581,BritGoods Ltd,SUP-001,PRD-00030,Instant Hot Chocolate 400g,264,7.52,2025-09-08,2025-09-11,2025-09-10,ROAD,97.15
PO-000582,BritGoods Ltd,SUP-001,PRD-00030,Instant Hot Chocolate 400g,288,7.39,2025-10-12,2025-10-15,2025-10-15,ROAD,105.98
PO-000583,BritGoods Ltd,SUP-001,PRD-00030,Instant Hot Chocolate 400g,360,7.53,2025-11-09,2025-11-14,2025-11-17,ROAD,132.48
PO-000584,BritGoods Ltd,SUP-001,PRD-00030,Instant Hot Chocolate 400g,408,7.22,2025-12-06,2025-12-10,2025-12-12,ROAD,150.14
PO-000585,NordicSupply AS,SUP-005,PRD-00031,Organic Honey 340g,216,5.61,2024-01-25,2024-02-03,2024-02-04,ROAD,321.62
PO-000586,NordicSupply AS,SUP-005,PRD-00031,Organic Honey 340g,264,5.68,2024-03-10,2024-03-22,2024-03-21,ROAD,393.1
PO-000587,NordicSupply AS,SUP-005,PRD-00031,Organic Honey 340g,264,5.48,2024-04-28,2024-05-07,2024-05-10,ROAD,393.1
PO-000588,NordicSupply AS,SUP-005,PRD-00031,Organic Honey 340g,312,5.49,2024-06-10,2024-06-21,2024-06-23,ROAD,464.57
PO-000589,NordicSupply AS,SUP-005,PRD-00031,Organic Honey 340g,312,5.63,2024-07-24,2024-08-06,2024-08-07,ROAD,464.57
PO-000590,NordicSupply AS,SUP-005,PRD-00031,Organic Honey 340g,288,5.46,05/09/2024,2024-09-17,2024-09-16,ROAD,428.83
PO-000591,NordicSupply AS,SUP-005,PRD-00031,Organic Honey 340g,312,5.47,2024-10-19,2024-10-29,2024-11-01,ROAD,464.57
PO-000592,NordicSupply AS,SUP-005,PRD-00031,Organic Honey 340g,432,5.68,2024-12-05,2024-12-16,2024-12-16,ROAD,643.25
PO-000593,NordicSupply AS,SUP-005,PRD-00031,Organic Honey 340g,216,5.37,2025-01-21,2025-02-01,2025-01-31,ROAD,321.62
PO-000594,NordicSupply AS,SUP-005,PRD-00031,Organic Honey 340g,264,5.45,2025-03-05,2025-03-14,2025-03-17,,393.1
PO-000595,NordicSupply AS,SUP-005,PRD-00031,Organic Honey 340g,264,5.57,2025-04-18,2025-04-30,2025-04-30,ROAD,393.1
PO-000596,NORDICSUPPLY,SUP-005,PRD-00031,Organic Honey 340g,288,5.43,2025-05-31,2025-06-12,2025-06-13,ROAD,428.83
PO-000597,NordicSupply AS,SUP-005,PRD-00031,Organic Honey 340g,312,5.45,2025-07-13,2025-07-21,2025-07-20,ROAD,464.57
PO-000598,NordicSupply AS,SUP-005,PRD-00031,Organic Honey 340g,312,5.62,2025-08-25,2025-09-05,2025-09-04,ROAD,464.57
PO-000599,NordicSupply AS,SUP-005,PRD-00031,Organic Honey 340g,312,5.58,2025-10-08,2025-10-19,2025-10-20,ROAD,464.57
PO-000600,NordicSupply AS,SUP-005,PRD-00031,Organic Honey 340g,384,5.45,2025-11-21,2025-11-30,2025-12-01,ROAD,571.78
PO-000601,NordicSupply AS,SUP-005,PRD-00032,Extra Virgin Olive Oil 500ml,432,1.59,2024-01-31,2024-02-10,2024-02-12,ROAD,844.13
PO-000602,NordicSupply AS,SUP-005,PRD-00032,Extra Virgin Olive Oil 500ml,528,1.61,2024-04-05,2024-04-16,2024-04-16,ROAD,1031.71
PO-000603,NordicSupply AS,SUP-005,PRD-00032,Extra Virgin Olive Oil 500ml,576,1.58,2024-06-01,2024-06-15,2024-06-16,ROAD,1125.5
PO-000604,NordicSupply AS,SUP-005,PRD-00032,Extra Virgin Olive Oil 500ml,624,1.58,2024-07-28,2024-08-10,2024-08-09,ROAD,1219.3
PO-000605,NordicSupply AS,SUP-005,PRD-00032,Extra Virgin Olive Oil 500ml,624,1.57,2024-10-01,2024-10-13,2024-10-15,ROAD,1219.3
PO-000606,NordicSupply AS,SUP-005,PRD-00032,Extra Virgin Olive Oil 500ml,864,1.59,2024-12-01,2024-12-11,2024-12-14,ROAD,1688.26
PO-000607,NordicSupply AS,SUP-005,PRD-00032,Extra Virgin Olive Oil 500ml,432,1.6,2025-02-02,2025-02-14,2025-02-17,ROAD,844.13
PO-000608,Nordic Supply A/S,SUP-005,PRD-00032,Extra Virgin Olive Oil 500ml,528,1.59,2025-03-31,2025-04-09,2025-04-08,ROAD,1031.71
PO-000609,NordicSupply AS,SUP-005,PRD-00032,Extra Virgin Olive Oil 500ml,576,1.68,2025-05-30,2025-06-10,2025-06-12,,1125.5
PO-000610,NordicSupply AS,SUP-005,PRD-00032,Extra Virgin Olive Oil 500ml,576,1.58,2025-08-02,2025-08-10,2025-08-09,ROAD,1125.5
PO-000611,NordicSupply AS,SUP-005,PRD-00032,Extra Virgin Olive Oil 500ml,624,1.51,01/10/2025,2025-10-13,2025-10-16,ROAD,1219.3
PO-000612,NordicSupply AS,SUP-005,PRD-00032,Extra Virgin Olive Oil 500ml,768,1.57,2025-11-25,2025-12-11,2025-12-10,ROAD,1500.67
PO-000613,BritGoods Ltd,SUP-001,PRD-00033,Apple Cider Vinegar 500ml,200,8.09,2024-01-10,2024-01-15,2024-01-16,ROAD,360.6
PO-000614,BritGoods Ltd,SUP-001,PRD-00033,Apple Cider Vinegar 500ml,200,8.4,2024-02-09,2024-02-12,2024-02-12,ROAD,360.6
PO-000615,BritGoods Ltd,SUP-001,PRD-00033,Apple Cider Vinegar 500ml,200,8.7,2024-03-07,2024-03-11,2024-03-12,ROAD,360.6
PO-000616,BritGoods Ltd,SUP-001,PRD-00033,Apple Cider Vinegar 500ml,200,8.56,2024-04-09,2024-04-13,2024-04-13,ROAD,360.6
PO-000617,Brit Goods Limited,SUP-001,PRD-00033,Apple Cider Vinegar 500ml,200,8.43,2024-05-06,2024-05-09,2024-05-10,ROAD,360.6
PO-000618,BritGoods Ltd,SUP-001,PRD-00033,Apple Cider Vinegar 500ml,300,8.57,2024-06-09,2024-06-15,2024-06-18,ROAD,540.9
PO-000619,BritGoods Ltd,SUP-001,PRD-00033,Apple Cider Vinegar 500ml,300,8.58,2024-07-12,2024-07-16,2024-07-16,ROAD,540.9
PO-000620,BritGoods Ltd,SUP-001,PRD-00033,Apple Cider Vinegar 500ml,300,8.54,2024-08-10,2024-08-13,2024-08-14,ROAD,540.9
PO-000621,BritGoods Ltd,SUP-001,PRD-00033,Apple Cider Vinegar 500ml,200,8.85,2024-09-04,2024-09-07,2024-09-06,ROAD,360.6
PO-000622,BritGoods Ltd,SUP-001,PRD-00033,Apple Cider Vinegar 500ml,300,8.48,2024-10-01,2024-10-04,2024-10-06,ROAD,540.9
PO-000623,BritGoods Ltd,SUP-001,PRD-00033,Apple Cider Vinegar 500ml,300,8.75,2024-10-31,2024-11-04,2024-11-05,ROAD,540.9
PO-000624,Brit Goods Limited,SUP-001,PRD-00033,Apple Cider Vinegar 500ml,400,8.4,2024-12-03,2024-12-06,2024-12-07,ROAD,721.2
PO-000625,BritGoods Ltd,SUP-001,PRD-00033,Apple Cider Vinegar 500ml,200,8.69,2025-01-04,2025-01-08,2025-01-09,ROAD,360.6
PO-000626,BritGoods Ltd,SUP-001,PRD-00033,Apple Cider Vinegar 500ml,200,8.39,2025-02-07,2025-02-14,2025-02-17,ROAD,360.6
PO-000627,BritGoods Ltd,SUP-001,PRD-00033,Apple Cider Vinegar 500ml,200,8.89,2025-03-09,2025-03-13,2025-03-13,ROAD,360.6
PO-000628,BritGoods Ltd,SUP-001,PRD-00033,Apple Cider Vinegar 500ml,200,8.32,2025-04-12,2025-04-16,2025-04-19,ROAD,360.6
PO-000629,BritGoods Ltd,SUP-001,PRD-00033,Apple Cider Vinegar 500ml,200,8.52,2025-05-08,2025-05-13,2025-05-13,ROAD,360.6
PO-000630,BritGoods Ltd,SUP-001,PRD-00033,Apple Cider Vinegar 500ml,300,8.64,2025-06-08,2025-06-11,2025-06-11,ROAD,540.9
PO-000631,BritGoods Ltd,SUP-001,PRD-00033,Apple Cider Vinegar 500ml,300,8.43,2025-07-11,2025-07-16,2025-07-15,ROAD,540.9
PO-000632,BritGoods Ltd,SUP-001,PRD-00033,Apple Cider Vinegar 500ml,300,8.24,2025-08-08,2025-08-13,2025-08-13,ROAD,540.9
PO-000633,BritGoods Ltd,SUP-001,PRD-00033,Apple Cider Vinegar 500ml,200,8.39,2025-09-10,2025-09-17,2025-09-19,ROAD,360.6
PO-000634,BritGoods Ltd,SUP-001,PRD-00033,Apple Cider Vinegar 500ml,300,8.33,2025-10-11,2025-10-16,2025-10-15,ROAD,540.9
PO-000635,BritGoods Ltd,SUP-001,PRD-00033,Apple Cider Vinegar 500ml,300,8.64,2025-11-15,2025-11-18,2025-11-20,ROAD,540.9
PO-000636,Brit Goods Limited,SUP-001,PRD-00033,Apple Cider Vinegar 500ml,400,8.38,2025-12-11,2025-12-16,2025-12-16,ROAD,721.2
PO-000637,MedTrade SRL,SUP-006,PRD-00034,Protein Granola 500g,246,2.55,2024-01-26,2024-02-07,2024-02-07,ROAD,183.76
PO-000638,MedTrade SRL,SUP-006,PRD-00034,Protein Granola 500g,300,2.64,2024-03-28,2024-04-12,2024-04-12,ROAD,224.1
PO-000639,MedTrade SRL,SUP-006,PRD-00034,Protein Granola 500g,330,2.62,2024-05-22,2024-06-02,2024-06-04,ROAD,246.51
PO-000640,MedTrade Srl,SUP-006,PRD-00034,Protein Granola 500g,360,2.54,2024-07-16,2024-07-29,2024-08-01,ROAD,268.92
PO-000641,Med Trade S.R.L.,SUP-006,PRD-00034,Protein Granola 500g,330,2.58,2024-09-17,2024-09-27,2024-09-27,ROAD,246.51
PO-000642,MedTrade SRL,SUP-006,PRD-00034,Protein Granola 500g,444,2.58,2024-11-18,2024-12-01,2024-12-03,ROAD,331.67
PO-000643,MedTrade SRL,SUP-006,PRD-00034,Protein Granola 500g,246,2.5,2025-01-16,2025-01-26,2025-01-28,ROAD,183.76
PO-000644,MedTrade SRL,SUP-006,PRD-00034,Protein Granola 500g,300,2.65,03/15/2025,2025-04-02,2025-04-05,ROAD,224.1
PO-000645,MedTrade SRL,SUP-006,PRD-00034,Protein Granola 500g,330,2.54,2025-05-13,2025-05-29,2025-05-28,ROAD,246.51
PO-000646,MedTrade SRL,SUP-006,PRD-00034,Protein Granola 500g,360,2.5,2025-07-08,2025-07-22,2025-07-24,ROAD,268.92
PO-000647,MedTrade SRL,SUP-006,PRD-00034,Protein Granola 500g,330,2.56,2025-09-05,2025-09-18,2025-09-18,ROAD,246.51
PO-000648,MedTrade SRL,SUP-006,PRD-00034,Protein Granola 500g,444,2.53,2025-11-04,2025-11-16,2025-11-15,ROAD,331.67
PO-000649,MedTrade SRL,SUP-006,PRD-00034,Protein Granola 500g,492,2.57,2025-12-31,2026-01-14,2026-01-16,ROAD,367.52
PO-000650,MedTrade SRL,SUP-006,PRD-00035,Mixed Nuts 200g,168,8.93,2024-01-16,2024-01-30,2024-01-31,ROAD,131.54
PO-000651,MedTrade SRL,SUP-006,PRD-00035,Mixed Nuts 200g,192,8.58,2024-02-12,2024-02-25,2024-02-24,ROAD,150.34
PO-000652,MedTrade SRL,SUP-006,PRD-00035,Mixed Nuts 200g,216,9.17,2024-03-16,2024-03-30,2024-03-29,ROAD,169.13
PO-000653,MedTrade SRL,SUP-006,PRD-00035,Mixed Nuts 200g,216,8.77,2024-04-18,2024-05-01,2024-05-04,ROAD,169.13
PO-000654,MedTrade SRL,SUP-006,PRD-00035,Mixed Nuts 200g,240,8.84,2024-05-16,2024-05-27,2024-05-27,ROAD,187.92
PO-000655,MedTrade SRL,SUP-006,PRD-00035,Mixed Nuts 200g,240,8.82,2024-06-19,2024-06-29,2024-07-01,ROAD,187.92
PO-000656,MedTrade SRL,SUP-006,PRD-00035,Mixed Nuts 200g,264,8.77,2024-07-14,2024-07-24,2024-07-24,ROAD,206.71
PO-000657,MedTrade SRL,SUP-006,PRD-00035,Mixed Nuts 200g,240,8.93,2024-08-15,2024-08-30,2024-08-29,ROAD,187.92
PO-000658,MedTrade SRL,SUP-006,PRD-00035,Mixed Nuts 200g,240,8.95,2024-09-09,2024-09-19,2024-09-22,ROAD,187.92
PO-000659,MEDTRADE,SUP-006,PRD-00035,Mixed Nuts 200g,264,9.2,2024-10-11,2024-10-24,2024-10-25,ROAD,206.71
PO-000660,MedTrade SRL,SUP-006,PRD-00035,Mixed Nuts 200g,312,9.04,2024-11-12,2024-11-23,2024-11-26,ROAD,244.3
PO-000661,MedTrade SRL,SUP-006,PRD-00035,Mixed Nuts 200g,360,9.01,2024-12-14,2024-12-27,2024-12-30,ROAD,281.88
PO-000662,MedTrade Srl,SUP-006,PRD-00035,Mixed Nuts 200g,168,8.97,2025-01-09,2025-01-24,2025-01-26,ROAD,131.54
PO-000663,MedTrade SRL,SUP-006,PRD-00035,Mixed Nuts 200g,192,9.23,2025-02-09,2025-02-22,2025-02-22,ROAD,150.34
PO-000664,MedTrade SRL,SUP-006,PRD-00035,Mixed Nuts 200g,216,8.64,2025-03-08,2025-03-20,2025-03-21,ROAD,169.13
PO-000665,MedTrade SRL,SUP-006,PRD-00035,Mixed Nuts 200g,216,8.89,2025-04-11,2025-04-26,2025-04-28,ROAD,169.13
PO-000666,MedTrade SRL,SUP-006,PRD-00035,Mixed Nuts 200g,240,8.78,2025-05-08,2025-05-22,2025-05-25,ROAD,187.92
PO-000667,MedTrade SRL,SUP-006,PRD-00035,Mixed Nuts 200g,240,8.9,2025-06-09,2025-06-23,2025-06-25,ROAD,187.92
PO-000668,MedTrade SRL,SUP-006,PRD-00035,Mixed Nuts 200g,264,8.62,2025-07-05,2025-07-18,2025-07-19,ROAD,206.71
PO-000669,MedTrade SRL,SUP-006,PRD-00035,Mixed Nuts 200g,240,9.18,2025-08-06,2025-08-17,2025-08-17,ROAD,187.92
PO-000670,MedTrade SRL,SUP-006,PRD-00035,Mixed Nuts 200g,240,8.72,2025-09-03,2025-09-14,2025-09-14,ROAD,187.92
PO-000671,MedTrade SRL,SUP-006,PRD-00035,Mixed Nuts 200g,264,8.86,2025-10-08,2025-10-18,2025-10-18,ROAD,206.71
PO-000672,MedTrade SRL,SUP-006,PRD-00035,Mixed Nuts 200g,312,8.92,2025-11-06,2025-11-21,2025-11-20,ROAD,244.3
PO-000673,MedTrade SRL,SUP-006,PRD-00035,Mixed Nuts 200g,360,9.39,2025-12-02,2025-12-13,2025-12-16,ROAD,281.88
PO-000674,MedTrade SRL,SUP-006,PRD-00035,Mixed Nuts 200g,360,9.0,2025-12-30,2026-01-12,2026-01-15,ROAD,281.88
PO-000675,EuroFast GmbH,SUP-002,PRD-00036,Herbal Tea Variety 40-Pack,204,6.22,2024-01-11,2024-01-19,2024-01-20,ROAD,284.17
PO-000676,EuroFast GmbH,SUP-002,PRD-00036,Herbal Tea Variety 40-Pack,216,6.17,2024-02-21,2024-02-29,2024-02-29,ROAD,300.89
PO-000677,EuroFast GmbH,SUP-002,PRD-00036,Herbal Tea Variety 40-Pack,258,6.16,07/04/24,2024-04-15,2024-04-17,ROAD,359.39
PO-000678,EuroFast GmbH,SUP-002,PRD-00036,Herbal Tea Variety 40-Pack,276,6.06,2024-05-24,2024-05-31,2024-06-01,ROAD,384.47
PO-000679,EuroFast GmbH,SUP-002,PRD-00036,Herbal Tea Variety 40-Pack,300,6.35,2024-07-13,2024-07-24,2024-07-23,ROAD,417.9
PO-000680,EuroFast GmbH,SUP-002,PRD-00036,Herbal Tea Variety 40-Pack,288,6.34,2024-08-25,2024-09-04,2024-09-06,,401.18
PO-000681,EuroFast GmbH,SUP-002,PRD-00036,Herbal Tea Variety 40-Pack,300,6.35,2024-10-05,2024-10-13,2024-10-15,ROAD,417.9
PO-000682,EuroFast GmbH,SUP-002,PRD-00036,Herbal Tea Variety 40-Pack,366,6.04,2024-11-16,2024-11-25,2024-11-26,ROAD,509.84
PO-000683,EuroFast GmbH,SUP-002,PRD-00036,Herbal Tea Variety 40-Pack,204,6.27,2025-01-05,2025-01-15,2025-01-14,ROAD,284.17
PO-000684,EuroFast GmbH,SUP-002,PRD-00036,Herbal Tea Variety 40-Pack,216,6.01,2025-02-18,2025-02-27,2025-02-27,ROAD,300.89
PO-000685,EuroFast GmbH,SUP-002,PRD-00036,Herbal Tea Variety 40-Pack,258,6.31,2025-04-05,2025-04-13,2025-04-12,ROAD,359.39
PO-000686,EuroFast GmbH,SUP-002,PRD-00036,Herbal Tea Variety 40-Pack,276,6.09,2025-05-17,2025-05-26,2025-05-26,ROAD,384.47
PO-000687,EuroFast GmbH,SUP-002,PRD-00036,Herbal Tea Variety 40-Pack,300,6.31,2025-07-02,2025-07-12,2025-07-14,ROAD,417.9
PO-000688,EuroFast GmbH,SUP-002,PRD-00036,Herbal Tea Variety 40-Pack,288,6.34,18/08/2025,2025-08-26,2025-08-28,ROAD,401.18
PO-000689,EuroFast GmbH,SUP-002,PRD-00036,Herbal Tea Variety 40-Pack,300,6.24,2025-10-03,2025-10-11,2025-10-13,ROAD,417.9
PO-000690,EuroFast GmbH,SUP-002,PRD-00036,Herbal Tea Variety 40-Pack,366,6.15,2025-11-19,2025-11-29,2025-12-01,ROAD,509.84
PO-000691,MedTrade SRL,SUP-006,PRD-00037,Sparkling Water 12x500ml,200,6.09,2024-01-16,2024-01-30,2024-01-29,ROAD,370.6
PO-000692,MedTrade SRL,SUP-006,PRD-00037,Sparkling Water 12x500ml,200,6.01,2024-02-29,2024-03-16,2024-03-15,ROAD,370.6
PO-000693,MedTrade SRL,SUP-006,PRD-00037,Sparkling Water 12x500ml,300,6.0,2024-04-17,2024-04-29,2024-04-28,ROAD,555.9
PO-000694,MedTrade SRL,SUP-006,PRD-00037,Sparkling Water 12x500ml,300,6.18,2024-06-05,2024-06-16,2024-06-18,ROAD,555.9
PO-000695,MedTrade SRL,SUP-006,PRD-00037,Sparkling Water 12x500ml,300,6.24,2024-07-22,2024-08-01,2024-08-03,ROAD,555.9
PO-000696,MedTrade SRL,SUP-006,PRD-00037,Sparkling Water 12x500ml,300,6.06,2024-09-02,2024-09-14,2024-09-17,ROAD,555.9
PO-000697,MedTrade SRL,SUP-006,PRD-00037,Sparkling Water 12x500ml,300,6.0,2024-10-12,2024-10-23,2024-10-22,ROAD,555.9
PO-000698,MedTrade SRL,SUP-006,PRD-00037,Sparkling Water 12x500ml,400,6.05,2024-11-25,2024-12-08,2024-12-11,ROAD,741.2
PO-000699,MedTrade Srl,SUP-006,PRD-00037,Sparkling Water 12x500ml,200,6.22,2025-01-11,2025-01-27,2025-01-27,ROAD,370.6
PO-000700,MedTrade SRL,SUP-006,PRD-00037,Sparkling Water 12x500ml,300,6.0,2025-03-01,2025-03-17,2025-03-18,ROAD,555.9
PO-000701,MedTrade SRL,SUP-006,PRD-00037,Sparkling Water 12x500ml,300,6.1,2025-04-14,2025-04-24,2025-04-26,ROAD,555.9
PO-000702,MedTrade SRL,SUP-006,PRD-00037,Sparkling Water 12x500ml,300,6.31,2025-05-28,2025-06-18,2025-06-18,ROAD,555.9
PO-000703,MedTrade SRL,SUP-006,PRD-00037,Sparkling Water 12x500ml,300,5.91,2025-07-09,2025-07-19,2025-07-21,,555.9
PO-000704,MedTrade SRL,SUP-006,PRD-00037,Sparkling Water 12x500ml,300,5.91,2025-08-25,2025-09-04,2025-09-04,ROAD,555.9
PO-000705,MedTrade SRL,SUP-006,PRD-97874,Sparkling Water 12x500ml,300,6.18,2025-10-10,2025-10-22,2025-10-23,ROAD,555.9
PO-000706,MedTrade SRL,SUP-006,PRD-00037,Sparkling Water 12x500ml,400,6.05,2025-11-28,2025-12-12,2025-12-13,ROAD,741.2
PO-000707,USBrands Inc,SUP-007,PRD-00038,Luxury Bath Gift Set,100,18.96,2024-01-17,2024-02-03,2024-02-05,AIR,111.7
PO-000708,USBrands Inc,SUP-007,PRD-00038,Luxury Bath Gift Set,100,18.98,2024-02-12,2024-02-26,2024-02-28,AIR,111.7
PO-000709,USBrands Inc,SUP-007,PRD-00038,Luxury Bath Gift Set,100,18.65,2024-03-08,2024-03-23,2024-03-26,AIR,111.7
PO-000710,USBrands Inc,SUP-007,PRD-00038,Luxury Bath Gift Set,100,19.24,2024-04-11,2024-05-01,2024-05-04,AIR,111.7
PO-000711,USBrands Inc,SUP-007,PRD-00038,Luxury Bath Gift Set,100,18.82,2024-05-12,2024-06-01,2024-06-01,AIR,111.7
PO-000712,USBrands Inc,SUP-007,PRD-00038,Luxury Bath Gift Set,100,19.11,2024-06-08,2024-06-25,2024-06-25,AIR,111.7
PO-000713,USBrands Inc,SUP-007,PRD-00038,Luxury Bath Gift Set,100,18.47,2024-07-13,2024-07-30,2024-07-29,AIR,111.7
PO-000714,USBrands Inc,SUP-007,PRD-00038,Luxury Bath Gift Set,100,18.76,2024-08-15,2024-09-07,2024-09-09,AIR,111.7
PO-000715,USBrands Inc,SUP-007,PRD-00038,Luxury Bath Gift Set,100,18.33,2024-09-14,2024-09-28,2024-10-01,AIR,111.7
PO-000716,USBrands Inc,SUP-007,PRD-00038,Luxury Bath Gift Set,100,19.39,2024-10-11,2024-10-28,2024-10-29,AIR,111.7
PO-000717,USBrands Inc,SUP-007,PRD-00038,Luxury Bath Gift Set,100,19.17,2024-11-10,2024-12-04,2024-12-05,SEA,111.7
PO-000718,USBRANDS,SUP-007,PRD-00038,Luxury Bath Gift Set,100,18.98,2024-12-15,2024-12-29,2024-12-29,AIR,111.7
PO-000719,USBrands Inc,SUP-007,PRD-00038,Luxury Bath Gift Set,100,18.5,2025-01-10,2025-02-03,2025-02-05,AIR,111.7
PO-000720,USBrands Inc,SUP-007,PRD-00038,Luxury Bath Gift Set,100,18.74,2025-02-08,2025-02-25,2025-02-25,AIR,111.7
PO-000721,USBrands Inc,SUP-007,PRD-00038,Luxury Bath Gift Set,100,19.41,2025-03-06,2025-04-03,2025-04-02,SEA,111.7
PO-000722,USBrands Inc,SUP-007,PRD-00038,Luxury Bath Gift Set,100,19.67,04/08/2025,2025-04-29,2025-05-02,AIR,111.7
PO-000723,USBrands Inc,SUP-007,PRD-00038,Luxury Bath Gift Set,100,19.03,2025-05-09,2025-05-28,2025-05-27,AIR,111.7
PO-000724,USBrands Inc,SUP-007,PRD-00038,Luxury Bath Gift Set,100,18.9,2025-06-09,2025-07-05,2025-07-04,SEA,111.7
PO-000725,USBrands Inc,SUP-007,PRD-00038,Luxury Bath Gift Set,100,18.66,2025-07-12,2025-08-17,2025-08-18,SEA,111.7
PO-000726,USBrands Inc,SUP-007,PRD-00038,Luxury Bath Gift Set,100,18.12,2025-08-10,2025-09-05,2025-09-05,AIR,111.7
PO-000727,USBrands Inc,SUP-007,PRD-00038,Luxury Bath Gift Set,100,18.82,2025-09-04,2025-09-18,2025-09-18,AIR,111.7
PO-000728,USBrands Inc,SUP-007,PRD-00038,Luxury Bath Gift Set,100,18.89,2025-10-08,2025-10-28,2025-10-30,,111.7
PO-000729,USBrands Inc,SUP-007,PRD-00038,Luxury Bath Gift Set,100,19.27,2025-11-09,2025-11-25,2025-11-28,AIR,111.7
PO-000730,USBrands Inc,SUP-007,PRD-00038,Luxury Bath Gift Set,100,19.07,2025-12-12,2026-01-11,2026-01-10,AIR,111.7
PO-000731,USBrands Inc,SUP-007,PRD-00039,Premium Scented Candle Set,48,28.48,2024-01-02,2024-01-18,2024-01-18,AIR,34.51
PO-000732,USBrands Inc,SUP-007,PRD-00039,Premium Scented Candle Set,48,27.32,2024-01-27,2024-02-11,2024-02-11,AIR,34.51
PO-000733,USBrands Inc,SUP-007,PRD-00039,Premium Scented Candle Set,48,27.96,2024-02-27,2024-03-14,2024-03-15,AIR,34.51
PO-000734,USBrands Inc,SUP-007,PRD-00039,Premium Scented Candle Set,48,27.56,2024-03-30,2024-05-05,2024-05-07,AIR,34.51
PO-000735,USBrands Inc,SUP-007,PRD-00039,Premium Scented Candle Set,48,27.22,2024-04-26,2024-05-13,2024-05-16,AIR,34.51
PO-000736,USBrands Inc,SUP-007,PRD-00039,Premium Scented Candle Set,72,27.02,2024-05-28,2024-06-22,2024-06-22,AIR,51.77
PO-000737,USBrands Inc,SUP-007,PRD-00039,Premium Scented Candle Set,72,28.22,2024-06-26,2024-07-11,2024-07-11,,51.77
PO-000738,USBrands Inc,SUP-007,PRD-00039,Premium Scented Candle Set,72,27.01,2024-07-22,2024-08-18,2024-08-17,AIR,51.77
PO-000739,USBrands Inc,SUP-007,PRD-00039,Premium Scented Candle Set,72,27.09,2024-08-20,2024-09-13,2024-09-15,SEA,51.77
PO-000740,USBrands Inc,SUP-007,PRD-00039,Premium Scented Candle Set,72,28.28,2024-09-14,2024-10-01,2024-10-01,AIR,51.77
PO-000741,USBrands Inc,SUP-007,PRD-00039,Premium Scented Candle Set,72,26.79,2024-10-11,2024-10-25,2024-10-24,AIR,51.77
PO-000742,USBrands Inc,SUP-007,PRD-00039,Premium Scented Candle Set,96,28.13,2024-11-11,2024-12-09,2024-12-09,AIR,69.02
PO-000743,USBrands Inc,SUP-007,PRD-00039,Premium Scented Candle Set,96,27.91,2024-12-16,2025-01-09,2025-01-12,AIR,69.02
PO-000744,U.S. Brands Inc,SUP-007,PRD-00039,Premium Scented Candle Set,48,27.36,2025-01-13,2025-01-29,2025-02-01,AIR,34.51
PO-000745,USBrands Inc,SUP-007,PRD-00039,Premium Scented Candle Set,48,26.49,2025-02-12,2025-03-06,2025-03-05,AIR,34.51
PO-000746,USBrands Inc,SUP-007,PRD-00039,Premium Scented Candle Set,48,27.65,2025-03-19,2025-04-10,2025-04-09,AIR,34.51
PO-000747,USBrands Inc,SUP-007,PRD-00039,Premium Scented Candle Set,48,28.15,2025-04-17,2025-05-05,2025-05-07,AIR,34.51
PO-000748,USBrands Inc,SUP-007,PRD-00039,Premium Scented Candle Set,72,27.14,2025-05-13,2025-05-31,2025-06-02,AIR,51.77
PO-000749,USBrands Inc,SUP-007,PRD-00039,Premium Scented Candle Set,72,27.43,2025-06-09,2025-07-04,2025-07-07,SEA,51.77
PO-000750,USBrands Inc,SUP-007,PRD-00039,Premium Scented Candle Set,72,27.5,2025-07-05,2025-07-26,2025-07-28,AIR,51.77
PO-000751,USBrands Inc,SUP-007,PRD-00039,Premium Scented Candle Set,72,27.51,2025-08-01,2025-09-03,2025-09-04,SEA,51.77
PO-000752,USBrands Inc,SUP-007,PRD-00039,Premium Scented Candle Set,72,27.48,2025-09-03,2025-09-22,2025-09-22,AIR,51.77
PO-000753,USBrands Inc,SUP-007,PRD-00039,Premium Scented Candle Set,72,27.68,2025-09-30,2025-10-22,2025-10-24,AIR,51.77
PO-000754,USBrands Inc,SUP-007,PRD-00039,Premium Scented Candle Set,72,26.57,2025-10-28,2025-11-14,2025-11-17,AIR,51.77
PO-000755,USBrands Inc,SUP-007,PRD-00039,Premium Scented Candle Set,96,27.26,2025-11-30,2025-12-27,2025-12-26,SEA,69.02
PO-000756,MedTrade SRL,SUP-006,PRD-00040,Artisan Chocolate Selection Box,144,6.37,2024-01-10,2024-01-23,2024-01-23,ROAD,159.12
PO-000757,MedTrade SRL,SUP-006,PRD-00040,Artisan Chocolate Selection Box,168,6.55,2024-02-08,2024-02-20,2024-02-19,ROAD,185.64
PO-000758,MedTrade SRL,SUP-006,PRD-00040,Artisan Chocolate Selection Box,168,6.4,2024-03-07,2024-03-17,2024-03-17,ROAD,185.64
PO-000759,MedTrade SRL,SUP-006,PRD-00040,Artisan Chocolate Selection Box,192,6.33,2024-04-08,2024-04-20,2024-04-20,ROAD,212.16
PO-000760,MedTrade SRL,SUP-006,PRD-00040,Artisan Chocolate Selection Box,192,6.39,2024-05-03,2024-05-13,2024-05-16,ROAD,212.16
PO-000761,MedTrade SRL,SUP-006,PRD-00040,Artisan Chocolate Selection Box,216,6.23,2024-06-02,2024-06-16,2024-06-19,ROAD,238.68
PO-000762,MedTrade SRL,SUP-006,PRD-00040,Artisan Chocolate Selection Box,216,6.36,2024-07-06,2024-07-20,2024-07-22,ROAD,238.68
PO-000763,MedTrade SRL,SUP-006,PRD-00040,Artisan Chocolate Selection Box,216,6.32,2024-08-09,2024-08-22,2024-08-23,ROAD,238.68
PO-000764,MedTrade SRL,SUP-006,PRD-00040,Artisan Chocolate Selection Box,192,6.75,2024-09-03,2024-09-13,2024-09-14,ROAD,212.16
PO-000765,MedTrade SRL,SUP-006,PRD-00040,Artisan Chocolate Selection Box,192,6.27,2024-09-30,2024-10-17,2024-10-16,ROAD,212.16
PO-000766,MedTrade SRL,SUP-006,PRD-00040,Artisan Chocolate Selection Box,216,6.55,2024-10-26,2024-11-05,2024-11-07,ROAD,238.68
PO-000767,MedTrade SRL,SUP-006,PRD-00040,Artisan Chocolate Selection Box,264,6.22,2024-11-22,2024-12-06,2024-12-07,ROAD,291.72
PO-000768,MedTrade SRL,SUP-006,PRD-00040,Artisan Chocolate Selection Box,288,6.31,2024-12-17,2024-12-29,2024-12-30,ROAD,318.24
PO-000769,MedTrade SRL,SUP-006,PRD-00040,Artisan Chocolate Selection Box,144,6.39,2025-01-18,2025-02-01,2025-02-03,ROAD,159.12
PO-000770,MEDTRADE,SUP-006,PRD-00040,Artisan Chocolate Selection Box,168,6.36,2025-02-13,2025-02-23,2025-02-22,ROAD,185.64
PO-000771,MedTrade SRL,SUP-006,PRD-00040,Artisan Chocolate Selection Box,168,6.41,2025-03-11,2025-03-21,2025-03-23,ROAD,185.64
PO-000772,MedTrade SRL,SUP-006,PRD-00040,Artisan Chocolate Selection Box,192,6.3,2025-04-09,2025-04-21,2025-04-22,ROAD,212.16
PO-000773,MedTrade SRL,SUP-006,PRD-00040,Artisan Chocolate Selection Box,192,6.32,2025-05-14,2025-05-27,2025-05-28,ROAD,212.16
PO-000774,MedTrade SRL,SUP-006,PRD-00040,Artisan Chocolate Selection Box,216,6.42,2025-06-09,2025-06-21,2025-06-23,ROAD,238.68
PO-000775,MedTrade SRL,SUP-006,PRD-00040,Artisan Chocolate Selection Box,216,6.45,2025-07-12,2025-07-25,2025-07-26,ROAD,238.68
PO-000776,MedTrade SRL,SUP-006,PRD-00040,Artisan Chocolate Selection Box,216,6.38,2025-08-15,2025-08-31,2025-09-03,ROAD,238.68
PO-000777,MedTrade SRL,SUP-006,PRD-00040,Artisan Chocolate Selection Box,192,6.44,2025-09-12,2025-09-22,2025-09-25,ROAD,212.16
PO-000778,MedTrade SRL,SUP-006,PRD-00040,Artisan Chocolate Selection Box,216,6.42,2025-10-16,2025-11-01,2025-10-31,ROAD,238.68
PO-000779,MedTrade SRL,SUP-006,PRD-00040,Artisan Chocolate Selection Box,264,6.38,2025-11-10,2025-11-20,2025-11-19,ROAD,291.72
PO-000780,MedTrade SRL,SUP-006,PRD-00040,Artisan Chocolate Selection Box,288,6.33,2025-12-12,2025-12-24,2025-12-27,ROAD,318.24
PO-000781,IndiaManufact Pvt,SUP-004,PRD-00041,Spa Pamper Set,48,17.89,2024-01-05,2024-02-02,2024-02-01,SEA,13.92
PO-000782,IndiaManufact Pvt,SUP-004,PRD-00041,Spa Pamper Set,48,18.08,2024-02-08,2024-03-25,2024-03-26,SEA,13.92
PO-000783,IndiaManufact Pvt,SUP-004,PRD-00041,Spa Pamper Set,48,17.62,2024-03-07,2024-04-04,2024-04-03,SEA,13.92
PO-000784,IndiaManufact Pvt,SUP-004,PRD-00041,Spa Pamper Set,96,17.99,2024-04-02,2024-04-24,2024-04-26,SEA,27.84
PO-000785,IndiaManufact Pvt,SUP-004,PRD-00041,Spa Pamper Set,96,18.5,2024-04-29,2024-06-06,2024-06-07,AIR,27.84
PO-000786,India Manufact Pvt Ltd,SUP-004,PRD-00041,Spa Pamper Set,96,17.76,2024-06-01,2024-06-27,2024-06-26,SEA,27.84
PO-000787,IndiaManufact Pvt,SUP-004,PRD-00041,Spa Pamper Set,96,17.71,2024-06-30,2024-08-07,2024-08-08,SEA,27.84
PO-000788,IndiaManufact Pvt,SUP-004,PRD-00041,Spa Pamper Set,96,18.57,2024-07-30,2024-09-05,2024-09-07,SEA,27.84
PO-000789,IndiaManufact Pvt,SUP-004,PRD-00041,Spa Pamper Set,96,17.96,2024-08-29,2024-09-23,2024-09-25,SEA,27.84
PO-000790,IndiaManufact Pvt,SUP-004,PRD-00041,Spa Pamper Set,96,17.77,2024-09-29,2024-10-19,2024-10-18,SEA,27.84
PO-000791,IndiaManufact Pvt,SUP-004,PRD-00041,Spa Pamper Set,96,17.76,2024-10-25,2024-11-14,2024-11-13,SEA,27.84
PO-000792,IndiaManufact Pvt,SUP-004,PRD-00041,Spa Pamper Set,96,17.75,2024-11-26,2024-12-16,2024-12-16,SEA,27.84
PO-000793,IndiaManufact Pvt,SUP-004,PRD-00041,Spa Pamper Set,96,17.66,2024-12-28,2025-01-25,2025-01-24,SEA,27.84
PO-000794,IndiaManufact Pvt,SUP-004,PRD-00041,Spa Pamper Set,48,18.57,2025-02-01,2025-03-03,2025-03-05,SEA,13.92
PO-000795,IndiaManufact Pvt,SUP-004,PRD-00041,Spa Pamper Set,48,18.26,2025-02-27,2025-04-11,2025-04-13,SEA,13.92
PO-000796,IndiaManufact Pvt,SUP-004,PRD-00041,Spa Pamper Set,48,18.45,2025-03-31,2025-04-20,2025-04-21,SEA,13.92
PO-000797,IndiaManufact Pvt,SUP-004,PRD-00041,Spa Pamper Set,96,17.78,2025-04-30,2025-05-28,2025-05-29,SEA,27.84
PO-000798,IndiaManufact Pvt,SUP-004,PRD-00041,Spa Pamper Set,96,18.15,2025-05-25,2025-06-18,2025-06-18,SEA,27.84
PO-000799,IndiaManufact Pvt,SUP-004,PRD-00041,Spa Pamper Set,96,17.87,2025-06-22,2025-07-20,2025-07-19,SEA,27.84
PO-000800,IndiaManufact Pvt,SUP-004,PRD-00041,Spa Pamper Set,96,18.19,2025-07-26,2025-08-15,2025-08-14,SEA,27.84
PO-000801,IndiaManufact Pvt,SUP-004,PRD-00041,Spa Pamper Set,96,18.06,2025-08-30,2025-10-01,2025-10-02,SEA,27.84
PO-000802,IndiaManufact Pvt,SUP-004,PRD-00041,Spa Pamper Set,96,17.78,2025-10-04,2025-11-03,2025-11-06,SEA,27.84
PO-000803,IndiaManufact Pvt,SUP-004,PRD-00041,Spa Pamper Set,96,17.92,2025-11-08,2025-12-05,2025-12-04,SEA,27.84
PO-000804,IndiaManufact Pvt,SUP-004,PRD-00041,Spa Pamper Set,96,18.28,2025-12-09,2025-12-29,2025-12-28,SEA,27.84
PO-000805,MedTrade SRL,SUP-006,PRD-00042,Aromatherapy Diffuser Kit,48,20.29,2024-01-27,2024-02-09,2024-02-11,ROAD,62.69
PO-000806,MedTrade SRL,SUP-006,PRD-00042,Aromatherapy Diffuser Kit,48,19.98,2024-02-26,2024-03-10,2024-03-12,ROAD,62.69
PO-000807,MedTrade SRL,SUP-006,PRD-00042,Aromatherapy Diffuser Kit,60,20.08,2024-04-01,2024-04-11,2024-04-14,ROAD,78.36
PO-000808,MedTrade SRL,SUP-006,PRD-00042,Aromatherapy Diffuser Kit,60,20.74,2024-05-01,2024-05-16,2024-05-18,ROAD,78.36
PO-000809,MedTrade SRL,SUP-006,PRD-00042,Aromatherapy Diffuser Kit,60,19.72,2024-05-30,2024-06-12,2024-06-12,ROAD,78.36
PO-000810,MedTrade SRL,SUP-006,PRD-00042,Aromatherapy Diffuser Kit,60,20.36,2024-06-25,2024-07-06,2024-07-08,ROAD,78.36
PO-000811,MedTrade SRL,SUP-006,PRD-00042,Aromatherapy Diffuser Kit,72,20.42,2024-07-22,2024-08-04,2024-08-05,ROAD,94.03
PO-000812,MedTrade SRL,SUP-006,PRD-00042,Aromatherapy Diffuser Kit,60,20.22,2024-08-21,2024-09-05,2024-09-04,ROAD,78.36
PO-000813,MedTrade Srl,SUP-006,PRD-00042,Aromatherapy Diffuser Kit,60,19.76,2024-09-15,2024-10-03,2024-10-06,ROAD,78.36
PO-000814,MedTrade SRL,SUP-006,PRD-00042,Aromatherapy Diffuser Kit,72,21.02,2024-10-10,2024-10-20,2024-10-21,ROAD,94.03
PO-000815,MedTrade SRL,SUP-006,PRD-00042,Aromatherapy Diffuser Kit,84,19.58,2024-11-08,2024-11-21,2024-11-22,ROAD,109.7
PO-000816,MedTrade SRL,SUP-006,PRD-00042,Aromatherapy Diffuser Kit,96,20.95,2024-12-12,2024-12-26,2024-12-28,ROAD,125.38
PO-000817,MedTrade SRL,SUP-006,PRD-00042,Aromatherapy Diffuser Kit,48,21.02,2025-01-06,2025-01-18,2025-01-20,ROAD,62.69
PO-000818,MedTrade SRL,SUP-006,PRD-00042,Aromatherapy Diffuser Kit,48,20.09,2025-02-09,2025-02-22,2025-02-21,ROAD,62.69
PO-000819,MedTrade SRL,SUP-006,PRD-00042,Aromatherapy Diffuser Kit,60,20.24,2025-03-07,2025-03-21,2025-03-21,ROAD,78.36
PO-000820,Med Trade S.R.L.,SUP-006,PRD-00042,Aromatherapy Diffuser Kit,60,20.41,2025-04-02,2025-04-13,2025-04-15,ROAD,78.36
PO-000821,MedTrade SRL,SUP-006,PRD-00042,Aromatherapy Diffuser Kit,60,20.32,2025-04-28,2025-05-15,2025-05-16,ROAD,78.36
PO-000822,MedTrade SRL,SUP-006,PRD-00042,Aromatherapy Diffuser Kit,60,20.19,2025-05-23,2025-06-02,2025-06-01,ROAD,78.36
PO-000823,MedTrade SRL,SUP-006,PRD-00042,Aromatherapy Diffuser Kit,60,20.23,2025-06-19,2025-07-01,2025-07-04,ROAD,78.36
PO-000824,MedTrade SRL,SUP-006,PRD-00042,Aromatherapy Diffuser Kit,72,20.12,2025-07-14,2025-07-25,2025-07-26,ROAD,94.03
PO-000825,MEDTRADE,SUP-006,PRD-00042,Aromatherapy Diffuser Kit,60,20.29,2025-08-18,2025-08-29,2025-08-28,ROAD,78.36
PO-000826,Med Trade S.R.L.,SUP-006,PRD-00042,Aromatherapy Diffuser Kit,60,20.89,2025-09-18,2025-10-01,2025-10-02,ROAD,78.36
PO-000827,MedTrade SRL,SUP-006,PRD-00042,Aromatherapy Diffuser Kit,72,20.67,2025-10-17,2025-10-30,2025-10-30,ROAD,94.03
PO-000828,MedTrade SRL,SUP-006,PRD-00042,Aromatherapy Diffuser Kit,84,20.3,2025-11-17,2025-11-29,2025-11-30,ROAD,109.7
PO-000829,MedTrade SRL,SUP-006,PRD-00042,Aromatherapy Diffuser Kit,96,20.61,2025-12-22,2026-01-05,2026-01-05,ROAD,125.38
PO-000830,USBRANDS,SUP-007,PRD-00043,Premium Notebook and Pen Set,100,9.87,2024-01-02,2024-01-20,2024-01-22,AIR,80.6
PO-000831,USBrands Inc,SUP-007,PRD-00043,Premium Notebook and Pen Set,100,10.0,2024-01-28,2024-02-15,2024-02-17,AIR,80.6
PO-000832,USBrands Inc,SUP-007,PRD-00043,Premium Notebook and Pen Set,100,10.26,2024-02-22,2024-03-08,2024-03-08,AIR,80.6
PO-000833,USBrands Inc,SUP-007,PRD-00043,Premium Notebook and Pen Set,100,9.78,2024-03-23,2024-04-09,2024-04-11,AIR,80.6
PO-000834,USBrands Inc,SUP-007,PRD-00043,Premium Notebook and Pen Set,100,10.1,2024-04-20,2024-05-04,2024-05-06,AIR,80.6
PO-000835,USBrands Inc,SUP-007,PRD-95578,Premium Notebook and Pen Set,200,10.01,2024-05-25,2024-06-11,2024-06-13,AIR,161.2
PO-000836,USBrands Inc,SUP-007,PRD-00043,Premium Notebook and Pen Set,200,9.85,2024-06-22,2024-07-15,2024-07-16,AIR,161.2
PO-000837,USBrands Inc,SUP-007,PRD-00043,Premium Notebook and Pen Set,200,10.39,2024-07-19,2024-08-06,2024-08-08,AIR,161.2
PO-000838,USBrands Inc,SUP-007,PRD-00043,Premium Notebook and Pen Set,200,10.05,2024-08-18,2024-09-09,2024-09-09,AIR,161.2
PO-000839,USBrands Inc,SUP-007,PRD-00043,Premium Notebook and Pen Set,200,10.17,2024-09-14,2024-10-03,2024-10-04,AIR,161.2
PO-000840,USBrands Inc,SUP-007,PRD-00043,Premium Notebook and Pen Set,200,9.86,2024-10-15,2024-11-12,2024-11-13,AIR,161.2
PO-000841,USBrands Inc,SUP-007,PRD-00043,Premium Notebook and Pen Set,200,10.02,2024-11-15,2024-12-06,2024-12-05,AIR,161.2
PO-000842,USBrands Inc,SUP-007,PRD-00043,Premium Notebook and Pen Set,200,10.26,2024-12-13,2025-01-01,2025-01-01,AIR,161.2
PO-000843,USBrands Inc,SUP-007,PRD-00043,Premium Notebook and Pen Set,100,9.77,2025-01-16,2025-01-30,2025-01-29,AIR,80.6
PO-000844,USBrands Inc,SUP-007,PRD-00043,Premium Notebook and Pen Set,100,10.15,2025-02-11,2025-02-25,2025-02-26,AIR,80.6
PO-000845,USBrands Inc,SUP-007,PRD-00043,Premium Notebook and Pen Set,100,9.93,2025-03-15,2025-04-14,2025-04-15,SEA,80.6
PO-000846,USBrands Inc,SUP-007,PRD-00043,Premium Notebook and Pen Set,100,10.0,2025-04-13,2025-04-27,2025-04-30,AIR,80.6
PO-000847,USBRANDS,SUP-007,PRD-00043,Premium Notebook and Pen Set,200,10.23,2025-05-12,2025-06-07,2025-06-07,AIR,161.2
PO-000848,USBrands Inc,SUP-007,PRD-00043,Premium Notebook and Pen Set,200,9.98,2025-06-16,2025-07-03,2025-07-06,AIR,161.2
PO-000849,USBrands Inc,SUP-007,PRD-00043,Premium Notebook and Pen Set,200,9.92,2025-07-14,2025-07-30,2025-08-02,AIR,161.2
PO-000850,USBrands Inc,SUP-007,PRD-00043,Premium Notebook and Pen Set,200,9.93,2025-08-17,2025-09-07,2025-09-07,AIR,161.2
PO-000851,USBrands Inc,SUP-007,PRD-00043,Premium Notebook and Pen Set,200,102.7,2025-09-17,2025-10-10,2025-10-10,AIR,161.2
PO-000852,USBrands Inc,SUP-007,PRD-00043,Premium Notebook and Pen Set,200,10.27,2025-10-12,2025-10-31,2025-10-30,AIR,161.2
PO-000853,USBrands Inc,SUP-007,PRD-00043,Premium Notebook and Pen Set,200,10.13,2025-11-07,2025-11-26,2025-11-25,AIR,161.2
PO-000854,USBrands Inc,SUP-007,PRD-00043,Premium Notebook and Pen Set,200,10.03,2025-12-04,2025-12-19,2025-12-20,AIR,161.2
PO-000855,USBrands Inc,SUP-007,PRD-00043,Premium Notebook and Pen Set,200,9.94,2025-12-30,2026-01-13,2026-01-13,AIR,161.2
PO-000856,IndiaManufact Pvt,SUP-004,PRD-00044,Personalised Mug Gift Box,48,27.37,2024-01-29,2024-03-01,2024-03-01,SEA,39.79
PO-000857,IndiaManufact Pvt,SUP-004,PRD-00044,Personalised Mug Gift Box,48,27.69,2024-02-26,2024-03-26,2024-03-29,SEA,39.79
PO-000858,IndiaManufact,SUP-004,PRD-00044,Personalised Mug Gift Box,48,25.92,2024-03-31,2024-04-23,2024-04-26,SEA,39.79
PO-000859,IndiaManufact Pvt,SUP-004,PRD-00044,Personalised Mug Gift Box,48,27.37,2024-05-04,2024-06-03,2024-06-05,SEA,39.79
PO-000860,IndiaManufact Pvt,SUP-004,PRD-00044,Personalised Mug Gift Box,48,26.39,2024-05-29,2024-06-24,2024-06-25,SEA,39.79
PO-000861,IndiaManufact Pvt,SUP-004,PRD-00044,Personalised Mug Gift Box,72,26.96,2024-07-02,2024-07-22,2024-07-25,SEA,59.69
PO-000862,IndiaManufact Pvt,SUP-004,PRD-00044,Personalised Mug Gift Box,72,28.19,2024-07-31,2024-08-24,2024-08-24,SEA,59.69
PO-000863,IndiaManufact Pvt,SUP-004,PRD-00044,Personalised Mug Gift Box,48,27.07,2024-09-04,2024-09-27,2024-09-29,SEA,39.79
PO-000864,IndiaManufact Pvt,SUP-004,PRD-00044,Personalised Mug Gift Box,72,27.26,2024-10-05,2024-10-27,2024-10-27,SEA,59.69
PO-000865,IndiaManufact Pvt,SUP-004,PRD-00044,Personalised Mug Gift Box,72,27.05,2024-11-07,2024-11-28,2024-11-30,SEA,59.69
PO-000866,IndiaManufact Pvt,SUP-004,PRD-00044,Personalised Mug Gift Box,96,27.16,2024-12-11,2025-01-01,2024-12-31,SEA,79.58
PO-000867,IndiaManufact Pvt,SUP-004,PRD-00044,Personalised Mug Gift Box,48,27.86,2025-01-06,2025-01-31,2025-01-31,SEA,39.79
PO-000868,IndiaManufact Pvt,SUP-004,PRD-00044,Personalised Mug Gift Box,48,26.54,2025-02-04,2025-02-25,2025-02-25,SEA,39.79
PO-000869,IndiaManufact Pvt,SUP-004,PRD-00044,Personalised Mug Gift Box,48,26.81,2025-03-09,2025-04-02,2025-04-04,SEA,39.79
PO-000870,IndiaManufact Pvt,SUP-004,PRD-00044,Personalised Mug Gift Box,48,26.73,2025-04-10,2025-05-10,2025-05-09,SEA,39.79
PO-000871,IndiaManufact Pvt,SUP-004,PRD-00044,Personalised Mug Gift Box,48,27.24,2025-05-11,2025-06-05,2025-06-07,SEA,39.79
PO-000872,IndiaManufact Pvt,SUP-004,PRD-00044,Personalised Mug Gift Box,72,27.39,2025-06-15,2025-07-05,2025-07-08,SEA,59.69
PO-000873,IndiaManufact Pvt,SUP-004,PRD-00044,Personalised Mug Gift Box,72,26.93,2025-07-14,2025-08-06,2025-08-06,SEA,59.69
PO-000874,IndiaManufact Pvt,SUP-004,PRD-00044,Personalised Mug Gift Box,72,27.86,2025-08-16,2025-09-23,2025-09-22,SEA,59.69
PO-000875,IndiaManufact Pvt,SUP-004,PRD-00044,Personalised Mug Gift Box,48,27.43,2025-09-10,2025-10-03,2025-10-04,SEA,39.79
PO-000875,IndiaManufact Pvt,SUP-004,PRD-00044,Personalised Mug Gift Box,50,27.43,2025-09-10,2025-10-03,2025-10-04,SEA,39.79
PO-000876,IndiaManufact Pvt,SUP-004,PRD-00044,Personalised Mug Gift Box,72,26.85,2025-10-14,2025-11-05,2025-11-04,SEA,59.69
PO-000877,IndiaManufact Pvt,SUP-004,PRD-00044,Personalised Mug Gift Box,72,28.15,2025-11-08,2025-11-28,2025-11-28,SEA,59.69
PO-000878,IndiaManufact Pvt,SUP-004,PRD-00044,Personalised Mug Gift Box,96,26.89,2025-12-12,2026-01-15,2026-01-14,SEA,79.58
PO-000879,USBrands Inc,SUP-007,PRD-00045,Festive Reed Diffuser,54,17.9,2024-01-20,2024-02-04,2024-02-07,AIR,51.3
PO-000880,USBrands Inc,SUP-007,PRD-00045,Festive Reed Diffuser,60,17.56,2024-02-18,2024-03-15,2024-03-16,AIR,57.0
PO-000881,USBrands Inc,SUP-007,PRD-00045,Festive Reed Diffuser,66,17.95,2024-03-19,2024-04-06,2024-04-07,AIR,62.7
PO-000882,USBrands Inc,SUP-007,PRD-00045,Festive Reed Diffuser,72,17.67,2024-04-17,2024-05-01,2024-05-04,AIR,68.4
PO-000883,USBrands Inc,SUP-007,PRD-00045,Festive Reed Diffuser,72,18.42,2024-05-12,2024-05-29,2024-05-28,AIR,68.4
PO-000884,USBrands Inc,SUP-007,PRD-00045,Festive Reed Diffuser,78,18.37,2024-06-12,2024-07-02,2024-07-04,AIR,74.1
PO-000885,USBrands Inc,SUP-007,PRD-00045,Festive Reed Diffuser,78,18.3,2024-07-10,2024-08-09,2024-08-10,AIR,74.1
PO-000886,USBrands Inc,SUP-007,PRD-00045,Festive Reed Diffuser,78,18.77,2024-08-05,2024-08-26,2024-08-26,AIR,74.1
PO-000887,USBrands Inc,SUP-007,PRD-00045,Festive Reed Diffuser,72,17.84,2024-09-01,2024-09-18,2024-09-19,AIR,68.4
PO-000888,USBrands Inc,SUP-007,PRD-00045,Festive Reed Diffuser,78,18.57,2024-10-06,2024-10-20,2024-10-19,AIR,74.1
PO-000889,USBrands Inc,SUP-007,PRD-00045,Festive Reed Diffuser,96,18.5,2024-11-10,2024-11-24,2024-11-23,AIR,91.2
PO-000890,USBRANDS,SUP-007,PRD-00045,Festive Reed Diffuser,108,18.62,2024-12-10,2025-01-06,2025-01-06,AIR,102.6
PO-000891,USBrands Inc,SUP-007,PRD-00045,Festive Reed Diffuser,54,17.58,2025-01-08,2025-01-28,2025-01-27,AIR,51.3
PO-000892,USBrands Inc,SUP-007,PRD-00045,Festive Reed Diffuser,60,18.38,2025-02-08,2025-03-02,2025-03-05,AIR,57.0
PO-000893,USBrands Inc,SUP-007,PRD-00045,Festive Reed Diffuser,66,18.18,2025-03-05,2025-04-09,2025-04-10,SEA,62.7
PO-000894,USBrands Inc,SUP-007,PRD-00045,Festive Reed Diffuser,72,18.24,2025-04-09,2025-04-29,2025-05-01,AIR,68.4
PO-000895,USBrands Inc,SUP-007,PRD-00045,Festive Reed Diffuser,72,18.33,2025-05-13,2025-06-02,2025-06-05,AIR,68.4
PO-000896,USBrands Inc,SUP-007,PRD-97328,Festive Reed Diffuser,78,18.18,2025-06-11,2025-06-26,2025-06-27,AIR,74.1
PO-000897,USBrands Inc,SUP-007,PRD-00045,Festive Reed Diffuser,78,17.7,2025-07-08,2025-07-24,2025-07-26,AIR,74.1
PO-000898,USBrands Inc,SUP-007,PRD-00045,Festive Reed Diffuser,78,17.9,2025-08-10,2025-09-04,2025-09-07,AIR,74.1
PO-000899,USBrands Inc,SUP-007,PRD-00045,Festive Reed Diffuser,72,18.38,2025-09-05,2025-09-28,2025-10-01,AIR,68.4
PO-000900,USBrands Inc,SUP-007,PRD-00045,Festive Reed Diffuser,78,18.39,2025-10-09,2025-10-30,2025-10-29,AIR,74.1
PO-000901,USBrands Inc,SUP-007,PRD-00045,Festive Reed Diffuser,96,18.87,2025-11-03,2025-11-17,2025-11-18,AIR,91.2
PO-000902,USBrands Inc,SUP-007,PRD-00045,Festive Reed Diffuser,108,18.38,2025-12-07,2025-12-29,2026-01-01,AIR,102.6
PO-000903,LocalPack Ltd,SUP-008,PRD-00046,Professional Floor Cleaner 5L,216,6.7,2024-01-11,2024-01-13,2024-01-12,ROAD,394.85
PO-000904,LocalPack Ltd,SUP-008,PRD-00046,Professional Floor Cleaner 5L,216,6.68,2024-02-25,2024-02-27,2024-02-28,ROAD,394.85
PO-000905,LocalPack Ltd,SUP-008,PRD-00046,Professional Floor Cleaner 5L,264,6.41,2024-04-13,2024-04-16,2024-04-17,ROAD,482.59
PO-000906,LocalPack Ltd,SUP-008,PRD-00046,Professional Floor Cleaner 5L,288,6.5,2024-05-27,2024-05-30,2024-06-01,ROAD,526.46
PO-000907,LocalPack Ltd,SUP-008,PRD-00046,Professional Floor Cleaner 5L,312,6.46,2024-07-15,2024-07-17,2024-07-17,ROAD,570.34
PO-000908,LocalPack Ltd,SUP-008,PRD-00046,Professional Floor Cleaner 5L,288,6.5,2024-09-01,2024-09-03,2024-09-03,ROAD,526.46
PO-000909,LocalPack Ltd,SUP-008,PRD-00046,Professional Floor Cleaner 5L,312,6.45,2024-10-19,2024-10-21,2024-10-21,,570.34
PO-000910,LocalPack Ltd,SUP-008,PRD-00046,Professional Floor Cleaner 5L,384,6.64,2024-11-29,2024-12-01,2024-12-04,ROAD,701.95
PO-000911,LocalPack Ltd,SUP-008,PRD-00046,Professional Floor Cleaner 5L,216,6.52,2025-01-11,2025-01-14,2025-01-16,ROAD,394.85
PO-000912,LocalPack Ltd,SUP-008,PRD-00046,Professional Floor Cleaner 5L,264,6.67,2025-03-01,2025-03-03,2025-03-02,ROAD,482.59
PO-000913,LocalPack Ltd,SUP-008,PRD-00046,Professional Floor Cleaner 5L,264,6.44,2025-04-10,2025-04-12,2025-04-11,ROAD,482.59
PO-000914,LocalPack Ltd,SUP-008,PRD-00046,Professional Floor Cleaner 5L,288,6.76,2025-05-28,2025-05-30,2025-05-29,ROAD,526.46
PO-000915,LocalPack Ltd,SUP-008,PRD-00046,Professional Floor Cleaner 5L,312,6.68,2025-07-09,2025-07-11,2025-07-10,ROAD,570.34
PO-000916,LocalPack Ltd,SUP-008,PRD-00046,Professional Floor Cleaner 5L,288,6.39,2025-08-25,2025-08-28,2025-08-31,ROAD,526.46
PO-000917,LocalPack Ltd,SUP-008,PRD-00046,Professional Floor Cleaner 5L,312,6.59,2025-10-14,2025-10-17,2025-10-17,ROAD,570.34
PO-000918,LocalPack Ltd,SUP-008,PRD-00046,Professional Floor Cleaner 5L,384,6.55,2025-11-30,2025-12-03,2025-12-06,ROAD,701.95
PO-000919,EuroFast GmbH,SUP-002,PRD-00047,Industrial Degreaser 2L,216,3.62,2024-01-09,2024-01-18,2024-01-21,ROAD,769.18
PO-000920,EuroFast GmbH,SUP-002,PRD-00047,Industrial Degreaser 2L,264,3.66,2024-03-07,2024-03-16,2024-03-16,ROAD,940.1
PO-000921,EuroFast GmbH,SUP-002,PRD-00047,Industrial Degreaser 2L,288,3.73,2024-05-02,2024-05-10,2024-05-12,ROAD,1025.57
PO-000922,EuroFast GmbH,SUP-002,PRD-00047,Industrial Degreaser 2L,288,3.84,2024-06-30,2024-07-07,2024-07-07,ROAD,1025.57
PO-000923,EuroFast GmbH,SUP-002,PRD-00047,Industrial Degreaser 2L,288,3.54,2024-09-01,2024-09-10,2024-09-12,ROAD,1025.57
PO-000924,EuroFast GmbH,SUP-002,PRD-00047,Industrial Degreaser 2L,384,3.69,2024-11-05,2024-11-12,2024-11-14,ROAD,1367.42
PO-000925,EUROFAST,SUP-002,PRD-00047,Industrial Degreaser 2L,216,3.64,2025-01-02,2025-01-11,2025-01-13,ROAD,769.18
PO-000926,EuroFast GmbH,SUP-002,PRD-00047,Industrial Degreaser 2L,240,3.73,2025-02-28,2025-03-08,2025-03-07,ROAD,854.64
PO-000927,EUROFAST,SUP-002,PRD-00047,Industrial Degreaser 2L,288,3.61,2025-05-01,2025-05-09,2025-05-10,ROAD,1025.57
PO-000928,EuroFast GmbH,SUP-002,PRD-00047,Industrial Degreaser 2L,288,3.54,2025-06-25,2025-07-04,2025-07-07,ROAD,1025.57
PO-000929,Euro Fast GmbH,SUP-002,PRD-00047,Industrial Degreaser 2L,288,3.65,2025-08-24,2025-09-01,2025-09-03,ROAD,1025.57
PO-000930,EuroFast GmbH,SUP-002,PRD-00047,Industrial Degreaser 2L,312,3.8,2025-10-27,2025-11-03,2025-11-06,ROAD,1111.03
PO-000931,EuroFast GmbH,SUP-002,PRD-00047,Industrial Degreaser 2L,432,3.56,2025-12-24,2026-01-01,2025-12-31,ROAD,1538.35
PO-000932,LocalPack Ltd,SUP-008,PRD-00048,Antibacterial Surface Spray 1L,288,4.84,2024-01-16,2024-01-18,2024-01-21,ROAD,355.68
PO-000933,LocalPack Ltd,SUP-008,PRD-00048,Antibacterial Surface Spray 1L,384,4.93,2024-03-01,2024-03-03,2024-03-04,ROAD,474.24
PO-000934,LocalPack Ltd,SUP-008,PRD-00048,Antibacterial Surface Spray 1L,384,4.87,2024-04-17,2024-04-20,2024-04-23,ROAD,474.24
PO-000935,LocalPack Ltd,SUP-008,PRD-00048,Antibacterial Surface Spray 1L,432,5.09,2024-06-06,2024-06-09,2024-06-09,ROAD,533.52
PO-000936,LocalPack Ltd,SUP-008,PRD-00048,Antibacterial Surface Spray 1L,432,4.84,2024-07-20,2024-07-23,2024-07-26,ROAD,533.52
PO-000937,LocalPack Ltd,SUP-008,PRD-00048,Antibacterial Surface Spray 1L,432,4.92,2024-08-29,2024-09-01,2024-09-01,ROAD,533.52
PO-000938,LocalPack Ltd,SUP-008,PRD-00048,Antibacterial Surface Spray 1L,432,4.98,2024-10-18,2024-10-21,2024-10-21,ROAD,533.52
PO-000939,LocalPack Ltd,SUP-008,PRD-00048,Antibacterial Surface Spray 1L,624,5.0,2024-12-01,2024-12-04,2024-12-05,ROAD,770.64
PO-000940,LocalPack Ltd,SUP-008,PRD-00048,Antibacterial Surface Spray 1L,288,5.02,2025-01-11,2025-01-14,2025-01-14,ROAD,355.68
PO-000941,LocalPack Ltd,SUP-008,PRD-00048,Antibacterial Surface Spray 1L,384,4.82,2025-03-01,2025-03-03,2025-03-04,ROAD,474.24
PO-000942,LocalPack Ltd,SUP-008,PRD-00048,Antibacterial Surface Spray 1L,384,4.78,2025-04-13,2025-04-16,2025-04-15,ROAD,474.24
PO-000943,LocalPack Ltd,SUP-008,PRD-00048,Antibacterial Surface Spray 1L,384,4.86,2025-05-30,2025-06-01,2025-06-03,ROAD,474.24
PO-000944,LocalPack Ltd,SUP-008,PRD-00048,Antibacterial Surface Spray 1L,432,4.78,2025-07-11,2025-07-15,2025-07-17,ROAD,533.52
PO-000945,LOCALPACK,SUP-008,PRD-00048,Antibacterial Surface Spray 1L,432,4.89,2025-08-21,2025-08-23,2025-08-25,ROAD,533.52
PO-000946,LocalPack Ltd,SUP-008,PRD-00048,Antibacterial Surface Spray 1L,432,4.96,2025-10-10,2025-10-12,2025-10-13,ROAD,533.52
PO-000947,LocalPack Ltd,SUP-008,PRD-00048,Antibacterial Surface Spray 1L,528,4.89,2025-11-25,2025-11-27,2025-11-26,ROAD,652.08
PO-000948,LocalPack Ltd,SUP-008,PRD-00049,Laundry Detergent 2.5kg,192,10.56,2024-01-20,2024-01-22,2024-01-24,ROAD,614.02
PO-000949,LocalPack Ltd,SUP-008,PRD-00049,Laundry Detergent 2.5kg,192,10.79,2024-02-14,2024-02-16,2024-02-18,ROAD,614.02
PO-000950,LocalPack Ltd,SUP-008,PRD-00049,Laundry Detergent 2.5kg,192,10.66,2024-03-16,2024-03-18,2024-03-21,ROAD,614.02
PO-000951,LocalPack Ltd,SUP-008,PRD-00049,Laundry Detergent 2.5kg,192,10.64,2024-04-11,2024-04-14,2024-04-15,ROAD,614.02
PO-000952,LocalPack Ltd,SUP-008,PRD-00049,Laundry Detergent 2.5kg,240,10.7,2024-05-10,2024-05-13,2024-05-15,ROAD,767.52
PO-000953,LocalPack Ltd,SUP-008,PRD-00049,Laundry Detergent 2.5kg,240,10.55,2024-06-12,2024-06-15,2024-06-15,ROAD,767.52
PO-000954,LocalPack Ltd,SUP-008,PRD-00049,Laundry Detergent 2.5kg,240,10.41,2024-07-09,2024-07-11,2024-07-11,ROAD,767.52
PO-000955,LocalPack Ltd,SUP-008,PRD-00049,Laundry Detergent 2.5kg,240,10.41,2024-08-05,2024-08-09,2024-08-10,ROAD,767.52
PO-000956,LocalPack Ltd,SUP-008,PRD-00049,Laundry Detergent 2.5kg,240,10.62,2024-09-05,2024-09-09,2024-09-08,ROAD,767.52
PO-000957,LocalPack Ltd,SUP-008,PRD-00049,Laundry Detergent 2.5kg,240,10.71,2024-10-04,2024-10-08,2024-10-09,ROAD,767.52
PO-000958,LocalPack Ltd,SUP-008,PRD-00049,Laundry Detergent 2.5kg,240,10.79,2024-10-31,2024-11-03,2024-11-02,ROAD,767.52
PO-000959,LocalPack Ltd,SUP-008,PRD-00049,Laundry Detergent 2.5kg,288,10.94,2024-11-25,2024-11-29,2024-11-30,ROAD,921.02
PO-000960,LOCALPACK,SUP-008,PRD-00049,Laundry Detergent 2.5kg,336,11.07,2024-12-21,2024-12-23,2024-12-24,ROAD,1074.53
PO-000961,LocalPack Ltd,SUP-008,PRD-00049,Laundry Detergent 2.5kg,192,10.97,2025-01-17,2025-01-19,2025-01-20,ROAD,614.02
PO-000962,LocalPack Ltd,SUP-008,PRD-00049,Laundry Detergent 2.5kg,192,10.59,2025-02-16,2025-02-19,2025-02-20,ROAD,614.02
PO-000963,LocalPack Ltd,SUP-008,PRD-00049,Laundry Detergent 2.5kg,192,10.76,2025-03-23,2025-03-25,2025-03-28,ROAD,614.02
PO-000964,LocalPack Ltd,SUP-008,PRD-00049,Laundry Detergent 2.5kg,192,10.74,2025-04-20,2025-04-24,2025-04-24,ROAD,614.02
PO-000965,LocalPack Ltd,SUP-008,PRD-00049,Laundry Detergent 2.5kg,240,10.23,2025-05-18,2025-05-21,2025-05-22,ROAD,767.52
PO-000966,LocalPack Ltd,SUP-008,PRD-00049,Laundry Detergent 2.5kg,240,10.57,2025-06-17,2025-06-20,2025-06-19,ROAD,767.52
PO-000967,LocalPack Ltd,SUP-008,PRD-00049,Laundry Detergent 2.5kg,240,10.78,2025-07-14,2025-07-16,2025-07-16,ROAD,767.52
PO-000968,LocalPack Ltd,SUP-008,PRD-98159,Laundry Detergent 2.5kg,240,10.59,2025-08-16,2025-08-20,2025-08-23,ROAD,767.52
PO-000969,LocalPack Ltd,SUP-008,PRD-00049,Laundry Detergent 2.5kg,240,10.37,2025-09-17,2025-09-20,2025-09-20,ROAD,767.52
PO-000970,LocalPack Ltd,SUP-008,PRD-00049,Laundry Detergent 2.5kg,240,10.45,2025-10-16,2025-10-18,2025-10-19,ROAD,767.52
PO-000971,LocalPack Ltd,SUP-008,PRD-00049,Laundry Detergent 2.5kg,288,10.95,2025-11-13,2025-11-15,2025-11-15,ROAD,921.02
PO-000972,LocalPack Ltd,SUP-008,PRD-00049,Laundry Detergent 2.5kg,336,10.4,2025-12-17,2025-12-19,2025-12-22,ROAD,1074.53
PO-000973,BritGoods Ltd,SUP-001,PRD-00050,Fabric Softener 1.5L,168,9.9,2024-01-22,2024-01-25,2024-01-28,ROAD,566.5
PO-000974,BritGoods Ltd,SUP-001,PRD-00050,Fabric Softener 1.5L,180,9.57,2024-02-24,2024-02-27,2024-02-28,ROAD,606.96
PO-000975,BritGoods Ltd,SUP-001,PRD-00050,Fabric Softener 1.5L,204,10.18,2024-03-23,2024-03-26,2024-03-26,ROAD,687.89
PO-000976,BritGoods Ltd,SUP-001,PRD-00050,Fabric Softener 1.5L,216,10.21,2024-04-26,2024-05-01,2024-05-04,ROAD,728.35
PO-000977,BritGoods Ltd,SUP-001,PRD-00050,Fabric Softener 1.5L,228,10.01,2024-05-22,2024-05-27,2024-05-28,ROAD,768.82
PO-000978,BritGoods Ltd,SUP-001,PRD-00050,Fabric Softener 1.5L,240,10.07,2024-06-17,2024-06-20,2024-06-20,ROAD,809.28
PO-000979,BritGoods Ltd,SUP-001,PRD-00050,Fabric Softener 1.5L,252,10.0,2024-07-19,2024-07-23,2024-07-23,ROAD,849.74
PO-000980,BritGoods Ltd,SUP-001,PRD-00050,Fabric Softener 1.5L,240,10.12,2024-08-17,2024-08-23,2024-08-24,ROAD,809.28
PO-000981,BritGoods Ltd,SUP-001,PRD-00050,Fabric Softener 1.5L,228,9.82,2024-09-19,2024-09-25,2024-09-27,ROAD,768.82
PO-000982,BritGoods Ltd,SUP-001,PRD-00050,Fabric Softener 1.5L,252,9.98,2024-10-21,2024-10-24,2024-10-25,ROAD,849.74
PO-000983,BritGoods Ltd,SUP-001,PRD-00050,Fabric Softener 1.5L,306,10.01,2024-11-19,2024-11-24,2024-11-27,ROAD,1031.83
PO-000984,BritGoods Ltd,SUP-001,PRD-00050,Fabric Softener 1.5L,336,10.34,2024-12-20,2024-12-24,2024-12-26,ROAD,1132.99
PO-000985,BritGoods Ltd,SUP-001,PRD-00050,Fabric Softener 1.5L,168,9.84,2025-01-18,2025-01-22,2025-01-25,ROAD,566.5
PO-000986,BritGoods Ltd,SUP-001,PRD-00050,Fabric Softener 1.5L,180,10.25,2025-02-19,2025-02-23,2025-02-23,,606.96
PO-000987,BritGoods Ltd,SUP-001,PRD-00050,Fabric Softener 1.5L,204,9.96,2025-03-22,2025-03-26,2025-03-28,ROAD,687.89
PO-000988,BritGoods Ltd,SUP-001,PRD-00050,Fabric Softener 1.5L,216,10.19,2025-04-25,2025-04-28,2025-04-29,ROAD,728.35
PO-000989,BritGoods Ltd,SUP-001,PRD-00050,Fabric Softener 1.5L,228,10.39,2025-05-30,2025-06-03,2025-06-02,,768.82
PO-000990,BritGoods Ltd,SUP-001,PRD-00050,Fabric Softener 1.5L,240,10.34,2025-06-25,2025-06-30,2025-06-30,ROAD,809.28
PO-000991,BritGoods Ltd,SUP-001,PRD-91129,Fabric Softener 1.5L,252,9.91,2025-07-21,2025-07-24,2025-07-25,ROAD,849.74
PO-000992,BritGoods Ltd,SUP-001,PRD-00050,Fabric Softener 1.5L,240,10.28,2025-08-19,2025-08-23,2025-08-24,ROAD,809.28
PO-000993,BritGoods Ltd,SUP-001,PRD-00050,Fabric Softener 1.5L,228,9.97,2025-09-22,2025-09-27,2025-09-29,ROAD,768.82
PO-000994,BritGoods Ltd,SUP-001,PRD-00050,Fabric Softener 1.5L,252,10.17,2025-10-25,2025-10-29,2025-10-30,ROAD,849.74
PO-000995,BritGoods Ltd,SUP-001,PRD-00050,Fabric Softener 1.5L,306,9.74,2025-11-22,2025-11-25,2025-11-28,ROAD,1031.83
PO-000996,BritGoods Ltd,SUP-001,PRD-00050,Fabric Softener 1.5L,336,9.79,2025-12-26,2025-12-29,2025-12-29,ROAD,1132.99
